path,label,width,height,mode,sha256,dhash,duplicate_group,split,feat_defect_fraction,feat_centroid_x,feat_centroid_y,feat_radial_mean,feat_radial_std,feat_core_density,feat_middle_density,feat_edge_density,feat_left_density,feat_right_density,feat_top_density,feat_bottom_density,feat_anisotropy,feat_orientation_sin,feat_orientation_cos,feat_angular_entropy,feat_radial_entropy
Center/641447.jpg,Center,32,32,RGB,17fbe6020132c15b7620a7df17f7b7c3492cbe6cd3eec11f3f33ff9a0bfcb679,0f5b4f169f5f2707,dup_0000,train,0.9648058252427184,-0.0029620612700344906,-0.004098194359910723,0.6853426243630597,0.24341063961456008,1.0,1.0,0.9352678571428571,0.9660194174757282,0.9635922330097088,0.970873786407767,0.9587378640776699,0.017229494620476907,0.9668466023725173,-0.2553578811799619,0.9989408212453359,0.8940917128844063
Center/642989.jpg,Center,32,32,RGB,134eb31eb0b6914beda5142e56d5f56b68e89d6b491a134764863b0a443b4bee,0f092fec0d332f0f,dup_0001,train,0.9733009708737864,0.0008044405116241669,-0.007963961065079258,0.6880459628435348,0.24405560151129177,1.0,1.0,0.9508928571428571,0.9733009708737864,0.9733009708737864,0.9878640776699029,0.9587378640776699,0.0019452430251068265,0.8534586245488262,0.521160604980102,0.9991235437139776,0.8924044791784236
Center/646177.jpg,Center,32,32,RGB,7e56f89e4dedd384e3cbfaee8f9fafb530652baf642a0b5022fcbbde5884584e,1f1d45ce0a793b07,dup_0002,train,0.9854368932038835,0.00436993484824408,-0.005800095344033098,0.6919107697056474,0.24502099886547787,1.0,1.0,0.9732142857142857,0.9805825242718447,0.9902912621359223,0.9927184466019418,0.9781553398058253,0.013946647577432327,0.9455264186796317,-0.3255453756066422,0.9993124931577116,0.8898782588421328
Center/648236.jpg,Center,32,32,RGB,2e168cd8f938768c9dfdc8af26aa65916813f34233c56db538638966b30f7ff9,0f3b49ac4d5d1d07,dup_0003,train,0.9635922330097088,-0.005037783375314857,-0.004469001381327716,0.6851221564530809,0.2434775559369245,1.0,1.0,0.9330357142857143,0.970873786407767,0.9563106796116505,0.9733009708737864,0.9538834951456311,0.016735138702189883,0.9904201851679353,-0.13808641067068356,0.9985687408444364,0.8943269220978565
Center/651816.jpg,Center,32,32,RGB,0604566fcdc20a5f201426ffec2bbaa9768ed736cef0ad5aafbbdcc40584757c,0f2b4b4a8f2b270f,dup_0004,train,0.970873786407767,0.003306451612903225,0.010161290322580676,0.6879612707759692,0.244710169849171,1.0,1.0,0.9464285714285714,0.9660194174757282,0.9757281553398058,0.9611650485436893,0.9805825242718447,0.01196142766552492,0.9874240583389429,0.15809405116402073,0.9990384994112316,0.892893666852217
Center/655870.jpg,Center,32,32,RGB,7e71794d6d24f4c6925ce40ff68358ff7196985f5e11962e0f31f73b94030c97,0f2f774e4f35330f,dup_0005,train,0.9745145631067961,0.0027718635761057324,0.00036154742297030265,0.6886589424216122,0.2444550927197004,1.0,1.0,0.953125,0.970873786407767,0.9781553398058253,0.9733009708737864,0.9757281553398058,0.019333277078704258,-0.9513848786623553,-0.3080045659606615,0.9991602621747852,0.892157811307043
Center/659673.jpg,Center,32,32,RGB,9c0e8c8a113dfb5ce4c376dbf0546c8c11c752f734df3886f5479844f9e08725,0723110a0a4b0b0f,dup_0006,train,0.9587378640776699,0.008329930583911797,-0.0011433238056349924,0.6841534112807083,0.2438647909824107,1.0,1.0,0.9241071428571429,0.9490291262135923,0.9684466019417476,0.9635922330097088,0.9538834951456311,0.020152309725894973,-0.5498864929398768,0.8352393937562349,0.9991619572214371,0.8952525441444097
Center/678673.jpg,Center,32,32,RGB,80ddd56ddf7858a12d60e67b07a5df9eac11038791db7f8353629aa6451c75bf,07131b8acc644b0f,dup_0007,train,0.9696601941747572,0.008034236343816866,-0.0006055957043078225,0.6869764949769155,0.24389464099962008,1.0,1.0,0.9441964285714286,0.9611650485436893,0.9781553398058253,0.9660194174757282,0.9733009708737864,0.02181833324234232,0.8278634601947285,-0.5609296669587118,0.9990676089342312,0.893136155863885
Center/679609.jpg,Center,32,32,RGB,d80dae3757ba13149b665a547a1729b5ee52392265720bda0f81510d59179fd7,0f3b4f8e1e0d370f,dup_0008,train,0.9757281553398058,0.008425613866153104,-0.0025678061306371345,0.688861656714723,0.24430961443941124,1.0,1.0,0.9553571428571429,0.9660194174757282,0.9854368932038835,0.9781553398058253,0.9733009708737864,0.005299965612561697,-0.9118871141132848,-0.41044109335463114,0.9992913073229764,0.8919097810066157
Center/680688.jpg,Center,32,32,RGB,7e85f64953ec7483a6c7534005eed84353a8f75e04f5d8a0ae9349aac7950a05,0f17178e8e490b0f,dup_0009,train,0.9793689320388349,-0.003957309029859698,0.0015589399208538104,0.6900467018048326,0.24462235893904924,1.0,1.0,0.9620535714285714,0.9854368932038835,0.9733009708737864,0.9830097087378641,0.9757281553398058,0.012118819856216946,0.7360005481123656,-0.6769809400406317,0.9989610743408878,0.8911576647414863
Center/682743.jpg,Center,32,32,RGB,1943198242d119a672a5a5d772c806c4dd2d8e17e80e91ed27983326cc6bdb8f,170f0d8e0d470307,dup_0010,test,0.9635922330097088,-0.003331437393353379,-0.002681400828796651,0.6853381780203525,0.24379520722644227,1.0,1.0,0.9330357142857143,0.970873786407767,0.9563106796116505,0.9635922330097088,0.9635922330097088,0.027701128758935198,-0.8900150466365068,-0.45593115353155755,0.9992535715296041,0.8943269220978565
Center/683806.jpg,Center,32,32,RGB,a26b80add49a927f9fe3e3bbad37b1753ed6c6413c56397ae0f3faf53b4e1bc3,07070587870f070f,dup_0011,train,0.9842233009708737,0.0036195855375681114,0.00043753231772800154,0.6915204401425521,0.24491786591859757,1.0,1.0,0.9709821428571429,0.9805825242718447,0.9878640776699029,0.9854368932038835,0.9830097087378641,0.015437672127030748,0.9284060710920115,0.3715671771826664,0.9989346895488195,0.8901366614363251
Center/686597.jpg,Center,32,32,RGB,fc8d9b6be2ee68dfe2b35342d357f120c840be0f7d83a00690927e20b6775db4,0713538dad232b0f,dup_0012,train,1.0,-2.694716079187273e-18,-3.4492365813597093e-17,0.6965318261616176,0.24619890532852726,1.0,1.0,1.0,1.0,1.0,1.0,1.0,1.0171152829673967e-16,-0.024264698273398347,-0.9997055688640035,0.9991836108525999,0.8866850746975368
Center/687416.jpg,Center,32,32,RGB,c29ddfc973d3e1293b04b7ebaa149c07aa105558559714821525140b8b998892,17071788ca632b0f,dup_0013,test,1.0,-2.694716079187273e-18,-3.4492365813597093e-17,0.6965318261616176,0.24619890532852726,1.0,1.0,1.0,1.0,1.0,1.0,1.0,1.0171152829673967e-16,-0.024264698273398347,-0.9997055688640035,0.9991836108525999,0.8866850746975368
Center/691371.jpg,Center,32,32,RGB,8187302a409df9b5ab70f8759bc170f352f17303dc056f1de25b08c3f0b1002f,0f1b4d0c580b1b0f,dup_0014,train,0.9745145631067961,0.0014863616277668397,-0.008556622343630709,0.6883807260079632,0.24409340841161836,1.0,1.0,0.953125,0.970873786407767,0.9781553398058253,0.9878640776699029,0.9611650485436893,0.02145429729755537,0.9962776912520243,-0.08620186722766607,0.9986033723287967,0.892157811307043
Center/692645.jpg,Center,32,32,RGB,c1fef202a026ee9cd4b8811cac64a43676036d561fbcb868a6e8a720e841efcb,0f13652c0931130f,dup_0015,train,0.9963592233009708,0.002946839024006912,0.0011394444226159749,0.6953409186713653,0.2458570002067507,1.0,1.0,0.9933035714285714,0.9927184466019418,1.0,0.9951456310679612,0.9975728155339806,0.003280364050201749,-0.795079483821548,-0.6065052468083526,0.9992065837008582,0.8874987672817549
Center/696055.jpg,Center,32,32,RGB,aea90c14a13d1179a4d0967f39e51607c8a1406749a523e17abd5f64ead40309,1f1739cb8c1f130f,dup_0016,train,0.9733009708737864,0.0111817231115759,0.003619982302308748,0.6880646737370193,0.24408791014667602,1.0,1.0,0.9508928571428571,0.9587378640776699,0.9878640776699029,0.9684466019417476,0.9781553398058253,0.002589363454179456,-0.9651592809194133,-0.26166307048401216,0.999119661954921,0.8924044791784236
Center/712477.jpg,Center,32,32,RGB,f1a92b56d5e2beee0a8ae794ff5abf7700879549636e0a9ca7578b761c8b036b,173b0d8ccc51270f,dup_0017,train,0.9587378640776699,0.006288280930992242,-0.01151490404246631,0.6842551334331518,0.24396826567614732,1.0,1.0,0.9241071428571429,0.9441747572815534,0.9733009708737864,0.9733009708737864,0.9441747572815534,0.008724883535389577,0.9735328087466267,0.2285473042805448,0.9986864316217096,0.8952525441444097
Center/713551.jpg,Center,32,32,RGB,4cbd964bb6356d9ef96dc578eebd84a480d280df41b885e1a2fbfea31ad4e887,1f371f8e44571b0f,dup_0018,train,0.962378640776699,-0.0021559614367652434,-0.013871374527112196,0.6847710714555958,0.24347910171475023,1.0,1.0,0.9308035714285714,0.9611650485436893,0.9635922330097088,0.9805825242718447,0.9441747572815534,0.013502836090858611,-0.25391873469363696,0.9672255559959023,0.9992649548982715,0.8945606265817801
Center/720828.jpg,Center,32,32,RGB,ba2de96c6400d4691e3b042ec9cac1cffdbd35d9a3a4ba613ac9e9739e58002e,0717634f4c1d1f0f,dup_0019,test,1.0,-2.694716079187273e-18,-3.4492365813597093e-17,0.6965318261616176,0.24619890532852726,1.0,1.0,1.0,1.0,1.0,1.0,1.0,1.0171152829673967e-16,-0.024264698273398347,-0.9997055688640035,0.9991836108525999,0.8866850746975368
Center/723088.jpg,Center,32,32,RGB,824afe7a98d6d25f73bdde9b522e14b4caba061558a2ff841df1c8c215d115be,0f0d8d8d4c49250f,dup_0020,train,0.9672330097087378,-0.008297243696118508,0.00619257700246901,0.6859737859060724,0.2434225817677477,1.0,1.0,0.9397321428571429,0.9757281553398058,0.9587378640776699,0.9587378640776699,0.9757281553398058,0.013099447529185595,-0.7096095735543528,0.7045950987056393,0.9992282012977322,0.8936168460393795
Center/724684.jpg,Center,32,32,RGB,e9ac9750840275e5c1d42b391f7215edd0b169204bb89b344d3f07377010ec3f,0f2be68c0c4b0f1f,dup_0021,val,0.9781553398058253,0.00192107580244937,0.001360762026734933,0.6896860609670511,0.24456565685201376,1.0,1.0,0.9598214285714286,0.9757281553398058,0.9805825242718447,0.9757281553398058,0.9805825242718447,0.010605736088249076,0.9047743361883547,-0.42589130136094827,0.9991087420253508,0.8914096929572992
Center/727923.jpg,Center,32,32,RGB,aa88b421d1baee255f59b4f2cf5fd0330f1861d5e8e731afbda17bffcb7873cd,0f2b5b4c4d4b0307,dup_0022,train,1.0,-2.694716079187273e-18,-3.4492365813597093e-17,0.6965318261616176,0.24619890532852726,1.0,1.0,1.0,1.0,1.0,1.0,1.0,1.0171152829673967e-16,-0.024264698273398347,-0.9997055688640035,0.9991836108525999,0.8866850746975368
Center/732235.jpg,Center,32,32,RGB,a048523b3d10e4b42de5f277643aa0e2f10ce69378b1de1808bc4cd9b76330d5,1f2f07070f17370f,dup_0023,train,0.9769417475728155,-0.008294930875576038,0.002684832698857974,0.6895836781867415,0.24479240227946364,1.0,1.0,0.9575892857142857,0.9902912621359223,0.9635922330097088,0.9733009708737864,0.9805825242718447,0.006349932221722683,0.8975348592798887,-0.44094350701357454,0.9990237570390191,0.8916604032756271
Center/740416.jpg,Center,32,32,RGB,a05f0abbd126d82886bd12b3570b9c15ce38deec32cbe925925343747d2258c8,0f072d0c881b2b0f,dup_0024,train,1.0,-2.694716079187273e-18,-3.4492365813597093e-17,0.6965318261616176,0.24619890532852726,1.0,1.0,1.0,1.0,1.0,1.0,1.0,1.0171152829673967e-16,-0.024264698273398347,-0.9997055688640035,0.9991836108525999,0.8866850746975368
Center/755691.jpg,Center,32,32,RGB,2739b1004a476ab04ecfb3ae956cb55f550813451940decf59b90b6a296ce7d1,0f0f6bcecc0d170f,dup_0025,train,0.9817961165048543,0.013118545396546912,-0.000917101957813319,0.6913002089116607,0.24538786181912234,1.0,1.0,0.9665178571428571,0.9635922330097088,1.0,0.9830097087378641,0.9805825242718447,0.006834494057945028,-0.1215025139552569,-0.9925911238282119,0.9990142779331026,0.8906497126211487
Center/757377.jpg,Center,32,32,RGB,e6a62fcd70d58d5db3e96fa8687e98646071c576474ae2fc1db64abd34640250,171755c9ca533317,dup_0026,test,0.9842233009708737,-0.009188178672288294,0.0028240722326081154,0.6918175825779054,0.2452938330041676,1.0,1.0,0.9709821428571429,0.9951456310679612,0.9733009708737864,0.9830097087378641,0.9854368932038835,0.01647262010499553,0.8366956464164051,-0.5476681433750131,0.9990472095407484,0.8901366614363251
Center/758049.jpg,Center,32,32,RGB,9507db0182e55683727e3cbbc5f1df28c31a3003b88938261815ccaa7a86507b,1f1b678e4e2d1b07,dup_0027,val,0.9866504854368932,-0.0005158116097290028,3.967781613299891e-05,0.6923657326630577,0.2452094579431963,1.0,1.0,0.9754464285714286,0.9878640776699029,0.9854368932038835,0.9878640776699029,0.9854368932038835,0.01469185528641681,-0.9950370328836982,-0.0995052922713475,0.9990849562901368,0.8896186233714698
Center/759637.jpg,Center,32,32,RGB,608ec1cc52f49c4de27073d94c57b3a0417690e52e22178a639bbe0127d0c422,0727710c0c69370f,dup_0028,test,0.9939320388349514,0.0031115837567450453,0.001221001221001221,0.6947737365898837,0.2459138834785273,1.0,1.0,0.9888392857142857,0.9902912621359223,0.9975728155339806,0.9902912621359223,0.9975728155339806,0.0022184756524956826,-0.565130587466163,-0.8250014661260606,0.9989777464440112,0.8880356758448034
Center/760560.jpg,Center,32,32,RGB,3e4078bcf9a87e1ae7ba4c80ccc95e0c1bb6989ff9ebf0a3bcaaad91ba2d0b2e,0713274e4d6b130f,dup_0029,val,0.9987864077669902,-0.0005879355622623749,-0.0010582840120722814,0.696167525459546,0.24612637762773015,1.0,1.0,0.9977678571428571,1.0,0.9975728155339806,1.0,0.9975728155339806,0.0022150115806227103,-0.8490566037735767,0.528301886792466,0.999213368733367,0.8869573996027482
Center/760845.jpg,Center,32,32,RGB,57463e7de0fa0a71b4a0fa7fa4efcd661eaf28d3699c0622e1d442f3d1db20d9,0f2b238a0c05270f,dup_0030,test,0.991504854368932,0.007699293244363724,-0.00114502309787977,0.6940412158708213,0.24576557576101676,1.0,1.0,0.984375,0.9830097087378641,1.0,0.9927184466019418,0.9902912621359223,0.010849846579881526,0.30490130253029346,-0.9523839539362948,0.9991501592753463,0.8885680239869138
Center/761305.jpg,Center,32,32,RGB,4bcef0ca6f9ab67a0307172766630519886e8a0ba822b69379f2d5b3188022e8,0f271b8ece4f1b0f,dup_0031,test,0.9878640776699029,0.005151779345327735,-0.0032495838947452322,0.6927025308117214,0.24524759046082703,1.0,1.0,0.9776785714285714,0.9805825242718447,0.9951456310679612,0.9951456310679612,0.9805825242718447,0.005312883298103789,0.6765472466618735,-0.7363992280239287,0.9992423103664149,0.8893577686913662
Center/761994.jpg,Center,32,32,RGB,1c69225603a2d89c126a65d2e94b26e5bf584b57a6b15e56fc1abcec40af5f36,1f2b6b4e9e27271f,dup_0032,train,0.9805825242718447,-0.00766528265729799,0.0010380070265091081,0.6905949372311354,0.24492531730613692,1.0,1.0,0.9642857142857143,0.9902912621359223,0.970873786407767,0.9805825242718447,0.9805825242718447,0.014193041428353871,0.7275202529137467,0.6860862056624649,0.9987815827495482,0.8909043331665394
Center/762126.jpg,Center,32,32,RGB,0192716185ae1cbbddfc4f2dd5cdbdc086da5e3b830381b0a40833966d9da9d7,0733114e0c37170f,dup_0033,train,0.9793689320388349,0.006195786864931848,-0.005796058680097545,0.6902061251711129,0.2448261352241179,1.0,1.0,0.9620535714285714,0.970873786407767,0.9878640776699029,0.9878640776699029,0.970873786407767,0.03142060155197507,0.9983590459478144,0.05726443376276162,0.9987728120391782,0.8911576647414863
Center/762236.jpg,Center,32,32,RGB,328460981cbe61c488bacac9fb62e31264adf1958a03ebb80a0334e53bb64961,0f0701ce8e591b0f,dup_0034,train,0.9854368932038835,0.0063562688701732095,0.009375496583505496,0.6919440520376942,0.2450734508169092,1.0,1.0,0.9732142857142857,0.9757281553398058,0.9951456310679612,0.9733009708737864,0.9975728155339806,0.011040164005291474,-0.9043197632788935,0.4268556732002117,0.9991381162504215,0.8898782588421328
Center/762524.jpg,Center,32,32,RGB,caa38359c948534f1cd25e91e93fa759be42a46bc9b07f249cba64c3a38b0b4b,0f0b290e5a090b1f,dup_0035,val,0.9854368932038835,0.006356268870173207,-0.005800095344033062,0.6919646267689337,0.24509902270804898,1.0,1.0,0.9732142857142857,0.9757281553398058,0.9951456310679612,0.9927184466019418,0.9781553398058253,0.02187110834169028,0.9827896366026101,0.18472826038944248,0.9988519628726213,0.8898782588421328
Center/762821.jpg,Center,32,32,RGB,fbb154476004dbd005200dedc969d24a9d6f6fbd2f5300fb8a62546e40a1a681,0f131d0e0c091b1f,dup_0036,train,0.9866504854368932,0.006308772765147006,0.0010713010355909707,0.692531363989961,0.24540977545024267,1.0,1.0,0.9754464285714286,0.9781553398058253,0.9951456310679612,0.9878640776699029,0.9854368932038835,0.011547915380610821,0.9181406526547031,0.39625464280282663,0.9992687280812962,0.8896186233714698
Center/763662.jpg,Center,32,32,RGB,c09ba48cc8151a4ae39bd589c2aca29d772fa4a8a56440991515723b1c7c428d,1f17032e4b4b1b0f,dup_0037,val,0.9902912621359223,-0.0037160025300442823,0.007273877292852627,0.693456386511871,0.24542098420314343,1.0,1.0,0.9821428571428571,0.9951456310679612,0.9854368932038835,0.9805825242718447,1.0,0.009113046454219415,0.976192101375109,0.21690777121359384,0.9991962301407668,0.8888324556767063
Center/764289.jpg,Center,32,32,RGB,31d1e39cc343f1e8480a56d3da9cf575b9006587c9443ccef204785be7792247,0f174bac8e552f17,dup_0038,train,0.9648058252427184,-0.006289308176100631,0.00807466017447753,0.685462358640581,0.2435466590472906,1.0,1.0,0.9352678571428571,0.9757281553398058,0.9538834951456311,0.9538834951456311,0.9757281553398058,0.01297388560072348,-0.6652023854280311,0.7466631010173579,0.9991286754173566,0.8940917128844063
Center/764324.jpg,Center,32,32,RGB,5d5bf70ce0da4d7f57a4cdad2c4551d9006ad8186e1e314da0234054cc78d46c,0f375dcc0e41230f,dup_0039,train,0.9866504854368932,0.005197793913423004,0.0032932587390390147,0.6922527083373058,0.2450691866172545,1.0,1.0,0.9754464285714286,0.9781553398058253,0.9951456310679612,0.9830097087378641,0.9902912621359223,0.014255025741470721,-0.991191530604488,0.13243620976882584,0.9991879736572563,0.8896186233714698
Center/764340.jpg,Center,32,32,RGB,5ae919fececcdcb0caa89b4db2d3551ee01da72784357fb89b5b4b94fd9abdfa,0f0b458c8e0d0f0f,dup_0040,train,0.9902912621359223,0.00197659709044908,-0.0003953194180898402,0.6934467464386506,0.24540665384647126,1.0,1.0,0.9821428571428571,0.9878640776699029,0.9927184466019418,0.9902912621359223,0.9902912621359223,0.015336279002796476,0.8078942983508951,-0.5893274155273238,0.9993253723705244,0.8888324556767063
Center/764377.jpg,Center,32,32,RGB,0c690306ad266e02bd2d02d3d4cfa5d2f1f81dfcded8d4650a0e5cb1d0a07b90,17134d8ccc19270f,dup_0041,train,0.970873786407767,0.003629032258064514,0.0020161290322580783,0.6872195109990438,0.24381612990258503,1.0,1.0,0.9464285714285714,0.970873786407767,0.970873786407767,0.970873786407767,0.970873786407767,0.004105922943848891,-0.9266369103980173,-0.37595749266109424,0.9991223421907264,0.892893666852217
Center/764434.jpg,Center,32,32,RGB,094fd938291bfe377512569ae653e0c1a05c3528f438bada8e671c477a2e3067,0f37118eec672b0f,dup_0042,train,0.9902912621359223,0.0026881720430107516,0.005534471853257414,0.6934816930985707,0.245453396341655,1.0,1.0,0.9821428571428571,0.9854368932038835,0.9951456310679612,0.9830097087378641,0.9975728155339806,0.001921909537012105,-0.9997467520415512,0.02250403924563742,0.9992140297189843,0.8888324556767063
Center/764463.jpg,Center,32,32,RGB,d2dc31a6ec6680320f31418844bf771f9002dcf83f51a364f3dc6ab2559877e0,1f1b498c2c632b0f,dup_0043,test,0.9696601941747572,-0.008760951188986232,-0.008195728531632298,0.6869613214767969,0.24387330071468277,1.0,1.0,0.9441964285714286,0.9854368932038835,0.9538834951456311,0.9805825242718447,0.9587378640776699,0.017456994511142743,-0.9914837508527629,-0.13023045647979778,0.9990103269489308,0.893136155863885
Center/764493.jpg,Center,32,32,RGB,991722978e17cea5699bd376cb85eb997f2b781a106f670672adce566acee17c,0f3b59eece55331f,dup_0044,train,0.9587378640776699,-0.003593303389138422,-0.008738260514495753,0.6836069182525241,0.24321434077587706,1.0,1.0,0.9241071428571429,0.9660194174757282,0.9514563106796117,0.970873786407767,0.9466019417475728,0.004858115340320062,0.7295297215870425,-0.6839491101837418,0.9987846645963377,0.8952525441444097
Center/764507.jpg,Center,32,32,RGB,91c59622680d550e005df191a32f50686bac333e205f9a0d9bae396fb1af6b30,0f0b4d8ccc551b0f,dup_0045,train,0.9684466019417476,-0.00468914221036462,-0.002506265664160401,0.6865394984881841,0.24372614769522596,1.0,1.0,0.9419642857142857,0.9757281553398058,0.9611650485436893,0.9733009708737864,0.9635922330097088,0.013790048272081658,0.7494053773981734,-0.662111456121023,0.9986955430602986,0.8933772208610211
Center/764522.jpg,Center,32,32,RGB,26a72c18f271ad32d29f8ae7c4685ad12b4f95a05cae30ed874b987570fe0f88,0f0703cc8c65230f,dup_0046,train,0.9684466019417476,-0.008084727948904517,-0.0006467782359124144,0.6866516005822413,0.24388111740618018,1.0,1.0,0.9419642857142857,0.9805825242718447,0.9563106796116505,0.9684466019417476,0.9684466019417476,0.009673094040343524,-0.8318403253333252,-0.555015020652007,0.9988821121272391,0.8933772208610211
Center/764536.jpg,Center,32,32,RGB,30a619c3959b8882a3d8fd7884d460ffa37557b2ff06dbca12a1c87b1c55e48d,0f236dcccd231b1f,dup_0047,train,0.9720873786407767,0.004550763158954531,-0.0029398735451653404,0.6878523714976899,0.2442131632679754,1.0,1.0,0.9486607142857143,0.9660194174757282,0.9781553398058253,0.9757281553398058,0.9684466019417476,0.01716850381696799,0.4196479355523213,0.9076869560518509,0.9989863620842273,0.8926497694650855
Center/764611.jpg,Center,32,32,RGB,c6df8b40ae747a56be6c2de6eaaa6914f1aec54e4b9a728b2792a373e95ab324,0f272dae862b0b0f,dup_0048,val,0.9854368932038835,0.005720641983155884,-0.00031781344350865137,0.6918795970162803,0.2449834975521789,1.0,1.0,0.9732142857142857,0.9805825242718447,0.9902912621359223,0.9854368932038835,0.9854368932038835,0.006369479332778597,-0.9939304947614288,0.11000987039034851,0.9993279234294894,0.8898782588421328
Center/764683.jpg,Center,32,32,RGB,5660fb785e8583301f3e4b70e50c6ba3488689462250170da1bb00da60b75501,1f170f0e8d090f0f,dup_0049,test,0.9890776699029126,0.0038393033841282414,0.004393429645755047,0.6931057953484218,0.2453656851060503,1.0,1.0,0.9799107142857143,0.9854368932038835,0.9927184466019418,0.9805825242718447,0.9975728155339806,0.0047650936073837195,-0.35709676428705023,-0.9340673963562367,0.998858400853068,0.8890957083296698
Center/764727.jpg,Center,32,32,RGB,9e062cdf2ab15904b256b0651b464b4442540a856fe4ece3179fa05a802788d2,0f3321cdec251f0f,dup_0050,train,0.9854368932038835,0.00047672016526298583,0.0065151755919275285,0.6920953386448475,0.24525276557483344,1.0,1.0,0.9732142857142857,0.9830097087378641,0.9878640776699029,0.9805825242718447,0.9902912621359223,0.006192955847598186,-0.09705318447964256,0.9952791966992782,0.9991605736814272,0.8898782588421328
Center/764761.jpg,Center,32,32,RGB,9e6969e733d93c200c8dccc9a5c9a2790f65df75e1c79f86af901b6628f2180d,0f13098d8c151f1f,dup_0051,train,0.9878640776699029,-0.004517714195133549,-0.002298486169453916,0.6926112521167204,0.24513006105007298,1.0,1.0,0.9776785714285714,0.9927184466019418,0.9830097087378641,0.9902912621359223,0.9854368932038835,0.005667494579402766,0.30912711793398073,-0.9510207279327989,0.9991364239633378,0.8893577686913662
Center/764778.jpg,Center,32,32,RGB,d8401aec15f92199c20e7d9d45927341d2445aa326f8620042478ff8d7a01c6d,0f1b218c8c69270f,dup_0052,train,0.9830097087378641,-0.005973715651135011,0.008442851453604147,0.6912191198488924,0.24491660344054528,1.0,1.0,0.96875,0.9927184466019418,0.9733009708737864,0.970873786407767,0.9951456310679612,0.02451548095037957,0.9799498986362459,-0.19924406180062504,0.999164799621952,0.8903938173461527
Center/764805.jpg,Center,32,32,RGB,c8716306ff6ce05a465f89b6942b3759c2f2d9e1ca02cfd64200f148f81531fb,0f2341c98d150f07,dup_0053,train,0.9890776699029126,-0.0028893726499109418,-0.005422521274490422,0.6932766353758874,0.24556983123142692,1.0,1.0,0.9799107142857143,0.9951456310679612,0.9830097087378641,0.9951456310679612,0.9830097087378641,0.016737262639181183,-0.9999945035370179,-0.0033155536118489246,0.9991833293597664,0.8890957083296698
Center/764863.jpg,Center,32,32,RGB,04b6138ea1a34b4389a77b459a381a97689db1a43011c59b42b9c6dedc13c51c,171717ceac73070f,dup_0054,train,0.9963592233009708,-0.0034183332678480206,0.0005107854308278508,0.6953909952705645,0.24592156887429154,1.0,1.0,0.9933035714285714,1.0,0.9927184466019418,0.9951456310679612,0.9975728155339806,0.005246506725340636,0.3360411675397493,-0.9418472985142136,0.9992011600393486,0.8874987672817549
Center/764888.jpg,Center,32,32,RGB,f0a945d3ecc9d1b6797c8fdb89a4358f724654e02bd02564a9e167d95d6a41b8,0f0f658e8c2d2b0f,dup_0055,train,0.9927184466019418,0.00023661172016720757,-0.002050634908115793,0.694252584530017,0.2456474644055903,1.0,1.0,0.9866071428571429,0.9927184466019418,0.9927184466019418,0.9951456310679612,0.9902912621359223,0.007100049108195164,-0.9617891120310353,-0.2737913511755851,0.9990172034092822,0.8883024263804546
Center/765844.jpg,Center,32,32,RGB,1046a66c36a8054e52eb451e48e20ced4cd9b1c46ca5800e36f667c637d64186,0f13410ded0d170f,dup_0056,test,0.991504854368932,0.006514786591384686,0.000513286216290935,0.6939698703268697,0.24567681284874027,1.0,1.0,0.984375,0.9830097087378641,1.0,0.9902912621359223,0.9927184466019418,0.0034065355766920336,-0.48796550073742617,-0.8728629159782612,0.9991086246364115,0.8885680239869138
Center/773253.jpg,Center,32,32,RGB,7d2ba63fb4c9c372e7bec1b39f77648ef4a9d3c759c7f8a01d2fa72e88a99c53,0f27590d0c1b1b07,dup_0057,train,0.9927184466019418,0.00031548229355627387,-0.0024449877750611594,0.6942725392417529,0.24567392320519027,1.0,1.0,0.9866071428571429,0.9927184466019418,0.9927184466019418,0.9975728155339806,0.9878640776699029,0.004517296165744461,0.9144621327168911,-0.4046714813609615,0.999144758074826,0.8883024263804546
Center/774573.jpg,Center,32,32,RGB,bd73d8e1048134f6ced35ec6c3d08c0ffd1e1d2f5a9841ce2c2d3e4bd27a9d2e,0f133b4c0d1b2707,dup_0058,val,1.0,-2.694716079187273e-18,-3.4492365813597093e-17,0.6965318261616176,0.24619890532852726,1.0,1.0,1.0,1.0,1.0,1.0,1.0,1.0171152829673967e-16,-0.024264698273398347,-0.9997055688640035,0.9991836108525999,0.8866850746975368
Center/774858.jpg,Center,32,32,RGB,2e8548680a4feb23c9792408507b9bf72d73406a552479fa67066b3489d45162,0f0b494c2e2b170f,dup_0059,train,1.0,-2.694716079187273e-18,-3.4492365813597093e-17,0.6965318261616176,0.24619890532852726,1.0,1.0,1.0,1.0,1.0,1.0,1.0,1.0171152829673967e-16,-0.024264698273398347,-0.9997055688640035,0.9991836108525999,0.8866850746975368
Center/776169.jpg,Center,32,32,RGB,cd3b88e153fd23058f579e0f9feb61558c171ee5b9772dab24f38a43613cc298,1f1b5b8bcf2b170f,dup_0060,train,0.9878640776699029,-0.007608781802330191,0.004042165332487903,0.6927491720359036,0.24530349198233195,1.0,1.0,0.9776785714285714,0.9975728155339806,0.9781553398058253,0.9781553398058253,0.9975728155339806,0.005675221595387392,0.6407658874637249,-0.767736333296025,0.9992891528079302,0.8893577686913662
Center/792750.jpg,Center,32,32,RGB,f7246613446884e392dae568c2b65996038cb7de860ddc1f6382400bc9afe334,0f13494c0e1d070f,dup_0061,train,0.9502427184466019,0.009351954846949284,0.02237053516252632,0.6819374421819709,0.24385553067535082,1.0,1.0,0.9084821428571429,0.9393203883495146,0.9611650485436893,0.9199029126213593,0.9805825242718447,0.010578021595421417,0.9350163792520498,0.35460452694570455,0.9987533358209459,0.8968111556705833
Center/796683.jpg,Center,32,32,RGB,c17b37bde36184887722e3ace35cb838ec7519765fb98dd24fd2d17c974159bc,0f671b0d0d370f0f,dup_0062,train,0.9842233009708737,-0.008869973350304282,-0.005926574121952266,0.692264549503572,0.24578986828209282,1.0,1.0,0.9709821428571429,0.9951456310679612,0.9733009708737864,0.9927184466019418,0.9757281553398058,0.022526859402854232,-0.9982630611222482,0.05891401190581565,0.999161794336446,0.8901366614363251
Center/805199.jpg,Center,32,32,RGB,d5e7000dfee1d7f47fd048ecf6625e09b67f6286a31dcd60e94563e6b3d06f50,0f072d8eca3b0f0f,dup_0063,val,1.0,-2.694716079187273e-18,-3.4492365813597093e-17,0.6965318261616176,0.24619890532852726,1.0,1.0,1.0,1.0,1.0,1.0,1.0,1.0171152829673967e-16,-0.024264698273398347,-0.9997055688640035,0.9991836108525999,0.8866850746975368
Center/805200.jpg,Center,32,32,RGB,8a8b1b6405c962eb080d624c7faf37aa7c62a912ce4e13e8e6efb934b2bf7d83,1f1b4bcc8b0b2f07,dup_0064,train,0.9890776699029126,-0.00518503859093608,-0.0004353849198496168,0.6930558669442238,0.24529856334193934,1.0,1.0,0.9799107142857143,0.9951456310679612,0.9830097087378641,0.9902912621359223,0.9878640776699029,0.010249834074085964,-0.969284670005705,0.2459415143726892,0.9993031750407194,0.8890957083296698
Center/805458.jpg,Center,32,32,RGB,859ab58438314db613e23687f6c6fb3272f907171c31e280fb5428dd5b23f0b9,0f2727cf884f0b0f,dup_0065,train,0.9866504854368932,0.008451374836329004,0.0012300123001230013,0.6924810632715521,0.24534308761899287,1.0,1.0,0.9754464285714286,0.9733009708737864,1.0,0.9854368932038835,0.9878640776699029,0.0036764414743905146,-0.3678801398909216,0.9298732186023189,0.9991980152369003,0.8896186233714698
Center/805629.jpg,Center,32,32,RGB,d74aef435898e93bb84a70cce8e73a0b8cfd16c942020ffa3fe841c0ec855baf,070d498e0715170f,dup_0066,val,0.9854368932038835,0.007150802478944862,-0.008660416335611031,0.6918739952171695,0.2449783940186893,1.0,1.0,0.9732142857142857,0.9757281553398058,0.9951456310679612,0.9975728155339806,0.9733009708737864,0.02092137948651763,0.9840810682445433,0.17772014833067876,0.9989803565898115,0.8898782588421328
Center/805684.jpg,Center,32,32,RGB,8a83123cd888ae3a5ef23fb75112c2316b7684a29090c4824b92d37412b1c0bf,0727470e8e1d070f,dup_0067,train,0.9951456310679612,-0.0005507474429582974,-0.004012588512981929,0.6949193793509738,0.24570868851345135,1.0,1.0,0.9910714285714286,0.9951456310679612,0.9951456310679612,1.0,0.9902912621359223,0.0029513347376228407,-0.2813506134219256,0.9596050397570378,0.9991583414551196,0.8877677852363122
Center/805774.jpg,Center,32,32,RGB,4221206e1d6265b8bc6454faa325eda90afb0c1c346a7ad10597d6ef0693de3c,0f13038e8f172f0f,dup_0068,train,0.9951456310679612,0.0011014948859166033,0.0026750590086546304,0.6950394598569435,0.24586480286667828,1.0,1.0,0.9910714285714286,0.9927184466019418,0.9975728155339806,0.9927184466019418,0.9975728155339806,0.0024705156223889255,0.5248441697641827,0.8511983302759385,0.9992331885645666,0.8877677852363122
Center/805872.jpg,Center,32,32,RGB,b26ce612a86b8a53d4691a56196fa419f7f17cdfe46158d2ec6ae796b03207d3,170f6dccd95b130f,dup_0069,test,0.9987864077669902,-0.0011366754203739266,0.0004311527456590635,0.6961624600256268,0.2461201566293529,1.0,1.0,0.9977678571428571,1.0,0.9975728155339806,0.9975728155339806,1.0,0.0022336275897766036,0.6632016632016922,-0.7484407484407228,0.999213368733367,0.8869573996027482
Center/805893.jpg,Center,32,32,RGB,5429e02d0e6b5816851699a2765f3d507ff2b11ae555dccdb2497379f4603b65,071717ccac551707,dup_0070,train,0.9854368932038835,0.008580962974733831,-0.0019068806610520134,0.6920489901182806,0.24519543970721638,1.0,1.0,0.9732142857142857,0.970873786407767,1.0,0.9902912621359223,0.9805825242718447,0.012082282313350373,0.8709007649556028,0.49145890733584835,0.9991341943270329,0.8898782588421328
Center/805907.jpg,Center,32,32,RGB,b6a18dc8cfc8a3ab3d9ba1b31a9389d0553da4f536b7c90b1b70adfd971830b9,072313ccaa13170f,dup_0071,train,0.9927184466019418,-0.005126587270289459,0.0029970817887846235,0.6942384369813034,0.24562530400739083,1.0,1.0,0.9866071428571429,1.0,0.9854368932038835,0.9902912621359223,0.9951456310679612,0.004523269806355705,0.9585155151096014,-0.2850403608161052,0.9990048909035046,0.8883024263804546
Center/805918.jpg,Center,32,32,RGB,33370e1e87fead80709a19803f0290efdd30ba8a75819eb6301438fa5d2edc8d,0f2b5b980d0f130f,dup_0072,val,0.9902912621359223,-0.0005534471853257411,-0.006166982922201172,0.6934426605551148,0.2453974136564624,1.0,1.0,0.9821428571428571,0.9927184466019418,0.9878640776699029,1.0,0.9805825242718447,0.0030985731489229455,-0.7921179111464257,-0.6103680978237831,0.99926668301147,0.8888324556767063
Center/806048.jpg,Center,32,32,RGB,e6b8bd86a26a8ecc6c1692ed2fe2df30aece7efd62503d1ebfb2608ab7d6e7fb,1707674ccc031f0f,dup_0073,val,0.9902912621359223,-0.00838077166350411,0.0033997469955724304,0.6935476941948312,0.24553705953317137,1.0,1.0,0.9821428571428571,1.0,0.9805825242718447,0.9830097087378641,0.9975728155339806,0.013813818467430636,0.7820102652756906,-0.6232655493475023,0.9992583263153219,0.8888324556767063
Center/806607.jpg,Center,32,32,RGB,536c48fd985d037689bc68b58b8a23ed074907d7a7eb6d3833b26fb32dce0b61,1f17174c4d63030f,dup_0074,train,0.9963592233009708,-0.0033397508938745033,0.0015323562924835525,0.6953960730441522,0.24592782599150745,1.0,1.0,0.9933035714285714,1.0,0.9927184466019418,0.9927184466019418,1.0,0.00679444602995132,0.7577981256574381,-0.6524890809431784,0.9992589163277379,0.8874987672817549
Center/806734.jpg,Center,32,32,RGB,3435ed7b16c4d6dbba002934ba4f1f1578c84cdeaa40590bc52526430fa6065d,173b11ccac4d0f0f,dup_0075,train,0.9890776699029126,-0.0008311893924401317,-0.004551751434791258,0.6931476408911812,0.24541398772661835,1.0,1.0,0.9799107142857143,0.9927184466019418,0.9854368932038835,0.9927184466019418,0.9854368932038835,0.01598684645528451,-0.9908776298591929,-0.13476469361308357,0.9991296501560608,0.8890957083296698
Center/806749.jpg,Center,32,32,RGB,c30e7200b30327704629667683c0015646f7ae19528c5aa73027a3d282cc344e,0717194cc84b0b0f,dup_0076,val,0.9878640776699029,-0.002853293175873822,0.004914004914004914,0.6928478676722606,0.24542078372688902,1.0,1.0,0.9776785714285714,0.9902912621359223,0.9854368932038835,0.9805825242718447,0.9951456310679612,0.013049280995229366,0.846096477150393,-0.5330297846778306,0.9994228557058632,0.8893577686913662
Center/806785.jpg,Center,32,32,RGB,abc9ebbd38a5a538039f86b31acdc5d48e451f47d0900d49381267e22effab7e,171375ce0d15270f,dup_0077,train,0.9878640776699029,0.0037251327573908197,-0.0015059047317112103,0.6926876121601009,0.24522717673202424,1.0,1.0,0.9776785714285714,0.9830097087378641,0.9927184466019418,0.9902912621359223,0.9854368932038835,0.0077826880943478215,0.2375235582983558,-0.9713817783205981,0.9989266247894919,0.8893577686913662
Center/806911.jpg,Center,32,32,RGB,69194072430214544a083874b326dfc152497b59d2746e80e7a4ecbf50a9c162,0f2945c8d8390f07,dup_0078,train,0.9842233009708737,0.0021081102581440654,0.004812855495008157,0.691626104222703,0.24505952457050206,1.0,1.0,0.9709821428571429,0.9781553398058253,0.9902912621359223,0.9781553398058253,0.9902912621359223,0.008835282991471282,0.9964843065246259,0.08377963266889665,0.9994580418201902,0.8901366614363251
Center/807095.jpg,Center,32,32,RGB,cd6f0a02f6d008d62bf5f6cf2e5140c628abf17b0e956d5f6623821e1907333f,17134dceac5b2b0f,dup_0079,train,0.991504854368932,-0.006514786591384689,0.0005922533264895351,0.6939100650661454,0.24559687953718876,1.0,1.0,0.984375,1.0,0.9830097087378641,0.9902912621359223,0.9927184466019418,0.002986526940489022,0.5353115280686803,-0.8446547033650937,0.9992314772815838,0.8885680239869138
Center/807196.jpg,Center,32,32,RGB,068a13c4ac46041f255159244697164634f794f97c2ed9f770c9f155e445332b,1f0715af86630b0f,dup_0080,train,0.9902912621359223,0.0018184693232131558,0.00031625553447184426,0.6934828350428224,0.24545016997240682,1.0,1.0,0.9821428571428571,0.9902912621359223,0.9902912621359223,0.9927184466019418,0.9878640776699029,0.010588343917916927,0.9995041339035707,0.031487875597966314,0.9991160874103397,0.8888324556767063
Center/807259.jpg,Center,32,32,RGB,a876b64b689ffe9c2f39a784dd422bf95812f73fe33968e3d306d3442bfec851,0f336b8e4e2f030f,dup_0081,val,0.9939320388349514,0.0033479065737130245,0.0048446177478435205,0.6946517202318686,0.24576253699012224,1.0,1.0,0.9888392857142857,0.9878640776699029,1.0,0.9878640776699029,1.0,0.009690138768318191,-0.9253601164652359,0.3790892439194829,0.9992386226297532,0.8880356758448034
Center/807352.jpg,Center,32,32,RGB,bafeb6f226ae84b15344aaedafbe8684d980bfc719415161f8c900ccb4e16598,0f17238a8e233307,dup_0082,train,0.9987864077669902,0.0006663269705640283,-0.0010582840120722814,0.6961275763416794,0.2460749775208089,1.0,1.0,0.9977678571428571,0.9975728155339806,1.0,1.0,0.9975728155339806,0.0023639590206046266,0.9017681728880204,0.4322200392927212,0.9991448812711918,0.8869573996027482
Center/807462.jpg,Center,32,32,RGB,d3e8525fb7f20f8803dd27a87dbd2f3d7538a01c3fe0a9024b688e3fa104b802,1f23258c8c2d0f0f,dup_0083,train,0.9963592233009708,0.0009036973006954559,-0.0031825861459274817,0.6953409186713652,0.24585700020675072,1.0,1.0,0.9933035714285714,0.9951456310679612,0.9975728155339806,1.0,0.9927184466019418,0.004145329469168182,0.6287518886343273,0.777605981547703,0.9991318277571962,0.8874987672817549
Center/807593.jpg,Center,32,32,RGB,e4fceb205972267f2a3ddb6767d029b3b13678431499dd34388682112858f8d5,0f071dad486d270f,dup_0084,test,0.9854368932038835,0.004369934848244079,0.001589067217543292,0.6919341966826027,0.2450594434289834,1.0,1.0,0.9732142857142857,0.9805825242718447,0.9902912621359223,0.9830097087378641,0.9878640776699029,0.00557847380499891,0.9998760272375876,-0.01574579802928155,0.999001513806091,0.8898782588421328
Center/808187.jpg,Center,32,32,RGB,2e4527cf82092777148ddecdc0962d681d119aa8f29848aab4ad3d155809e8c4,1f17518e4c091f0f,dup_0085,train,0.9987864077669902,0.0011366754203739266,-0.000509544153960746,0.6961324999140915,0.24608160168730797,1.0,1.0,0.9977678571428571,0.9975728155339806,1.0,1.0,0.9975728155339806,0.002345338169493109,0.7465346534653207,-0.6653465346534945,0.999213368733367,0.8869573996027482
Center/808270.jpg,Center,32,32,RGB,b1c6cad228cbcc45518045fc8a09a9743dd6de9c4c5942241b4e61266267f5ed,1f171b8c0d2d170f,dup_0086,train,0.9769417475728155,0.005810458825886593,0.0194349829693448,0.6896701926163495,0.2449077278555372,1.0,1.0,0.9575892857142857,0.9684466019417476,0.9854368932038835,0.9538834951456311,1.0,0.023977246334361504,-0.5750337169108033,0.8181297112412836,0.9988505743319399,0.8916604032756271
Center/808399.jpg,Center,32,32,RGB,f6fa920b9eb02a31732d688b3f6c563237022157bdfd4045b65f75a44b159e76,071f19a9cc6b2f0f,dup_0087,train,0.9951456310679612,2.166288828536891e-18,-0.0009441384736428087,0.6949587470944687,0.24576260793337892,1.0,1.0,0.9910714285714286,0.9951456310679612,0.9951456310679612,0.9975728155339806,0.9927184466019418,0.007167778576321831,0.45354974173264495,-0.8912309643264483,0.9992331885645666,0.8877677852363122
Center/809023.jpg,Center,32,32,RGB,6074c8548eb6e42b30b63f16b537320e3f67def2d292b4733bbfc7e14a22514d,171313ccde550f07,dup_0088,train,0.9902912621359223,0.0070366856419987345,0.0005534471853257623,0.6935793418430993,0.2455723091968311,1.0,1.0,0.9821428571428571,0.9805825242718447,1.0,0.9927184466019418,0.9878640776699029,0.004769615966709531,0.8228208298688139,-0.568300872719721,0.9993723098890491,0.8888324556767063
Center/809039.jpg,Center,32,32,RGB,739af3454d4e55e3d08bc2c2749cf4bda1b0b88fb517dd4a7b990e5908f338b2,172b659c8c353b0f,dup_0089,val,0.9902912621359223,-0.0003162555344718519,-0.006562302340290943,0.6936614142274814,0.24565205425402004,1.0,1.0,0.9821428571428571,0.9927184466019418,0.9878640776699029,0.9975728155339806,0.9830097087378641,0.007338391641635431,-0.6493269451859516,0.760509380780724,0.9991284300938276,0.8888324556767063
Center/809041.jpg,Center,32,32,RGB,22044bc1c8e94d69303ab747270596b4823457247fcf4b16fc130c3813a40bbb,172369c8ca490f07,dup_0090,val,0.9902912621359223,-0.0022137887413029747,0.0034788108791903916,0.6935030343369399,0.24547622485631715,1.0,1.0,0.9821428571428571,0.9902912621359223,0.9902912621359223,0.9854368932038835,0.9951456310679612,0.005400791145421597,-0.9999553995500314,0.009444517496246389,0.9992837868312969,0.8888324556767063
Center/809082.jpg,Center,32,32,RGB,0b45c3ef97a17ef6f943bc3f894ab77410ac4bebb6f880f08532467f5266223e,0f33250cca2d0f0f,dup_0091,test,0.9975728155339806,0.0022761164743740677,0.0009418412997409669,0.695762198629216,0.24600197501994334,1.0,1.0,0.9955357142857143,0.9951456310679612,1.0,0.9951456310679612,1.0,0.004587127073813817,-0.7071055482288795,-0.7071080141420657,0.9991006740939615,0.8872286345798474
Center/809096.jpg,Center,32,32,RGB,636085ef402b26d26249d76116a5b12d13d2f163c56762b45d8f56af4983b93a,072f478624290f0f,dup_0092,test,0.9963592233009708,-0.00011787356096027597,-0.00286825665003342,0.6953210579456227,0.2458306845415129,1.0,1.0,0.9933035714285714,0.9975728155339806,0.9951456310679612,1.0,0.9927184466019418,0.0023646328858772923,-0.7435882085466495,0.668637851239656,0.9992698143406519,0.8874987672817549
Center/809102.jpg,Center,32,32,RGB,ff7b070a4955e18d9f69969bf37a6aee8423df5a4bdc9ede12b30d85a0905e9d,1f3351cccc492b0f,dup_0093,train,0.9842233009708737,0.006801638757408215,0.002664969571616115,0.691609252725052,0.24502330790940116,1.0,1.0,0.9709821428571429,0.9757281553398058,0.9927184466019418,0.9805825242718447,0.9878640776699029,0.009713606137759593,-0.9712909997778338,0.23789450130378353,0.999340522178074,0.8901366614363251
Center/809163.jpg,Center,32,32,RGB,ca1acb1b01815e3ccaf2c6525679bed64af0756c05a7c5e2b38a9310c35338fa,1f0f098d53171b0f,dup_0094,train,0.9902912621359223,0.00577166350411132,0.004901960784313691,0.6934980727159402,0.24546946236160216,1.0,1.0,0.9821428571428571,0.9805825242718447,1.0,0.9854368932038835,0.9951456310679612,0.006888433658760829,-0.8731772372347372,0.4874028235198393,0.9993141997018338,0.8888324556767063
Center/809260.jpg,Center,32,32,RGB,3570203a19f42f8d2dfd6d8a9a8e6df381e2d3712c4505fd9357ea1a4aabb544,1f0b358c8e25170f,dup_0095,train,0.9963592233009708,0.0017681034144041504,-0.00208243291029823,0.6953609621745918,0.24588279455394546,1.0,1.0,0.9933035714285714,0.9951456310679612,0.9975728155339806,1.0,0.9927184466019418,0.0022487839130989,0.6670559955200818,-0.7450075830759796,0.9992698143406519,0.8874987672817549
Center/810087.jpg,Center,32,32,RGB,b93b592df33081f95eb90eca5311f66d01bc8e5f6c36b83d29c8eabf3b8defbb,0f2b494dcd65270f,dup_0096,train,0.970873786407767,-0.007903225806451614,-0.0037096774193548752,0.6877338892382818,0.24445619272872987,1.0,1.0,0.9464285714285714,0.9781553398058253,0.9635922330097088,0.9733009708737864,0.9684466019417476,0.00636221100767355,0.8516667507591699,-0.5240837200784986,0.9991638188274832,0.892893666852217
Center/810308.jpg,Center,32,32,RGB,1f78dcfca95a4cafd156dda1af509eaa2b9491d2151f70479be6b24c77f6df86,0f33534e4d13330f,dup_0097,train,0.9745145631067961,0.003735990037359901,-0.0038966777809022923,0.6889300744489313,0.2447723398683991,1.0,1.0,0.953125,0.9684466019417476,0.9805825242718447,0.9781553398058253,0.970873786407767,0.02734005928256107,-0.9590791688499554,0.2831380367913835,0.9990606988451204,0.892157811307043
Center/810604.jpg,Center,32,32,RGB,4bb51e4d7aa62494b406a7451804cecb6a4fe232f4362684c3a92c0af50676f7,0f23139e9e150b0f,dup_0098,train,0.9733009708737864,0.014158153004585308,0.0012066607674362493,0.688423679439957,0.2445423322519818,1.0,1.0,0.9508928571428571,0.9587378640776699,0.9878640776699029,0.9733009708737864,0.9733009708737864,0.015133165411160901,0.2824574359246767,-0.9592798324216231,0.9987579151248879,0.8924044791784236
Center/811440.jpg,Center,32,32,RGB,f7c3efb000ebc6dc39b983253d3472362d758afab880bf70cfd1c0f5e02a3408,0f535b8b8d45330f,dup_0099,test,0.9817961165048543,-0.002990549862434707,-0.006100721719366768,0.6910254335470316,0.24507131294865686,1.0,1.0,0.9665178571428571,0.9878640776699029,0.9757281553398058,0.9878640776699029,0.9757281553398058,0.01763731905185219,0.7100615696817836,0.7041395935899654,0.9989313360031146,0.8906497126211487
Donut/679360.jpg,Donut,32,32,RGB,b3d9cf6ea105049419423dd602e1aedcd8739e3f64943753d9ec0b79005f70e9,0f270f9717471b1f,dup_0100,train,0.9599514563106796,-0.00632111251580278,-0.005342359610130084,0.6838515117556461,0.24311104070256728,1.0,1.0,0.9263392857142857,0.9660194174757282,0.9538834951456311,0.9635922330097088,0.9563106796116505,0.021019630246363843,-0.6413600826413083,-0.7672400174615074,0.9987999480644542,0.8950234545352862
Donut/679825.jpg,Donut,32,32,RGB,8bc7ea141a109aa80059137caf808640bdc521279ac0652eaa84095056aee9cc,1727071317070f0f,dup_0101,val,0.9648058252427184,0.0023128423615337776,0.0034489754514100317,0.685330479024618,0.24338030517720546,1.0,1.0,0.9352678571428571,0.9635922330097088,0.9660194174757282,0.9611650485436893,0.9684466019417476,0.01960313927729792,0.9162635199588172,0.4005760377165342,0.9992296880336662,0.8940917128844063
Donut/680244.jpg,Donut,32,32,RGB,52e2a680bd2457f63fa67a691a2ad438abd8c5196534de0171920a442cdfa9a5,0f0b0f93930f0f0f,dup_0102,train,0.9817961165048543,-0.003229793851429483,-0.011683081462578307,0.6908814264407586,0.2448894261605142,1.0,1.0,0.9665178571428571,0.9902912621359223,0.9733009708737864,0.9951456310679612,0.9684466019417476,0.017299572099723312,-0.7309599900535114,0.6824203198476511,0.999156795205695,0.8906497126211487
Donut/680844.jpg,Donut,32,32,RGB,01212aded2a352d81f90679344628ae1f182a1380b96161cbc7078afc5b9a7b9,0f070f16060f0f1f,dup_0103,train,0.9733009708737864,-0.0030568739441718335,0.0012066607674362493,0.6880036612869604,0.24400472669501264,1.0,1.0,0.9508928571428571,0.9805825242718447,0.9660194174757282,0.9733009708737864,0.9733009708737864,0.036605073027799875,0.9688695148871017,0.24757193524798454,0.9989378829996894,0.8924044791784236
Donut/680898.jpg,Donut,32,32,RGB,89c59fe614d61591bcaedbb6cade3c064b2bf32bb03b022570d12a49b2e4ce16,0f27071307070f0f,dup_0101,val,0.9817961165048543,0.002272817895450376,-0.007296941664340722,0.6908417128958381,0.24485439289685682,1.0,1.0,0.9665178571428571,0.9781553398058253,0.9854368932038835,0.9902912621359223,0.9733009708737864,0.00535441884772265,0.9927169793491234,0.12046990874053164,0.9990798296708552,0.8906497126211487
Donut/680907.jpg,Donut,32,32,RGB,0fcc26264d8ec3d6da27230805ab85889cc330d01d373dce1cebfa5e50559911,1f070f9f9f4f0b07,dup_0104,train,0.9817961165048543,0.002272817895450377,-0.010247617528609618,0.690981328012686,0.24502771693162395,1.0,1.0,0.9665178571428571,0.9805825242718447,0.9830097087378641,0.9975728155339806,0.9660194174757282,0.002431373237806468,-0.9428878473368021,-0.33311035310324927,0.9991921636307903,0.8906497126211487
Donut/680918.jpg,Donut,32,32,RGB,16ce1367cfce563ce3031dc3d6d0a76fb3e3cc21d83ae1b4ccf9aedb4a026cb1,0f370d97870f0b0f,dup_0105,train,0.9720873786407767,-0.006644919656880514,0.0005235391244815155,0.687591821407023,0.2438827575119234,1.0,1.0,0.9486607142857143,0.9805825242718447,0.9635922330097088,0.970873786407767,0.9733009708737864,0.014869743179096345,-0.5838380476643249,-0.8118701460821857,0.999185888165563,0.8926497694650855
Donut/680998.jpg,Donut,32,32,RGB,eb95e41692321c242510ac7d5598a786c61435feb48a2f6b546d9deb91764a20,0f0f0f9b1f0f270f,dup_0106,train,0.9648058252427184,0.003854737269222966,-0.01489145871373508,0.6856667033700912,0.2438097040148105,1.0,1.0,0.9352678571428571,0.9587378640776699,0.970873786407767,0.9902912621359223,0.9393203883495146,0.01871028366887646,-0.2482289661582557,-0.9687013886435817,0.9986504135735789,0.8940917128844063
Donut/681057.jpg,Donut,32,32,RGB,1186d41b8d3271a1748e08c07d3d4dd6a2559fca13c04a151cb46d965f84dfa5,0f13070f134f030f,dup_0107,train,0.9696601941747572,0.003996931648431507,-0.006015583996124194,0.6872172921241965,0.2441986099522705,1.0,1.0,0.9441964285714286,0.9635922330097088,0.9757281553398058,0.9733009708737864,0.9660194174757282,0.011264899856666137,-0.9853888911304525,0.1703195033949348,0.999047894773392,0.893136155863885
Donut/681064.jpg,Donut,32,32,RGB,9cf61a576e0fb3643cf80824d5d116216efbc92e9c54813eeed5eae04119df5d,0f276716160f030f,dup_0108,train,0.9830097087378641,0.0036638789326961427,-0.007964954201513361,0.6912891561934812,0.24501265244569703,1.0,1.0,0.96875,0.9781553398058253,0.9878640776699029,0.9951456310679612,0.970873786407767,0.011594467856391375,0.30354410558089023,-0.9528173885730137,0.998916231717821,0.8903938173461527
Donut/681152.jpg,Donut,32,32,RGB,a1cdb65ffa062933af58b3fcf2a1bd586fc014a3096b2a3a54a3de7b1b496ee1,0f2f0f86130f0b1f,dup_0109,train,0.9720873786407767,-0.0020538842575812516,0.0022955176996496372,0.6876734155407994,0.2439935884718816,1.0,1.0,0.9486607142857143,0.9757281553398058,0.9684466019417476,0.970873786407767,0.9733009708737864,0.0055636213748362535,-0.2766210074811184,-0.9609790935395687,0.998982529140631,0.8926497694650855
Donut/681225.jpg,Donut,32,32,RGB,bc9f487ad978e10be207056c436b2cecb940769de83c06810f1bf4729b2313f1,07071f1a1a17030f,dup_0110,train,0.9842233009708737,0.01165426991766437,-0.0021081102581441127,0.6915195824257332,0.24492028765051016,1.0,1.0,0.9709821428571429,0.9684466019417476,1.0,0.9830097087378641,0.9854368932038835,0.004527712502289849,0.459432954056885,-0.8882124524721348,0.9988008421146034,0.8901366614363251
Donut/681246.jpg,Donut,32,32,RGB,51712c17160d36aa32344224cd120948fd66048ab35657acf7880d79e916811f,0f0f0f9b9b0f0f07,dup_0111,test,0.9781553398058253,-0.0042423757304090315,-0.004642599855919288,0.6895481870760981,0.24438423652412403,1.0,1.0,0.9598214285714286,0.9854368932038835,0.970873786407767,0.9854368932038835,0.970873786407767,0.010587719470596814,0.8698264564525796,-0.4933578170609529,0.99927930277249,0.8914096929572992
Donut/681297.jpg,Donut,32,32,RGB,d35534394153d77191cf4a1204701f20c9647dd0b786aada887abc64bef91439,0f0f0717160f1b0f,dup_0112,val,0.9842233009708737,0.0012330456226880406,-0.003858239529056119,0.691595915930767,0.24501905959749615,1.0,1.0,0.9709821428571429,0.9830097087378641,0.9854368932038835,0.9927184466019418,0.9757281553398058,0.013728852160589689,-0.7407285081668595,-0.6718044932782891,0.9992036809651272,0.8901366614363251
Donut/681337.jpg,Donut,32,32,RGB,e3d92cbc0f140db2d7386ec0dc0d3f0490c124e43bec0a106a6065e3400142fb,072f0f1b1f0f1f1f,dup_0113,val,0.9830097087378641,-0.0017522899243329335,-0.004062126642771794,0.6913021088476898,0.24503902487703424,1.0,1.0,0.96875,0.9854368932038835,0.9805825242718447,0.9878640776699029,0.9781553398058253,0.018639311992945693,0.940571618225734,0.33959539306095443,0.9991209936807829,0.8903938173461527
Donut/681371.jpg,Donut,32,32,RGB,46f87f500a77c87fde38700cb8b4ee2a0c7c3e9057f3912ff3465aa8c09a12d3,0f2f1fbf3f171717,dup_0114,train,0.9781553398058253,-0.008324661810613945,0.002241255102857607,0.689614224373509,0.24447259077863337,1.0,1.0,0.9598214285714286,0.9902912621359223,0.9660194174757282,0.9757281553398058,0.9805825242718447,0.020531823016693252,0.9944226606676372,-0.10546834572845698,0.9992028368810978,0.8914096929572992
Donut/681420.jpg,Donut,32,32,RGB,5ea063ff00e5527776ccf9ee0b2e49f0da847d986265bda66c35a02a723b273b,0f0f0f8b9f0d2b0f,dup_0115,train,0.9781553398058253,-0.005042823981429603,0.008084527335307755,0.6894986154078069,0.24433391379701302,1.0,1.0,0.9598214285714286,0.9854368932038835,0.970873786407767,0.9684466019417476,0.9878640776699029,0.019560197961061798,0.88074044705107,0.4735992661821609,0.9987531459369358,0.8914096929572992
Donut/681458.jpg,Donut,32,32,RGB,9861b6e994a2085a13f3aacf351732962996a9c6c4fc3c70a477fed3d4f9115e,0f0b0f06160f0f0f,dup_0116,train,0.9793689320388349,0.012671383459247714,-0.009073829795738921,0.6902571085092536,0.244893061407519,1.0,1.0,0.9620535714285714,0.9587378640776699,1.0,0.9902912621359223,0.9684466019417476,0.020807681858814653,0.957927071314222,0.287011717606368,0.9988551565883728,0.8911576647414863
Donut/681517.jpg,Donut,32,32,RGB,8265b6723af3bfdee193118ec4eb6e0debb6fd06c827ef14cf058e6ab8c20acd,0f1f0f2f930f2b0f,dup_0117,train,0.9890776699029126,-0.0004353849198495961,0.0032060162279833548,0.6930548633540452,0.24530139882343743,1.0,1.0,0.9799107142857143,0.9878640776699029,0.9902912621359223,0.9854368932038835,0.9927184466019418,0.014031393301896919,-0.9993391672780136,0.03634871034969915,0.999233332336858,0.8890957083296698
Donut/681559.jpg,Donut,32,32,RGB,3429984f9f365471b1bf9b87b99248b972033f6011ce7557e3cdf015f9ed1600,0f0f0f13170f0d0f,dup_0118,train,0.9842233009708737,0.004733304164512151,0.003619585537568118,0.6914533639732174,0.2448348110251341,1.0,1.0,0.9709821428571429,0.9781553398058253,0.9902912621359223,0.9781553398058253,0.9902912621359223,0.014634356923355457,-0.8990139512032003,-0.43791998760276946,0.9992843177937693,0.8901366614363251
Donut/681655.jpg,Donut,32,32,RGB,f8eb2a1ad6c86f717045f4c346495450199491d2490b7b504fff31f9ae72c83e,1f0f0f170707171f,dup_0119,test,0.9854368932038835,-0.00508501509613857,0.002145240743683467,0.6919151984951786,0.24502941304594456,1.0,1.0,0.9732142857142857,0.9927184466019418,0.9781553398058253,0.9854368932038835,0.9854368932038835,0.009077412068273361,-0.6129038916615583,0.7901574650575142,0.9989710917943434,0.8898782588421328
Donut/681664.jpg,Donut,32,32,RGB,9b69ced39f8fdd72c3b82a788743a046bdcd7ef66cc71a51ef88034cfb298ad0,0f174f96170f0f0f,dup_0120,test,0.9769417475728155,0.004848727709877779,0.002764976958525338,0.6890701785774257,0.24416760911429874,1.0,1.0,0.9575892857142857,0.9733009708737864,0.9805825242718447,0.970873786407767,0.9830097087378641,0.008788606671974793,-0.9167096309702194,0.39955406703779683,0.999320301428478,0.8916604032756271
Donut/681706.jpg,Donut,32,32,RGB,9a5fff1742a3c50d87fa3adfe4de954a446d8ae86611c2a4cd683f825df7b0a3,0f0f0f171f0f0f0f,dup_0118,train,0.9684466019417476,-0.002344571105182313,0.016411997736276208,0.6867724718530033,0.24403263260487534,1.0,1.0,0.9419642857142857,0.9733009708737864,0.9635922330097088,0.9490291262135923,0.9878640776699029,0.0106724125747905,-0.5396480021660663,0.841890749300747,0.9988558363490981,0.8933772208610211
Donut/681723.jpg,Donut,32,32,RGB,8f1835af93661b882cf904ea17bc0087943b2ea29c90f4d4cb8447701a73c6dc,171f0787164f0b0f,dup_0121,train,0.9817961165048543,-0.005861477730372023,-0.004824753778061294,0.6905737348472439,0.24449639944711785,1.0,1.0,0.9665178571428571,0.9902912621359223,0.9733009708737864,0.9878640776699029,0.9757281553398058,0.0016660270181331506,-0.6876826885958276,-0.7260113771874473,0.99946305259538,0.8906497126211487
Donut/681726.jpg,Donut,32,32,RGB,c702fbf121c0d279f4eece9bb78b6a75d1690a41dc44e64f2fa7767483862805,07150f16060f391f,dup_0122,train,0.962378640776699,0.011430663466623274,0.0025627466135134383,0.6845851026906922,0.24322584956566431,1.0,1.0,0.9308035714285714,0.9514563106796117,0.9733009708737864,0.9587378640776699,0.9660194174757282,0.011507544391154603,-0.397328865258821,-0.9176762897842232,0.9990387233057912,0.8945606265817801
Donut/681731.jpg,Donut,32,32,RGB,9faaaa2e51fc4333e06da4add920b31c7a3ffb0257ee6990daafa10b97321f41,0f1f1f9a16270b0f,dup_0123,train,0.9805825242718447,0.0015170871925902277,-0.0028744809964867694,0.6904959365192495,0.24480479335799737,1.0,1.0,0.9642857142857143,0.9757281553398058,0.9854368932038835,0.9854368932038835,0.9757281553398058,0.015863052707829367,0.9999914286255691,-0.004140371407650808,0.99916851220847,0.8909043331665394
Donut/681771.jpg,Donut,32,32,RGB,2102afe930ecd6e68a72d2aa47db50ce825a50e224baeec95ccf2c723e9eef84,076f0fbe161f070f,dup_0124,train,0.9720873786407767,0.002053884257581247,0.0010873504893076894,0.6876642076467159,0.24397694462000621,1.0,1.0,0.9486607142857143,0.970873786407767,0.9733009708737864,0.9733009708737864,0.970873786407767,0.0020492642118684033,-0.9257054315077458,0.3782452300783952,0.9992838000886689,0.8926497694650855
Donut/681807.jpg,Donut,32,32,RGB,d87e70a53138c4791bbdf2f56ad66d07f4ffc6a1eee20b8e1374cd7d1e026c88,0f1f0f9617170307,dup_0125,train,0.9733009708737864,0.012388383879012147,-0.0037004263534711618,0.6881889965810888,0.24422642218525747,1.0,1.0,0.9508928571428571,0.9587378640776699,0.9878640776699029,0.9805825242718447,0.9660194174757282,0.027596711653183566,0.9442866001925223,-0.3291243179967828,0.9992473998470602,0.8924044791784236
Donut/681851.jpg,Donut,32,32,RGB,479c87a18ebadc61cb7c99b3dcb7293fc9249a0fcf00b53c53ea49a26c14bfff,072b1f1b1b1f0b07,dup_0126,train,0.9793689320388349,-0.00875404724787145,-0.0013191030099531944,0.6900961015047584,0.24469384036622,1.0,1.0,0.9620535714285714,0.9902912621359223,0.9684466019417476,0.9805825242718447,0.9781553398058253,0.00967495799327235,-0.043737895489152225,-0.9990430403632168,0.9989941001725691,0.8911576647414863
Donut/681859.jpg,Donut,32,32,RGB,e686c184bc1d1a4ea50a4fe98bd5cb512cc75fe80cc77cf9475a0741d8f547cb,0f4f0f1f170f0f0f,dup_0118,train,0.9635922330097088,0.008856748192085803,-0.009100511903794616,0.6850631641865259,0.24347130199868283,1.0,1.0,0.9330357142857143,0.9514563106796117,0.9757281553398058,0.9757281553398058,0.9514563106796117,0.005466904948133852,-0.9966848616648191,0.08135899783171148,0.9991081902437037,0.8943269220978565
Donut/681905.jpg,Donut,32,32,RGB,2c3a85ca01e5335334b1bc7a0c35e847f7b9ded54c5f3378e946be702ed69660,0f3b0d17164f2b0f,dup_0127,train,0.9793689320388349,-0.000599592277251469,-0.007954590878202878,0.6901647916778081,0.24475304277227178,1.0,1.0,0.9620535714285714,0.9805825242718447,0.9781553398058253,0.9902912621359223,0.9684466019417476,0.014035152941315118,-0.5293695716745017,-0.8483913345768889,0.9987862641067803,0.8911576647414863
Donut/681928.jpg,Donut,32,32,RGB,cbfd08cee9cc957f8e6e42f9df93ca3ea38d164341fe57e4d2c62b3fdb4addc8,0f070797860f0b0f,dup_0128,train,0.9902912621359223,-0.0016603415559772292,-0.005218216318785604,0.6933708310071973,0.24530935517289562,1.0,1.0,0.9821428571428571,0.9927184466019418,0.9878640776699029,0.9975728155339806,0.9830097087378641,0.008114673482120856,-0.9162110620572769,0.4006960066732344,0.9992140297189843,0.8888324556767063
Donut/681956.jpg,Donut,32,32,RGB,e0c68fb4bc3fcb69726f40f4556156cd622a5edab7db595a22377d76ec5c7b4d,0f170793930f070f,dup_0129,test,0.9817961165048543,0.013118545396546907,-0.004505761792734935,0.6908905714817716,0.2449056447118359,1.0,1.0,0.9665178571428571,0.9660194174757282,0.9975728155339806,0.9878640776699029,0.9757281553398058,0.020335809573912875,0.8320825406516456,-0.5546518237080833,0.9990952371545555,0.8906497126211487
Donut/681972.jpg,Donut,32,32,RGB,ba08593c0556db37d153cadbc38b48c760863dee1fa87f43b19dffa72dbd6311,0f0f0f1f9a0f1f0f,dup_0130,val,0.9805825242718447,0.0007984669434685381,-0.005828808687320356,0.6903542162267277,0.24461521407927966,1.0,1.0,0.9642857142857143,0.9830097087378641,0.9781553398058253,0.9854368932038835,0.9757281553398058,0.015827688967415668,-0.9994723975925993,-0.03247963131719855,0.9991346603128909,0.8909043331665394
Donut/682011.jpg,Donut,32,32,RGB,8613b4947aa3b33c37306ff67f5047e7a568a23e7a67c5ebda896e82582e0837,0f270f97160f0b1f,dup_0131,test,0.9757281553398058,0.00040121970791204785,0.005135612261274305,0.6889030175068502,0.24436250679077187,1.0,1.0,0.9553571428571429,0.9757281553398058,0.9757281553398058,0.970873786407767,0.9805825242718447,0.035638506543643936,0.9984444692564858,0.05575519537347461,0.9992264268833821,0.8919097810066157
Donut/682022.jpg,Donut,32,32,RGB,e9df5cb3ae37e08f9122708622e98f3ac1b04172b6a28940cd499cfbabe43179,0f0f1f1b1a1f0b0f,dup_0132,train,0.9866504854368932,0.0025790580486450025,-0.003134547474507054,0.6923551646445796,0.2451975390332926,1.0,1.0,0.9754464285714286,0.9830097087378641,0.9902912621359223,0.9902912621359223,0.9830097087378641,0.004329216296618364,-0.11035872267282493,-0.9938918212411362,0.9988057002988782,0.8896186233714698
Donut/682271.jpg,Donut,32,32,RGB,d327daa1c2fbce5f90d65f03729ccf528a20704e1d0d6b1c95de6dd44117faed,0f2f1f13371f130f,dup_0133,train,0.9830097087378641,0.0018319394663480668,-0.006212664277180405,0.6911820296347488,0.24489538998102775,1.0,1.0,0.96875,0.9805825242718447,0.9854368932038835,0.9927184466019418,0.9733009708737864,0.005754886953293496,-0.13214626114104605,0.9912302283861416,0.9992510925196498,0.8903938173461527
Donut/682556.jpg,Donut,32,32,RGB,57be31cacc2cdd387c37196dc3d80fe36c30e1c3a501df17c4e5780309331cc5,0f2f0d9e1707170f,dup_0134,train,0.9745145631067961,0.00012051580765677198,-0.00020085967942791053,0.6885578006701145,0.24431587636962912,1.0,1.0,0.953125,0.9733009708737864,0.9757281553398058,0.9757281553398058,0.9733009708737864,0.012800575687711391,0.8492568186765551,-0.527979976828077,0.9995118514063677,0.892157811307043
Donut/683018.jpg,Donut,32,32,RGB,c7fcd410ce241cf5006219136701578e7f2aab7e0c90104203b2014ca1c1dc7b,0f0f0f13170f0f0f,dup_0118,train,0.9939320388349514,0.00011816140848398848,-0.0015360983102918845,0.6947383032085961,0.24586931943972662,1.0,1.0,0.9888392857142857,0.9927184466019418,0.9951456310679612,0.9951456310679612,0.9927184466019418,0.004612142260805942,0.7072182506857454,0.70699529411234,0.9991965097820281,0.8880356758448034
Donut/683020.jpg,Donut,32,32,RGB,9e1d419e0d9ebea5ba791ab1428e261b57760a739c4650a18165938607685219,070b1f9f124f0b1f,dup_0135,test,0.9793689320388349,0.012431546548347121,0.00019986409241711545,0.6901945799589345,0.24479547955309433,1.0,1.0,0.9620535714285714,0.9587378640776699,1.0,0.9757281553398058,0.9830097087378641,0.011621749035689572,-0.8265069273750556,0.5629265484954893,0.9988174297165807,0.8911576647414863
Donut/683107.jpg,Donut,32,32,RGB,6351e02dd2510e52d84a34aa5faaf356491cf098f35dc6d24446ac5762988c6a,0f270f97060f130f,dup_0136,train,0.9757281553398058,-0.004252928903867757,-0.007462686567164179,0.6889208894394829,0.24437567906802904,1.0,1.0,0.9553571428571429,0.9805825242718447,0.970873786407767,0.9830097087378641,0.9684466019417476,0.00475775566825613,-0.9985162839846659,-0.05445393114784435,0.9990130371415725,0.8919097810066157
Donut/683294.jpg,Donut,32,32,RGB,0b0986cf13b43e5b7faf35540360af2c81c22ba2a8820a54bcd8b128c021402a,0f070f9b1f17371f,dup_0137,train,0.9805825242718447,-0.00654742893644203,-0.009022676461194567,0.6904802343057337,0.2447859531017546,1.0,1.0,0.9642857142857143,0.9902912621359223,0.970873786407767,0.9951456310679612,0.9660194174757282,0.017846887215979223,-0.9908772420944717,-0.13476754468065974,0.999174349230512,0.8909043331665394
Donut/683489.jpg,Donut,32,32,RGB,f15a5414c9657911b9521fde6dd680a63ac99f352a7672de18cbb4a0d8420089,0f1f1796174f1f07,dup_0138,train,0.9854368932038835,-0.002065787382806295,0.0001589067217542907,0.6917933239187934,0.24487140100488416,1.0,1.0,0.9732142857142857,0.9878640776699029,0.9830097087378641,0.9854368932038835,0.9854368932038835,0.019940488446083697,-0.9985397443397154,0.05402202304593737,0.9992536201207715,0.8898782588421328
Donut/683638.jpg,Donut,32,32,RGB,8cc429fffed90d74fd5972bb938b0adc8cd5aa6d82b95256f52d1aa1fd3cefb4,0f0f070f9b070f1f,dup_0139,train,0.9805825242718447,0.0035132545512615767,-0.008703289683807089,0.6904354807540342,0.24472277892616784,1.0,1.0,0.9642857142857143,0.9781553398058253,0.9830097087378641,0.9927184466019418,0.9684466019417476,0.000367925195579004,0.8578489539529786,-0.5139019091244753,0.9991001727897633,0.8909043331665394
Donut/683674.jpg,Donut,32,32,RGB,749687d20b82c3643382b0e4306daa316647b7d7e0f8f0a74ca832b6d3273cf6,0f0f07838607251f,dup_0140,test,0.9466019417475728,-0.002977667493796527,0.007196029776674916,0.6794475829163337,0.2419192967824331,1.0,1.0,0.9017857142857143,0.9490291262135923,0.9441747572815534,0.941747572815534,0.9514563106796117,0.013354709772928883,0.9411450527777689,-0.33800294322968627,0.9992538299249785,0.8974540231623068
Donut/683675.jpg,Donut,32,32,RGB,171b7209e1361b7a2ca7de7a0bfb685c724b13ad809ac6ac96cc76dc5557846f,1f050f929607070f,dup_0141,test,0.9611650485436893,0.0069240795047246645,0.003665689149560085,0.6841993576466915,0.24314777853806716,1.0,1.0,0.9285714285714286,0.9514563106796117,0.970873786407767,0.9611650485436893,0.9611650485436893,0.01187620865542965,-0.7853903055998678,0.6190008625759308,0.999256319097985,0.8947928096742672
Donut/683677.jpg,Donut,32,32,RGB,34ef984e488e3a53fa5bf882605b806369f3e31be41afd3305192c382085bfd9,170f0f9696072d0f,dup_0142,val,0.9684466019417476,0.0057401568437222055,0.0050933786078098805,0.6865941017670253,0.24380772844771237,1.0,1.0,0.9419642857142857,0.9611650485436893,0.9757281553398058,0.9611650485436893,0.9757281553398058,0.006664489888271795,0.6101260785944138,-0.7923043406538949,0.9987813413600447,0.8933772208610211
Donut/683679.jpg,Donut,32,32,RGB,a7a7af798369249d29a65ca3250b90ca019bc7653030a8af0b8a93aeab1268bf,070f5d1f3b57170f,dup_0143,train,0.9672330097087378,0.003926012870846317,-0.0060306795644958985,0.6861333016028669,0.2436165646590622,1.0,1.0,0.9397321428571429,0.9611650485436893,0.9733009708737864,0.970873786407767,0.9635922330097088,0.015153966662798151,0.6895278936286711,-0.7242591275973042,0.9989881252265485,0.8936168460393795
Donut/683778.jpg,Donut,32,32,RGB,262d5f270e98c952aa513a2005f56453daf54d7cbf993897e2d67e2ddb171b12,0f3747171747130f,dup_0144,val,0.9769417475728155,-0.0026848326988579453,-0.007573632538569422,0.6891566376649644,0.2442835676404941,1.0,1.0,0.9575892857142857,0.9805825242718447,0.9733009708737864,0.9878640776699029,0.9660194174757282,0.002640713776544591,-0.40426477552542356,0.9146420016975926,0.9993412743373131,0.8916604032756271
Donut/683859.jpg,Donut,32,32,RGB,e828d8a6fa83a0f6b892258180b93da5a57c0a0e3cb2dd5168a51fa4199ffaae,1f17579e96271717,dup_0145,train,0.9745145631067961,0.0070300887799783045,-0.00703008877997832,0.6884888691268034,0.24423431174359814,1.0,1.0,0.953125,0.9684466019417476,0.9805825242718447,0.9830097087378641,0.9660194174757282,0.0028746893391720096,0.11344356607520831,0.9935444415405583,0.9991014957190956,0.892157811307043
Donut/683863.jpg,Donut,32,32,RGB,9379b2701700df1ad30071981c56fa59f8df623949472b2aef936c9f2325fec0,0f2b47139f0f0f0f,dup_0146,train,0.9526699029126213,-0.009739058968563799,-0.004068214505855756,0.6813427109072039,0.24232745023472496,1.0,1.0,0.9129464285714286,0.9660194174757282,0.9393203883495146,0.9563106796116505,0.9490291262135923,0.010322442376712352,0.38174151403933193,-0.9242691255575719,0.9993244888349869,0.8963740547744158
Donut/683871.jpg,Donut,32,32,RGB,117c92ddd82e79ca659d2a0ee3add1b6fc62ed9eb628ab7f87402602aac63819,072f079717071717,dup_0147,train,0.970873786407767,-0.003306451612903226,-0.01887096774193555,0.6874454000031358,0.24409677196818494,1.0,1.0,0.9464285714285714,0.9757281553398058,0.9660194174757282,0.9975728155339806,0.9441747572815534,0.0089481676571398,-0.7970487885447943,0.6039149184109261,0.9988629310436787,0.892893666852217
Donut/683877.jpg,Donut,32,32,RGB,f8df84caf0bc9199abf77b716ddf31418447709c70686981d9d14f13edf1a93f,0f0f0f1f134f031f,dup_0148,test,0.9635922330097088,-0.0018688551231006772,-0.002843909969935764,0.6846898973276659,0.24297052732353328,1.0,1.0,0.9330357142857143,0.9660194174757282,0.9611650485436893,0.9660194174757282,0.9611650485436893,0.004464545689560593,0.5894550371716811,-0.8078011878877946,0.9993733264945663,0.8943269220978565
Donut/683939.jpg,Donut,32,32,RGB,f2472487c5cd4b0e22e8cbde3b7a78d03bd2f7a5058e21cc031560670e4b56a9,072b4f8e97052317,dup_0149,train,0.9830097087378641,0.002708084428514536,-0.004540023894862616,0.6912463807286177,0.24496554773412063,1.0,1.0,0.96875,0.9757281553398058,0.9902912621359223,0.9878640776699029,0.9781553398058253,0.007442110123389637,0.9510986728961877,0.308887219572307,0.9989938664191457,0.8903938173461527
Donut/683940.jpg,Donut,32,32,RGB,2536eb09e82ea40c377fc73ce644ad7d0a01ebb62d80056de07263987c74b927,0f0f0d9d35171307,dup_0150,train,0.9781553398058253,0.0022412551028575993,-0.0034419274793884656,0.6897424186479604,0.244617870906151,1.0,1.0,0.9598214285714286,0.9733009708737864,0.9830097087378641,0.9830097087378641,0.9733009708737864,0.015572429853591595,0.8241504001916198,-0.5663710072593697,0.9993995154494938,0.8914096929572992
Donut/683942.jpg,Donut,32,32,RGB,185906866255894e6ee31a45c668004fe59f2060e52b728c8bb252d60c9c2da0,1f17171b131f1707,dup_0151,train,0.970873786407767,-0.004032258064516129,-0.011370967741935516,0.6875330057142147,0.24419105503795463,1.0,1.0,0.9464285714285714,0.9757281553398058,0.9660194174757282,0.9902912621359223,0.9514563106796117,0.025122812388043966,-0.8882802577987243,-0.4593018436769352,0.9987367159107934,0.892893666852217
Donut/683944.jpg,Donut,32,32,RGB,6acd3003acdfce2c0ede61d90b6fe999c054ae77ca91a6ae372c1cd394e4a0bd,1f330b13161f1b17,dup_0152,train,0.9745145631067961,-0.003414614550275179,0.0016470493713092273,0.6885001941010516,0.24424483325053256,1.0,1.0,0.953125,0.9757281553398058,0.9733009708737864,0.970873786407767,0.9781553398058253,0.00737042201184488,0.7704841494148109,-0.637459155946901,0.999106984128605,0.892157811307043
Donut/683949.jpg,Donut,32,32,RGB,c9a10c91cd7f02f566eda32bb444bd70fe7cc317d52807498afc01e9f46bd377,0f371f16171f0f07,dup_0153,train,0.9817961165048543,0.007456437657003867,-0.0057817297340404085,0.6907733532117283,0.2447530583951299,1.0,1.0,0.9665178571428571,0.970873786407767,0.9927184466019418,0.9927184466019418,0.970873786407767,0.015902365351162993,0.9985185535501542,-0.05441229839023468,0.9991693853453061,0.8906497126211487
Donut/683999.jpg,Donut,32,32,RGB,b2d5f5d1aed80b1e616e982853ce54e37e54c41b289c377a6c34ba66f1fefc79,0f0f0f0b13172f0f,dup_0154,train,0.9817961165048543,-0.00011962199449738815,-0.007137445671677542,0.690653682502561,0.24460724534202297,1.0,1.0,0.9665178571428571,0.9830097087378641,0.9805825242718447,0.9902912621359223,0.9733009708737864,0.010571878293778359,-0.998967796026805,-0.0454240299989745,0.9989280627703171,0.8906497126211487
Donut/684052.jpg,Donut,32,32,RGB,51c9db18ee5843fb3ab21356171f083d7e77ce07dfdfa35c82814e1f74b0cb4e,1f336f169b1f2707,dup_0155,train,0.9830097087378641,-0.009637594583831142,0.001115093588211871,0.6912948639152133,0.2450175214426054,1.0,1.0,0.96875,0.9951456310679612,0.970873786407767,0.9830097087378641,0.9830097087378641,0.006716470151916501,-0.35253207179875296,-0.9357997319690142,0.9990185172474902,0.8903938173461527
Donut/691489.jpg,Donut,32,32,RGB,915d5b83e745dd4faf3febf02bcab3d61eb9d0319c2193143c890edb161de80e,1f2b0d921247170f,dup_0156,train,0.9745145631067961,0.00012051580765676977,-0.008717310087173101,0.6883268527450925,0.24403296959084117,1.0,1.0,0.953125,0.9733009708737864,0.9757281553398058,0.9878640776699029,0.9611650485436893,0.02526691812116725,0.9932578168487907,-0.11592630964873472,0.9989242672756213,0.892157811307043
Donut/694433.jpg,Donut,32,32,RGB,6543a71594ac29b7bba2b369562f1f1c873428db718de1a0adbbce60a056b110,0707036123373f0f,dup_0157,val,0.9854368932038835,0.0045288415699984135,-0.005243921817892958,0.69209916385599,0.24526287169572716,1.0,1.0,0.9732142857142857,0.9805825242718447,0.9902912621359223,0.9951456310679612,0.9757281553398058,0.016215753738974298,0.9219224364912654,-0.3873745230316635,0.9992679975802268,0.8898782588421328
Donut/722327.jpg,Donut,32,32,RGB,bcdd2c33552d02b6ef1a9f59584fd6de4a503c04cf2f7654522569b136278983,0f0f0f63712b2f0f,dup_0158,val,0.962378640776699,0.0010983199772200314,-0.006711955416344653,0.6846180766817418,0.24328409232299117,1.0,1.0,0.9308035714285714,0.9563106796116505,0.9684466019417476,0.970873786407767,0.9538834951456311,0.032842797881090596,0.49997350562590676,0.8660406997781002,0.9984646517724444,0.8945606265817801
Donut/726359.jpg,Donut,32,32,RGB,c7c06e3d8133139cf066f14fbce9238fb9ec0563689440d816ddf20beb123dee,1f13336969731f0f,dup_0159,train,0.9587378640776699,-0.009309922417313186,0.002286647611269877,0.6841781354994428,0.24392505125961345,1.0,1.0,0.9241071428571429,0.9684466019417476,0.9490291262135923,0.9587378640776699,0.9587378640776699,0.011915857375495397,-0.9798062138794662,0.19994945172014275,0.9989866444914949,0.8952525441444097
Donut/726620.jpg,Donut,32,32,RGB,c0992f5f556ab172511544766ae1bcd27dca813c72b2efd028a21a963ba03131,0f4b5f8e17170b0f,dup_0160,train,0.9611650485436893,0.002443792766373407,0.007086999022482907,0.6853444643387808,0.24454428811783382,1.0,1.0,0.9285714285714286,0.9514563106796117,0.970873786407767,0.9563106796116505,0.9660194174757282,0.03539313284105946,-0.7705937391792708,0.6373266738005793,0.9987481670809287,0.8947928096742672
Donut/728967.jpg,Donut,32,32,RGB,47f2d5ec04498537348350698b943ec48170bfb927934d7df8dbb72ab515e18e,0f270736db4b1f0f,dup_0161,train,0.970873786407767,0.00016129032258064,0.008306451612903238,0.687340767077935,0.24396509061382127,1.0,1.0,0.9464285714285714,0.9684466019417476,0.9733009708737864,0.9611650485436893,0.9805825242718447,0.013776814742084661,-0.287928805353042,-0.9576518172321139,0.9991356704730349,0.892893666852217
Donut/738205.jpg,Donut,32,32,RGB,35ea617133ee38d4215b247a2356a23fa9d48644ea2822196724ebb4af817647,0f5759f0f457370f,dup_0162,val,0.9793689320388349,0.007394971419434782,-0.0045169284886277805,0.689768167853699,0.24426907952733407,1.0,1.0,0.9620535714285714,0.970873786407767,0.9878640776699029,0.9830097087378641,0.9757281553398058,0.014520924706050344,-0.9928950796257576,0.11899311263665774,0.9991994463264243,0.8911576647414863
Donut/739286.jpg,Donut,32,32,RGB,10b3a54159d61f02ac4db8ce8d31445e0d2fe1e1a0627453f9f54320b1ca1fa5,072723303333270f,dup_0163,val,0.9745145631067961,0.001084642268910939,0.00775318362591896,0.6883548574769814,0.24406017987601897,1.0,1.0,0.953125,0.9757281553398058,0.9733009708737864,0.9635922330097088,0.9854368932038835,0.018433380484890436,0.967634283627677,-0.2523566784302573,0.9990899642925609,0.892157811307043
Donut/755041.jpg,Donut,32,32,RGB,dd8295981e013f76decb9edcc1e5b48d6ea8b5346f492ec9f5814bcd8515daa3,0f0f1b3a3b1f0f0f,dup_0164,test,0.9817961165048543,-0.003788029825750629,-0.004107021811076986,0.6910349086904984,0.2450865833505406,1.0,1.0,0.9665178571428571,0.9830097087378641,0.9805825242718447,0.9854368932038835,0.9781553398058253,0.004593028192449393,0.9094828236489061,-0.4157414983948714,0.9989481608982372,0.8906497126211487
Donut/755218.jpg,Donut,32,32,RGB,7d4ed36f9f7969667c8ccb34a215f36ba16ea643aa27aa3f7a5c226d12c28c42,0f5717332b0f1f0f,dup_0165,train,0.9733009708737864,-0.002976429893009414,0.004102646609283233,0.6882587271941729,0.24432740950561677,1.0,1.0,0.9508928571428571,0.9805825242718447,0.9660194174757282,0.9684466019417476,0.9781553398058253,0.02414628025383278,-0.9398672827305936,0.34153988178924344,0.9989499778478752,0.8924044791784236
Donut/755813.jpg,Donut,32,32,RGB,0c570770f42c1c9adaf9faa42ccef4ac6cf616e45963f610e61a89a64afeff22,0f1b1db23b0f0f0f,dup_0166,train,0.9793689320388349,-0.008434264700003998,-0.013231002918015761,0.6899941579294318,0.2445597177118188,1.0,1.0,0.9620535714285714,0.9927184466019418,0.9660194174757282,0.9951456310679612,0.9635922330097088,0.019489843328045677,-0.7211978402267156,0.6927291499946575,0.9990692122163953,0.8911576647414863
Donut/755815.jpg,Donut,32,32,RGB,ca66d1aba934b69b4ecb59c3b4441985d14f895ab760e7c4704f4031c367db36,17171f3bbb0f0f0f,dup_0167,val,0.9745145631067961,0.00012051580765676866,0.0032539268067327946,0.6889059308808367,0.24473440601208374,1.0,1.0,0.953125,0.9757281553398058,0.9733009708737864,0.9684466019417476,0.9805825242718447,0.016274208042053036,-0.004559622381795554,0.9999896048678383,0.9987553899351703,0.892157811307043
Donut/758427.jpg,Donut,32,32,RGB,346b49eb379dedf7edd7aadb816ca8080fea9bd700b65772862795395e7eba8b,07371716961d0b07,dup_0168,test,0.9684466019417476,0.0008893200743794953,0.001940334707737065,0.6870493271032013,0.2443645538202962,1.0,1.0,0.9419642857142857,0.9635922330097088,0.9733009708737864,0.9587378640776699,0.9781553398058253,0.010764908376988286,-0.7824218918572016,-0.6227487319478039,0.9991563190832099,0.8933772208610211
Donut/761154.jpg,Donut,32,32,RGB,55aa19c0c9c3e53dac292bf72b24c29743a88098d371d1993db7c60cac16a85e,0f0f079b9b13270f,dup_0169,val,0.991504854368932,0.004303707505823825,-0.003356102183440571,0.6939276604852352,0.2456301383587966,1.0,1.0,0.984375,0.9854368932038835,0.9975728155339806,0.9975728155339806,0.9854368932038835,0.006542720313031869,0.777712286839231,-0.6286203933211949,0.9991100008434176,0.8885680239869138
Donut/762905.jpg,Donut,32,32,RGB,8a80bf73df2e9f9422e56b05942b4b663ad97faea74f6591361abd6732e1172b,1f271733370f0b07,dup_0170,train,0.9453883495145631,0.007081038552321009,-0.01238146507101741,0.6795921919910208,0.24253352215050022,1.0,1.0,0.8995535714285714,0.9344660194174758,0.9563106796116505,0.9587378640776699,0.9320388349514563,0.030542957889180957,-0.9810333098457904,-0.1938392245470801,0.9985220546842122,0.8976648276689907
Donut/762914.jpg,Donut,32,32,RGB,1c89560ce576e9fda8d0f6157d953abf76f584725240b9eb190299d4f97bdd50,070707371707070f,dup_0171,val,0.9550970873786407,0.005861376398737552,-0.020289379841783826,0.682665899516098,0.24320399178885085,1.0,1.0,0.9174107142857143,0.9466019417475728,0.9635922330097088,0.9805825242718447,0.9296116504854369,0.018837275976679186,-0.9023967497598657,0.4309061452599979,0.9986616882195057,0.8959303085013655
Donut/762960.jpg,Donut,32,32,RGB,bac626f867b3b2ab8e11309ec15973fcc1b8be8712a7fdf2905e843bb5db5606,17170f1707070f1f,dup_0172,train,0.9830097087378641,-0.005495818399044203,-0.007964954201513396,0.6913556772816019,0.24509759383365823,1.0,1.0,0.96875,0.9878640776699029,0.9781553398058253,0.9951456310679612,0.970873786407767,0.003232754886730556,0.21559458546741356,0.9764829618160954,0.9986054708068652,0.8903938173461527
Donut/762985.jpg,Donut,32,32,RGB,33420b87681bf6a640ca6734de711ed299dc54a70d8a5a68a4434573c1e50207,0f132733300b030f,dup_0173,train,0.9635922330097088,0.0022751279759486475,-0.009750548468351319,0.6852005583582512,0.24364442252268936,1.0,1.0,0.9330357142857143,0.9587378640776699,0.9684466019417476,0.9781553398058253,0.9490291262135923,0.008351284456281423,0.7686306927773472,-0.6396927841711327,0.9984326130717546,0.8943269220978565
Donut/762997.jpg,Donut,32,32,RGB,c584c4abc51bd785ab0214f5af35cec90683a0e50259348ba100c5992999a012,1f0f073737172f0f,dup_0174,test,0.9648058252427184,-0.007668898356664634,-0.006695069993913561,0.6860360486021226,0.24427347172959027,1.0,1.0,0.9352678571428571,0.970873786407767,0.9587378640776699,0.9733009708737864,0.9563106796116505,0.008415053538694265,-0.8942996252747605,0.4474686360332119,0.9992355128170837,0.8940917128844063
Donut/763042.jpg,Donut,32,32,RGB,678aab0376a65eb50007887caa2b904a2245d612078f5e034638f5e5cd7de190,0f0f0f1333271f0f,dup_0175,val,0.9575242718446602,-0.006255366122899551,0.011897461057279514,0.6836772110948072,0.2436668877853377,1.0,1.0,0.921875,0.9635922330097088,0.9514563106796117,0.941747572815534,0.9733009708737864,0.02347723677304631,0.9996433461401808,-0.026705439851509208,0.9991645767284469,0.8954800612985012
Donut/763172.jpg,Donut,32,32,RGB,7ab2dca6a3c682f955b7112da3adca63e9c920872d8b6d3a2c9ef24da380a764,070333313103070f,dup_0176,train,0.970873786407767,-0.003951612903225805,0.00032258064516128116,0.6875499411789013,0.2442285957886879,1.0,1.0,0.9464285714285714,0.9757281553398058,0.9660194174757282,0.970873786407767,0.970873786407767,0.031471759000783125,-0.9994881304703257,0.03199182784607909,0.9990281553949718,0.892893666852217
Donut/763219.jpg,Donut,32,32,RGB,71fa68b39743ba195e8bded25d9d440a9c1a97ceeb8ce6a64c2267c0d45ea281,1f1f0f3732373f1f,dup_0177,train,0.9793689320388349,-0.010832633809009869,-0.010992525082943638,0.6904487428845478,0.24511095691628845,1.0,1.0,0.9620535714285714,0.9927184466019418,0.9660194174757282,0.9975728155339806,0.9611650485436893,0.026548742012021946,-0.9662640504201844,-0.25755346020890374,0.9986334547544896,0.8911576647414863
Donut/763366.jpg,Donut,32,32,RGB,71a1109740d87af695fd65c5eb557e7371b2b9e5f3924eab6cbd40a792b23627,0f0f1fb63811070f,dup_0178,test,0.9939320388349514,0.004765843475520895,-0.0035842293906810404,0.6947229652150467,0.2458506467817826,1.0,1.0,0.9888392857142857,0.9878640776699029,1.0,1.0,0.9878640776699029,0.01045588277537035,0.9632888682252485,-0.2684670489153554,0.9992386226297532,0.8880356758448034
Donut/763367.jpg,Donut,32,32,RGB,0374f55ab4ba0cbf9c4b9ad62518a524cee2fe112608aad391581064c62f5e3b,170b1d1636272f0f,dup_0179,train,0.9866504854368932,0.0018648573582510045,-0.010197198746181,0.6922424118889355,0.2450564888733291,1.0,1.0,0.9754464285714286,0.9830097087378641,0.9902912621359223,1.0,0.9733009708737864,0.007255538136923878,0.8663277021790597,0.49947603790086903,0.9989899514894605,0.8896186233714698
Donut/763490.jpg,Donut,32,32,RGB,0aca9927430a7e581be3ff7ee21d7774d431ef141f9af86aadec893478e52f67,0f0f1f1f1b1b230f,dup_0180,train,0.9951456310679612,0.003304484657749802,-0.002832415420928461,0.6950237041576716,0.24584740516437578,1.0,1.0,0.9910714285714286,0.9902912621359223,1.0,0.9975728155339806,0.9927184466019418,0.005565290065501607,0.9997009798321737,-0.02445303503845475,0.9990950337047897,0.8877677852363122
Donut/763505.jpg,Donut,32,32,RGB,a96480a68a3e9e7e801d4485659595babacfdfe62c18609be67fd5665fddf78a,0f1f0d56164d0b0f,dup_0181,train,0.9854368932038835,0.00023836008263149728,0.009852216748768473,0.6919746028161524,0.2451126858864476,1.0,1.0,0.9732142857142857,0.9854368932038835,0.9854368932038835,0.9733009708737864,0.9975728155339806,0.0047037264884950076,-0.6834556942250497,0.7299919958680063,0.9989655567666306,0.8898782588421328
Donut/763569.jpg,Donut,32,32,RGB,ff927224e0c262bbe4c17c96ef9303a9dda49905c67d858c31c535b7298bb100,070f0f16161b1f07,dup_0182,train,0.991504854368932,-0.00043431910609231106,0.002645398191653171,0.6938624123864905,0.24554481174488335,1.0,1.0,0.984375,0.9902912621359223,0.9927184466019418,0.9878640776699029,0.9951456310679612,0.007702743173968503,0.940046317564568,0.3410468015291967,0.9993176534338544,0.8885680239869138
Donut/763664.jpg,Donut,32,32,RGB,a9ed8c92c1fa067433dd7fbe3a077c261b2b0fdc8e650bcf73f86c5467c8b65a,0f0b0f179215070f,dup_0183,train,0.9866504854368932,0.008451374836329009,-0.0037693925326350367,0.6923968278470786,0.2452469274765339,1.0,1.0,0.9754464285714286,0.9757281553398058,0.9975728155339806,0.9902912621359223,0.9830097087378641,0.012885987223029513,0.9846263017729657,-0.17467411329928853,0.9989277466458044,0.8896186233714698
Donut/763695.jpg,Donut,32,32,RGB,226b8067763e98a1b1e3cc0f6f5c833b68e5c0a53dfb9207b06c109542e576b2,070f0f163319331f,dup_0184,test,0.9902912621359223,-0.0012650221378874152,0.0037160025300443096,0.6934967191494912,0.2454732864115959,1.0,1.0,0.9821428571428571,0.9902912621359223,0.9902912621359223,0.9854368932038835,0.9951456310679612,0.011898955990956727,0.7405170221882393,0.6720376030025869,0.9990683628412388,0.8888324556767063
Donut/769084.jpg,Donut,32,32,RGB,0d8ea4183891f2b23d58faa321ef1dd8f7cf03cc7344caadde82490debb2672c,0f0f17333339030f,dup_0185,train,0.9902912621359223,-0.008301707779886145,-0.0047438330170778385,0.6936319064503554,0.24563155079134652,1.0,1.0,0.9821428571428571,1.0,0.9805825242718447,1.0,0.9805825242718447,0.016811421193709312,-0.8611223004476951,-0.508397859625382,0.9988290599946513,0.8888324556767063
Donut/769108.jpg,Donut,32,32,RGB,23c73f13209a4d23ad6c8bae8a467d979e475d1c04c1d0208dab40c05e5231cd,0f35151797472f0f,dup_0186,train,0.9793689320388349,0.008274373426070273,-0.004197145940760269,0.6902478678457546,0.24487698375995143,1.0,1.0,0.9620535714285714,0.9684466019417476,0.9902912621359223,0.9902912621359223,0.9684466019417476,0.023694381822626266,0.7902264219567317,-0.6128149819002972,0.9993293488572712,0.8911576647414863
Donut/770974.jpg,Donut,32,32,RGB,de4ab168200727c2a3e79eaae8d9ec003854870558ea98f1547c709824dd7f0e,0f0f336b79330f0f,dup_0187,train,0.9635922330097088,0.006581620216137158,-0.006500365645567557,0.6853035350911771,0.24376357263968731,1.0,1.0,0.9330357142857143,0.9563106796116505,0.970873786407767,0.9781553398058253,0.9490291262135923,0.018212654708240048,0.5160156265530315,-0.8565791692266876,0.9988810240464655,0.8943269220978565
Donut/770979.jpg,Donut,32,32,RGB,d61d258adb394b142338bf6e9acfb1c3e7d799ea64441a02a5ada67195075361,0f073b6969332b0f,dup_0188,test,0.9429611650485437,0.0006227425582264321,-0.002034292356872944,0.6792898971306675,0.24290721328000986,1.0,1.0,0.8950892857142857,0.9441747572815534,0.941747572815534,0.9514563106796117,0.9344660194174758,0.01270402808002052,-0.9228739178410416,-0.38510223547614786,0.9987575910039862,0.8980810937492874
Donut/771037.jpg,Donut,32,32,RGB,0f6c09aa3c8e185ad268ad427ebcc0d48e5f27d2c471f19e9f57b9c4ef480483,0f27316969330f0f,dup_0189,train,0.9587378640776699,0.004818293180890158,-0.0012249897917517366,0.6837404961985403,0.24335872537928194,1.0,1.0,0.9241071428571429,0.9538834951456311,0.9635922330097088,0.9635922330097088,0.9538834951456311,0.014456766923406297,-0.8156434622472111,-0.5785548742283504,0.9987079535185798,0.8952525441444097
Donut/771845.jpg,Donut,32,32,RGB,963b3e03fc3ae514d17b1766dac8cb2d95cdbda9eb2d1b893b9043bb5989d567,0f0f3171693b170f,dup_0190,train,0.9745145631067961,0.009681436548427265,0.005664242959868252,0.68879727185656,0.24461661911635152,1.0,1.0,0.953125,0.9635922330097088,0.9854368932038835,0.970873786407767,0.9781553398058253,0.009462417884657886,0.9787162712111602,0.20521808026224841,0.999070383876594,0.892157811307043
Donut/771847.jpg,Donut,32,32,RGB,e2699f5715b147338da2a8e51e505007bbdc75391a95af0004d0479eb26a5e5a,1f13316971330b0f,dup_0191,train,0.9429611650485437,-0.00577074770623158,0.0155685639556608,0.6789717620166014,0.24256143420860266,1.0,1.0,0.8950892857142857,0.9490291262135923,0.9368932038834952,0.9247572815533981,0.9611650485436893,0.029597955821704703,0.810624890986536,-0.5855657829083482,0.9989339598960625,0.8980810937492874
Donut/771849.jpg,Donut,32,32,RGB,67de40db1e021f63bb848de13dc9c147ff8b0c7de77a4baa18bcd0a47c8d4d53,0f1f33696931370f,dup_0192,val,0.9514563106796117,-0.004690585911784071,0.01168531928900592,0.6815828442648916,0.2430438264343114,1.0,1.0,0.9107142857142857,0.9587378640776699,0.9441747572815534,0.9344660194174758,0.9684466019417476,0.0026444462867462916,0.9497980817834121,0.3128635546696849,0.9991208256530298,0.8965934450449601
Donut/782753.jpg,Donut,32,32,RGB,158c1577e63413993eee217bd0ea4c0c6bd1469d0b85ab9faf4597319fd6c278,0f0f2f331f0f0707,dup_0193,train,0.9733009708737864,-0.0037808704046335784,-0.002091545330222806,0.6883023143310385,0.2443957887921323,1.0,1.0,0.9508928571428571,0.9805825242718447,0.9660194174757282,0.9757281553398058,0.970873786407767,0.010133392060300173,-0.9994643310672582,0.032726914371478164,0.9985914928191532,0.8924044791784236
Donut/800962.jpg,Donut,32,32,RGB,c7d284f188f38d5843f75f1baaab765221c273cccdd5482522d9d69838d83540,0f0f0f16371f130f,dup_0194,train,0.9866504854368932,-0.0010713010355910013,-0.003848748164901034,0.6925083806125685,0.24539118368842533,1.0,1.0,0.9754464285714286,0.9878640776699029,0.9854368932038835,0.9927184466019418,0.9805825242718447,0.015245703840297936,-0.980567664374427,-0.1961811805023129,0.9990204699910666,0.8896186233714698
Donut/800986.jpg,Donut,32,32,RGB,8af065217ba2b18b9aebda728fef0974efd3846acf0bf96989d35b63317d93f0,0f2f0f12131d070f,dup_0195,test,0.9902912621359223,-0.0010278304870335222,-0.00490196078431376,0.6936157543819474,0.2456148617021671,1.0,1.0,0.9821428571428571,0.9927184466019418,0.9878640776699029,0.9975728155339806,0.9830097087378641,0.00846809852041921,-0.9022907211523253,-0.43112811845484705,0.9991381199535513,0.8888324556767063
Donut/805595.jpg,Donut,32,32,RGB,5408d87c9ad432e71e05826bd949121d142636aed26d44fc8cae7ea4a527720c,1707332a71331f17,dup_0196,train,0.9684466019417476,-0.00032338911795618273,0.002587112943649408,0.6863854097310259,0.24353944661848861,1.0,1.0,0.9419642857142857,0.970873786407767,0.9660194174757282,0.9635922330097088,0.9733009708737864,0.009846519407124466,0.9620422695434389,0.2729004793174782,0.9993119453524468,0.8933772208610211
Donut/809775.jpg,Donut,32,32,RGB,3ffa61d4a540154f7ec000b682752cc095c04ddf3eac9445b9f135cbc1e33dfd,0707233a383b330f,dup_0197,train,0.9963592233009708,0.0014537739185100775,-3.9291186986757757e-05,0.6953859385668494,0.2459152519127743,1.0,1.0,0.9933035714285714,0.9951456310679612,0.9975728155339806,0.9975728155339806,0.9951456310679612,0.0062796572306714924,0.8748468397020202,-0.4843996356970017,0.9992011600393486,0.8874987672817549
Edge Local/809656.jpg,Edge Local,32,32,RGB,b8c892759731985d881bda82cf4f7c14bc329fa4e9903f806bd8b01f7a961940,1f1b1d6a4c511707,dup_0198,test,0.9987864077669902,0.0005879355622623755,0.001058284012072247,0.696167525459546,0.24612637762773015,1.0,1.0,0.9977678571428571,0.9975728155339806,1.0,0.9975728155339806,1.0,0.0022150115806226093,-0.8490566037735973,0.5283018867924331,0.999213368733367,0.8869573996027482
Edge Local/809657.jpg,Edge Local,32,32,RGB,cdaf2cdc008e5318a0d87a448d6a99c03d6c981b2f19033d369a8f711013e8e5,073337ec2a0b3307,dup_0199,test,0.9939320388349514,0.0009846784040332401,-0.0015360983102918845,0.6946266801631946,0.2457299129190392,1.0,1.0,0.9888392857142857,0.9927184466019418,0.9951456310679612,0.9951456310679612,0.9927184466019418,0.0065171513444747175,-0.9364192438172919,0.3508831711676284,0.9991971894185081,0.8880356758448034
Edge Local/809658.jpg,Edge Local,32,32,RGB,b8ce4fed33b3f51d3709b7c779ce272c6ee54d5c395f84c1df86b6d386ed9c95,1f2f29afac2d3b07,dup_0200,train,0.9878640776699029,-0.002694776888325277,-0.00047554886264562334,0.6928059034905869,0.24537256173749522,1.0,1.0,0.9776785714285714,0.9927184466019418,0.9830097087378641,0.9854368932038835,0.9902912621359223,0.00678984732544096,-0.8218607005939798,0.5696885015683332,0.9993926836866465,0.8893577686913662
Edge Local/809659.jpg,Edge Local,32,32,RGB,9bc597f413a2473f6487529470b355d7ed7f7ae86377cbc114bd5c75fd3ff880,0f2f2deacd292307,dup_0201,train,0.9878640776699029,-0.0001585162875485444,0.006261393358167548,0.6928688252059196,0.24544495780099518,1.0,1.0,0.9776785714285714,0.9902912621359223,0.9854368932038835,0.9805825242718447,0.9951456310679612,0.010505898818642166,0.985912922136953,0.16725940919235097,0.9990337536318711,0.8893577686913662
Edge Local/809660.jpg,Edge Local,32,32,RGB,4aaeda0cfcf64d2687eae666b0af1f1d8cecdde407c7547bc11406d07c0f3464,0f2f298b48611307,dup_0202,train,0.9902912621359223,-0.0025300442757748226,-0.0005534471853257275,0.6934419464543015,0.24539943154927416,1.0,1.0,0.9821428571428571,0.9927184466019418,0.9878640776699029,0.9927184466019418,0.9878640776699029,0.015621700473362903,-0.8699400988701266,-0.4931574032475172,0.9989861324229052,0.8888324556767063
Edge Local/809661.jpg,Edge Local,32,32,RGB,cce5ae70074f345ea42389132e2d64bff601417e8a14fc521c8049ab8ecfee3f,1f1b6dca2e373307,dup_0203,train,0.9878640776699029,-0.002457002457002459,-0.0020607117381310695,0.6927176036241269,0.24526756618198797,1.0,1.0,0.9776785714285714,0.9927184466019418,0.9830097087378641,0.9927184466019418,0.9830097087378641,0.003904147473682592,-0.9943799933776205,0.10586986714983367,0.9992056686578955,0.8893577686913662
Edge Local/809662.jpg,Edge Local,32,32,RGB,6d100277797ef52a609c0d4afac4b2f0120ae0773b249e63262cdf33ef46bf7a,0f17550a69231307,dup_0204,train,0.9927184466019418,0.006151904724347346,-0.0004732234403343978,0.6942317886572299,0.24562337861158556,1.0,1.0,0.9866071428571429,0.9854368932038835,1.0,0.9951456310679612,0.9902912621359223,0.006214921436564025,0.45016745199271296,-0.8929441556818593,0.9992722100288093,0.8883024263804546
Edge Local/809669.jpg,Edge Local,32,32,RGB,0f2c1a21b565203d1e484edf61b9f48c34a7d346acc27b6ad9dda969df9ff374,1f272bac6a530307,dup_0205,train,0.991504854368932,-3.948355509930111e-05,-0.0025664310814546057,0.6939036975417577,0.2455941262975183,1.0,1.0,0.984375,0.9927184466019418,0.9902912621359223,0.9951456310679612,0.9878640776699029,0.0033967912172240353,-0.934376366934905,-0.35628753123499546,0.9993866438639278,0.8885680239869138
Edge Local/809702.jpg,Edge Local,32,32,RGB,6f483d9326af466d23796f88b7c6bdfb1ce6ade1d49233bf32779f98b257093f,072951cc0a152f0f,dup_0206,train,0.9733009708737864,-0.0026546536883597467,0.0001608881023248285,0.6881592663492063,0.24420394152956076,1.0,1.0,0.9508928571428571,0.9805825242718447,0.9660194174757282,0.9733009708737864,0.9733009708737864,0.012849707491899407,0.715209607001642,0.6989100214280496,0.9990646785836365,0.8924044791784236
Edge Local/809706.jpg,Edge Local,32,32,RGB,18ec4d8941adc986f4ddc4e97a61ef1c261198a7e29c44665f23e8dcc5333513,07614d2c4f47270f,dup_0207,train,0.9696601941747572,-0.01570511526504905,0.0009285800799386421,0.6869610436807629,0.24387408323078952,1.0,1.0,0.9441964285714286,0.9902912621359223,0.9490291262135923,0.9684466019417476,0.970873786407767,0.012970799361590906,-0.9972963624480436,-0.073484457185859,0.9990999759302179,0.893136155863885
Edge Local/809710.jpg,Edge Local,32,32,RGB,260df56b746551cd0ccf5e1269620486029732bdfb509940158c7156508d5997,072171b43465230f,dup_0208,train,0.9635922330097088,8.125457056959447e-05,0.0016250914113918446,0.685036870763063,0.24341608975790316,1.0,1.0,0.9330357142857143,0.9684466019417476,0.9587378640776699,0.9587378640776699,0.9684466019417476,0.02867670740509136,-0.9470290823159311,0.32114781214862026,0.9986077585289417,0.8943269220978565
Edge Local/809712.jpg,Edge Local,32,32,RGB,b0dd70ac5cbab0ccc5dc2cacf508a06969c9e695850370d0ccf7da2d04b65cc0,07094d8dac33070f,dup_0209,train,0.9757281553398058,-0.008024394158241056,-0.004413416787032595,0.6887524442945655,0.24417249042634212,1.0,1.0,0.9553571428571429,0.9854368932038835,0.9660194174757282,0.9830097087378641,0.9684466019417476,0.013645635347247437,-0.9242397176609498,0.38181270840296516,0.9990785792057792,0.8919097810066157
Edge Local/809747.jpg,Edge Local,32,32,RGB,4b4671c3d2b7d67ffb23e427b4d04880d8c99a6c92e4bbcbbfe22c5645a37aa4,0707676acd5d230f,dup_0210,test,0.9842233009708737,-0.010063243307744324,0.00035798098723200127,0.691739742322816,0.2451994915326876,1.0,1.0,0.9709821428571429,0.9975728155339806,0.970873786407767,0.9854368932038835,0.9830097087378641,0.007979144982768742,0.38209621135371835,-0.9241225488370763,0.9990977840340164,0.8901366614363251
Edge Local/809884.jpg,Edge Local,32,32,RGB,9155d14e1d8f10d5550e1210dc516bad36020d2958558108d235258f06e9bb52,0f3741c28c373b0f,dup_0211,train,0.9648058252427184,-0.002312842361533781,-0.0010955569080949529,0.6857332698821227,0.24390163796969652,1.0,1.0,0.9352678571428571,0.970873786407767,0.9587378640776699,0.9660194174757282,0.9635922330097088,0.027023745643300998,0.992474637379962,-0.12245037426448659,0.9990750788575655,0.8940917128844063
Edge Local/809885.jpg,Edge Local,32,32,RGB,e2fef4fa0ed1e6022200192bee1ffa63385585a173b36c98579dbd5ebe0843e2,072b51681e0d030f,dup_0212,train,0.9854368932038835,0.0033370411568409337,0.008342602892102344,0.6921243456454367,0.24529630906374267,1.0,1.0,0.9732142857142857,0.9830097087378641,0.9878640776699029,0.9733009708737864,0.9975728155339806,0.003686472907503318,-0.3194610036549989,0.9475994233555342,0.9987049649600908,0.8898782588421328
Edge Local/809900.jpg,Edge Local,32,32,RGB,418b18c06a90d54389b1dc2e3aed3f5401c2572084e67f99601098be51a79c6d,0f3751884e7d3b0f,dup_0213,train,0.9660194174757282,-0.0036472686010698644,0.000891554546928164,0.6861087274105795,0.24399524561673905,1.0,1.0,0.9375,0.9733009708737864,0.9587378640776699,0.970873786407767,0.9611650485436893,0.011372227020227405,-0.5192007566180044,0.8546523119534001,0.999105358883895,0.893855015427461
Edge Local/809910.jpg,Edge Local,32,32,RGB,0e69bb3fe72e094264b3e21dfa52520876a32f54f2317fd62db4f96672c040ef,175f77dcdc49070f,dup_0214,train,0.9866504854368932,-0.005753283339285009,-0.0014680791969209947,0.6927070971541355,0.2456021721209569,1.0,1.0,0.9754464285714286,0.9927184466019418,0.9805825242718447,0.9854368932038835,0.9878640776699029,0.00408363846025463,0.9590972964798198,0.2830766254657929,0.99933805794768,0.8896186233714698
Edge Local/809911.jpg,Edge Local,32,32,RGB,9a252db8c6696c3f11672b8713e2a438b4c8fe949d3272ad6f120e6176337fcc,071b050e3a39170f,dup_0215,train,0.9817961165048543,0.0035487858367558504,0.010885601499262338,0.6911500660154393,0.24522366529990994,1.0,1.0,0.9665178571428571,0.9781553398058253,0.9854368932038835,0.9684466019417476,0.9951456310679612,0.008595920331616151,0.11296834788066579,0.9935985871452881,0.9989724383916725,0.8906497126211487
Edge Local/809922.jpg,Edge Local,32,32,RGB,ef8f8b325b6cdc07e8aa5bc630ab99e1240611189d5f91aa4b543ef2439d4879,0f3f3918080b270f,dup_0216,train,0.9878640776699029,-0.0053895537766505495,-0.010065784259332675,0.6930086627071357,0.24561261126229536,1.0,1.0,0.9776785714285714,0.9975728155339806,0.9781553398058253,1.0,0.9757281553398058,0.018038441597329428,-0.8681765570953575,0.49625544401049293,0.9992222979975327,0.8893577686913662
Edge Local/809927.jpg,Edge Local,32,32,RGB,12e3944f2bc833e348905849637385a15e1f53b4e438c5f4b69bd8c039243c61,0f3b79ddc54d0b0f,dup_0217,train,0.9830097087378641,-0.007327757865392274,0.009557945041816054,0.6913077189668044,0.24504416840056586,1.0,1.0,0.96875,0.9927184466019418,0.9733009708737864,0.970873786407767,0.9951456310679612,0.007706739879110635,0.9996048812418589,-0.028108386603455392,0.9992000936942093,0.8903938173461527
Edge Local/809955.jpg,Edge Local,32,32,RGB,78e53a51d6d7593cf6c5eb4b1076c4404ca43d4edda41859c9f2efa69e827b8d,0f0727456d211f0f,dup_0218,val,0.9769417475728155,0.0018032458425165292,0.005970747345221441,0.6895028580285208,0.24472433773261415,1.0,1.0,0.9575892857142857,0.9733009708737864,0.9805825242718447,0.9684466019417476,0.9854368932038835,0.017265926646689883,0.9412268883303684,-0.33777499120558374,0.9993189407282934,0.8916604032756271
Edge Local/809962.jpg,Edge Local,32,32,RGB,1cf405e3ee5ccdfd3196f06ea4954a91e8ab2add9efe87f61da32e881b4b59e9,07174de8987d330f,dup_0219,test,0.9733009708737864,-0.005872415734856408,-0.001367548869761113,0.6882840309969189,0.24436233477593758,1.0,1.0,0.9508928571428571,0.9805825242718447,0.9660194174757282,0.9781553398058253,0.9684466019417476,0.001899205940584816,-0.30786790613463827,0.9514291105343968,0.9982189627914801,0.8924044791784236
Edge Local/809967.jpg,Edge Local,32,32,RGB,636820f4cae1398464185a03511b7235b369cafb91d836d1a79c8e4170e815f4,0f774d8fa7511f0f,dup_0220,train,0.9878640776699029,-0.007767298089878733,-0.0045969723389078666,0.6930600695265055,0.24567574157564537,1.0,1.0,0.9776785714285714,1.0,0.9757281553398058,0.9902912621359223,0.9854368932038835,0.004621104739215837,-0.9803671346344986,0.19718083408014808,0.9994007690286386,0.8893577686913662
Edge Local/809978.jpg,Edge Local,32,32,RGB,f95d95b4e2b0b13b536f6bba4e52ffed29e159651660684cf1cceff6ea3f340a,0f015982880d0f07,dup_0221,val,0.9830097087378641,0.002947033054559937,-0.0028673835125447565,0.6912864212584189,0.24502036877145333,1.0,1.0,0.96875,0.9757281553398058,0.9902912621359223,0.9878640776699029,0.9781553398058253,0.005645143302262281,-0.9861259907462588,-0.16599858545996513,0.9987138478634531,0.8903938173461527
Edge Local/810012.jpg,Edge Local,32,32,RGB,7a60f03af6b945c2c456bed352495270f42ee3a836df47799f0aed305b351567,1f3f35440e6d070f,dup_0222,train,0.9757281553398058,0.012437810945273627,-0.002728294013801951,0.6889823755901943,0.24445653854188842,1.0,1.0,0.9553571428571429,0.9563106796116505,0.9951456310679612,0.9757281553398058,0.9757281553398058,0.007377262550727826,-0.9901788753800342,-0.13980627579307983,0.998612698137043,0.8919097810066157
Edge Local/810023.jpg,Edge Local,32,32,RGB,07d92c29dc16d883be24415b7836bfe49c2cedf9810fe140905a4451802a9b0e,0733290a7279030f,dup_0223,train,0.9890776699029126,-0.0016227983376212159,0.0013853156540669213,0.6932341681929327,0.2455233364615975,1.0,1.0,0.9799107142857143,0.9902912621359223,0.9878640776699029,0.9878640776699029,0.9902912621359223,0.015173602486820672,-0.9743143345980229,0.22519231202865686,0.9993613565287779,0.8890957083296698
Edge Local/810024.jpg,Edge Local,32,32,RGB,0547548f8eac7381a0e6745ab7725412c8f489107bb9ba404fafc362e1cfcf3d,0f1b61cc4a5b3b0f,dup_0224,train,0.9672330097087378,-0.014206500182134622,0.003440320556927196,0.6866861462379212,0.24430881950814504,1.0,1.0,0.9397321428571429,0.9854368932038835,0.9490291262135923,0.9660194174757282,0.9684466019417476,0.01098957121944556,0.25525221041578916,-0.9668745053407157,0.9986203506589116,0.8936168460393795
Edge Local/810031.jpg,Edge Local,32,32,RGB,a9054aaa586ba4ed86c3f98d40c86c7b6a0df5b4fb6ca802d7d18b7b290b405e,0f2761a8eaeb330f,dup_0225,train,0.9781553398058253,8.004482510205268e-05,-0.0048827343312254886,0.68956123519282,0.24441081271979975,1.0,1.0,0.9598214285714286,0.9757281553398058,0.9805825242718447,0.9854368932038835,0.970873786407767,0.006087854412346752,0.911585196297855,-0.41111121353059843,0.9992410066263332,0.8914096929572992
Edge Local/810048.jpg,Edge Local,32,32,RGB,54c64dc375ced9e4735fc37b13a3fd03176bd39fea50931dc9ac24659d862739,0f2b5bf264690b0f,dup_0226,train,0.9817961165048543,-3.9873998165797144e-05,0.00482475377806133,0.6909752191195034,0.2450029472507785,1.0,1.0,0.9665178571428571,0.9805825242718447,0.9830097087378641,0.9805825242718447,0.9830097087378641,0.015181521240769118,-0.9990944059050619,-0.042548420525459346,0.9990683552520395,0.8906497126211487
Edge Local/810055.jpg,Edge Local,32,32,RGB,a26d9cf0059873cde97e8e6442d42479867d3228f652758803603df9cf847425,0f0701280c55130f,dup_0227,train,0.9793689320388349,0.009393612343606346,0.004596874125594606,0.6904232753431615,0.24507747914769898,1.0,1.0,0.9620535714285714,0.9684466019417476,0.9902912621359223,0.9733009708737864,0.9854368932038835,0.004985868171093752,0.8573588465982563,-0.5147191546462085,0.9988850215159233,0.8911576647414863
Edge Local/810067.jpg,Edge Local,32,32,RGB,69e59377eb45e6782d646ec7df91769b2aca85dbbf4a8fca1f9d66147a29f9f3,0f674fce8e2b0f17,dup_0228,train,0.9951456310679612,-0.0018095987411487035,0.0022816679779701066,0.6951529008589793,0.24599825417960047,1.0,1.0,0.9910714285714286,1.0,0.9902912621359223,0.9927184466019418,0.9975728155339806,0.006446518831154963,0.34411080576445296,0.9389290459646772,0.999082751229514,0.8877677852363122
Edge Local/810092.jpg,Edge Local,32,32,RGB,30bf4ea65ba8eaf10a564296ee85f41438a13514d7e6cb93fb1e24ce8f15ea8a,0f0f69d5d561331f,dup_0229,train,0.9842233009708737,-0.0010739429616960345,-0.004494650173024156,0.6916662840907121,0.24511366257225978,1.0,1.0,0.9709821428571429,0.9854368932038835,0.9830097087378641,0.9927184466019418,0.9757281553398058,0.0101413076620417,0.927292003837391,-0.3743388032507934,0.9990167405957779,0.8901366614363251
Edge Local/810095.jpg,Edge Local,32,32,RGB,c2bfa320176e2c34ad548035de3057ac9e859d84e63dbbce6b48d4af8a35866d,0f2729089869230f,dup_0230,val,0.9696601941747572,-4.0373046953853574e-05,0.0023012636763696612,0.6875147926503025,0.24457688378355322,1.0,1.0,0.9441964285714286,0.9733009708737864,0.9660194174757282,0.9684466019417476,0.970873786407767,0.006694490299853898,-0.7883594450087757,-0.6152149099830523,0.9990066730864756,0.893136155863885
Edge Local/810106.jpg,Edge Local,32,32,RGB,48fdad8568afbb619463e4e403218b6ac77c189292e07ecd5ed38ed15ac7fb06,1f374194d419131f,dup_0231,test,0.9830097087378641,0.0054161688570290726,-0.007248108323377181,0.6918327388072042,0.2454913143650005,1.0,1.0,0.96875,0.9781553398058253,0.9878640776699029,0.9951456310679612,0.970873786407767,0.014865329868959982,0.9567421797960235,-0.2909371090100978,0.999189799433606,0.8902010410222554
Edge Local/810111.jpg,Edge Local,32,32,RGB,1d546186505051ae9716289f74fd261b16dc1bd65e96eac75ee6300001d869ab,070301342c250307,dup_0232,val,0.9817961165048543,0.006100721719366798,0.0011563459468080888,0.6907286625536737,0.24471101183971194,1.0,1.0,0.9665178571428571,0.970873786407767,0.9927184466019418,0.9805825242718447,0.9830097087378641,0.017704485961606935,-0.8920539866032436,0.451928849472193,0.9991819665785734,0.8906497126211487
Edge Local/810124.jpg,Edge Local,32,32,RGB,95c54f20b0e13b116ca0b41c0c11b93511419db15e70679befbc6dfde49c6b3f,0f3b6dcdcd61370f,dup_0233,train,0.9635922330097088,-0.014463313561387829,-0.005687819939871635,0.6857543402576277,0.24432310274192212,1.0,1.0,0.9330357142857143,0.9830097087378641,0.9441747572815534,0.9733009708737864,0.9538834951456311,0.02165832194324731,-0.97161467815616,-0.23656905374858678,0.9993389321928241,0.8943269220978565
Edge Local/810129.jpg,Edge Local,32,32,RGB,b5a3f2d98ed2e2c0038a65f4a2f69c0831ac8f5a2aad7e0560b86175f005cc69,0f33afcd9a37070f,dup_0234,val,0.970873786407767,-0.017983870967741934,-0.003548387096774235,0.687617333207794,0.24431579450098811,1.0,1.0,0.9464285714285714,0.9927184466019418,0.9490291262135923,0.9733009708737864,0.9684466019417476,0.014560658928407978,0.45824453331116055,-0.8888261628071243,0.9990955769298803,0.892893666852217
Edge Local/810150.jpg,Edge Local,32,32,RGB,ad9f5f47326a48ba1a9ec92752f48165080f9110a30d95075e9bab1c63c03bca,0f0f55cccc652b0f,dup_0235,train,0.9599514563106796,-0.005831736062966437,0.001835161698136311,0.6859992515383256,0.2434451507927763,0.9875,1.0,0.9285714285714286,0.9635922330097088,0.9563106796116505,0.9587378640776699,0.9611650485436893,0.010265963492061669,0.13502500388815597,0.9908421914336326,0.9991846690774641,0.8933915691673925
Edge Local/810159.jpg,Edge Local,32,32,RGB,f7d38bf17e92e941d23b6044db4e5ea0718a34ebaacb81f8d0c19452bc5c05fe,0f4b73929c27270f,dup_0236,test,0.9733009708737864,-0.013916820851098062,-0.008687957525541024,0.6880685518775589,0.24409824030355282,1.0,1.0,0.9508928571428571,0.9902912621359223,0.9563106796116505,0.9830097087378641,0.9635922330097088,0.0014107430743327902,0.023523103617138233,-0.9997232935148692,0.9990527645320277,0.8924044791784236
Edge Local/810182.jpg,Edge Local,32,32,RGB,a27e4bb633378e63c05b696b991f3e030301567e48b3910991d9843403bd3e57,070329f8c86d330f,dup_0237,test,0.9854368932038835,0.0007150802478944831,0.0038932146829811195,0.6920328676999036,0.2451782255019816,1.0,1.0,0.9732142857142857,0.9854368932038835,0.9854368932038835,0.9854368932038835,0.9854368932038835,0.003301075887859298,0.10634571219160618,-0.994329215852808,0.999106588705212,0.8898782588421328
Edge Local/810187.jpg,Edge Local,32,32,RGB,b3ecca6cc004cf67a3603cd1d6b7af65359be3186eecec747bf518c0d9f9b96e,0f1f2b131553330f,dup_0238,train,0.9939320388349514,-0.002560163850486431,0.001772421127259856,0.6946307454057153,0.24573910323160839,1.0,1.0,0.9888392857142857,0.9975728155339806,0.9902912621359223,0.9927184466019418,0.9951456310679612,0.004278207541646961,-0.537662197896039,0.8431603411887922,0.9990527493288944,0.8880356758448034
Edge Local/810192.jpg,Edge Local,32,32,RGB,09bfcb436e32893f7b86e1f98d8cada883407f0b33865b3b8797244ee88412a9,0f2b596c4c71330f,dup_0239,train,0.9660194174757282,0.00016210082671421386,-0.0009726049602853056,0.6862195257418279,0.2441336696936774,1.0,1.0,0.9375,0.9660194174757282,0.9660194174757282,0.9684466019417476,0.9635922330097088,0.001460228062013854,0.1624129107354882,0.9867228822858151,0.9988028424266822,0.893855015427461
Edge Local/810197.jpg,Edge Local,32,32,RGB,427fb55d970006f9151ec7b7ca23a2319eca73959acab42bde1406592771452c,0f0b3132b965030f,dup_0240,test,0.9817961165048543,-0.0017145819211292356,0.006738705690019557,0.6909178404773183,0.24493375554321145,1.0,1.0,0.9665178571428571,0.9830097087378641,0.9805825242718447,0.970873786407767,0.9927184466019418,0.011859607862403932,0.9745309552470314,-0.22425302063809202,0.9993233897505646,0.8906497126211487
Edge Local/810215.jpg,Edge Local,32,32,RGB,e98336bee842b614aeb82d06c850c367d561a505d275a039c5c0a34d9d9bca8b,0f2b55b8a643030f,dup_0241,test,0.9733009708737864,-0.008929289679028236,-0.008527069423216195,0.6882872252921688,0.2443745759273898,1.0,1.0,0.9508928571428571,0.9830097087378641,0.9635922330097088,0.9830097087378641,0.9635922330097088,0.012830280556993898,0.9850191757149537,-0.1724448418301723,0.9990013945449633,0.8924044791784236
Edge Local/810232.jpg,Edge Local,32,32,RGB,f4154a5ee797f6ea6fa6a4de749545a781479cb61ab0ab7e32bc55952568f190,072b65cc6c7d330f,dup_0242,train,0.9769417475728155,0.0037267080745341584,0.013263874974954966,0.6894304507574612,0.24463251940285388,1.0,1.0,0.9575892857142857,0.970873786407767,0.9830097087378641,0.9587378640776699,0.9951456310679612,0.021613013011321673,-0.9997565563501697,0.02206417990431292,0.9990464828853645,0.8916604032756271
Edge Local/810236.jpg,Edge Local,32,32,RGB,50ae965c215e8386cb92e2cf2acd627f81a4d8171cfcc8ac7f72e605ddd4c5b0,0f3353c964450b0f,dup_0243,test,0.9830097087378641,-0.011310234966148946,-0.0039028275587415667,0.6912451726035543,0.24496895680753775,1.0,1.0,0.96875,0.9975728155339806,0.9684466019417476,0.9878640776699029,0.9781553398058253,0.013051679306194061,-0.9864651253398854,-0.1639712062777004,0.9992684777818325,0.8903938173461527
Edge Local/810239.jpg,Edge Local,32,32,RGB,884febd81db149da9bff08ad8ba0982b97b9f58433e7175cfd2c5d2bbfadf1c3,0f33311850713307,dup_0244,val,0.9830097087378641,-0.0008761449621664723,-0.0024691358024691358,0.6913239141971619,0.24506138926829357,1.0,1.0,0.96875,0.9854368932038835,0.9805825242718447,0.9854368932038835,0.9805825242718447,0.011664048505975234,-0.8449903756331268,0.5347815115422253,0.9994922487556414,0.8903938173461527
Edge Local/810289.jpg,Edge Local,32,32,RGB,b1d6a82ba3e1e0e48ea5d1bed9e6ad4617d920d87efe3ebf0d5cc9df6e6ad70e,0f7b4dce874d6707,dup_0245,test,0.9745145631067961,-0.00855662234363074,-0.00751215201060539,0.6887666732719718,0.2445756327757065,1.0,1.0,0.953125,0.9902912621359223,0.9587378640776699,0.9805825242718447,0.9684466019417476,0.014676180705342944,0.6214189417741369,0.7834784609702502,0.9991926765066838,0.892157811307043
Edge Local/810313.jpg,Edge Local,32,32,RGB,5aefe2d7782e71766fcd0ea10da2960bcaf1cf3520d71ec723f3b5323e47cbf4,1f376ddcd0371707,dup_0246,train,0.9769417475728155,0.00020036064916850312,-0.0044480064115407884,0.6896233582365767,0.24484959213398494,1.0,1.0,0.9575892857142857,0.9733009708737864,0.9805825242718447,0.9878640776699029,0.9660194174757282,0.013054770197444627,-0.938679081058105,-0.3447920863127683,0.9989129858765444,0.8916604032756271
Edge Local/810323.jpg,Edge Local,32,32,RGB,e36ecc1acd6ba3fb86bf6b95fa42ba57c728d9e11610bb2a8b07f91f47e65dd6,1f33652d656d1b0f,dup_0247,train,0.9927184466019418,-0.006073034150958276,-0.0029970817887846235,0.694359232243341,0.24578099663258354,1.0,1.0,0.9866071428571429,1.0,0.9854368932038835,0.9975728155339806,0.9878640776699029,0.010175807037531204,-0.8453941277496694,-0.5341430227629822,0.9990613541842585,0.8883024263804546
Edge Local/810325.jpg,Edge Local,32,32,RGB,a5ed316c1c4660ab5861a207e761590cd15595851df5bbf7f2cf2deac87c0b97,0f0b69644469330f,dup_0248,train,0.9757281553398058,0.008184882041405874,-0.003290001604878809,0.6890754336108593,0.24457541358322651,1.0,1.0,0.9553571428571429,0.9635922330097088,0.9878640776699029,0.9781553398058253,0.9733009708737864,0.006585753864862367,0.9932031767578292,0.11639351218240779,0.9989109765069772,0.8919097810066157
Edge Local/810345.jpg,Edge Local,32,32,RGB,66e64006fda22ad8be43b27e04cf5f1c6d4880f41fa8fc0976e9cbdfcb17ca00,0f276decec693b07,dup_0249,train,0.9842233009708737,-0.007119844079392229,0.0029831748936001157,0.6917612602663717,0.24522250977964724,1.0,1.0,0.9709821428571429,0.9927184466019418,0.9757281553398058,0.9805825242718447,0.9878640776699029,0.005592030777576587,-0.9835966674416742,0.1803818056169542,0.999292712536475,0.8901366614363251
Edge Local/810363.jpg,Edge Local,32,32,RGB,bee9d9602b20adfdec369ed42cc7adb2373ea7980417af0300657126884d5947,0f1b1dbdce4d170f,dup_0250,train,0.9854368932038835,-0.00468774829175274,0.00031781344350865137,0.6920115399920236,0.24515479307747884,1.0,1.0,0.9732142857142857,0.9902912621359223,0.9805825242718447,0.9854368932038835,0.9854368932038835,0.01943923879904272,0.9969209255136675,-0.07841344446568242,0.9988899722472385,0.8898782588421328
Edge Local/810368.jpg,Edge Local,32,32,RGB,de2b3b78c7368f2c9b7e57116d99f499b0f32e48338a441fc40f2c2357e9e88b,0f2b4d6cac25270f,dup_0251,train,0.9757281553398058,0.008505857807735513,-0.01299951853635049,0.6890391922328819,0.2445293424184692,1.0,1.0,0.9553571428571429,0.9684466019417476,0.9830097087378641,0.9927184466019418,0.9587378640776699,0.007216491330361643,0.5487422292410585,0.8359916063260167,0.9993909152109595,0.8919097810066157
Edge Local/810383.jpg,Edge Local,32,32,RGB,0b398e7331dcdfdea48b3af21f2a3263fd77f1ab9884564edfb54aae4a365a4a,071765476a63170f,dup_0252,test,0.9842233009708737,-0.0019490075971520617,0.004574201503520121,0.6918278466836478,0.24530673044678614,1.0,1.0,0.9709821428571429,0.9878640776699029,0.9805825242718447,0.9805825242718447,0.9878640776699029,0.014099941469471135,-0.9127535031851692,-0.40851076169814826,0.9987630213762593,0.8901366614363251
Edge Local/810387.jpg,Edge Local,32,32,RGB,11922675df8afbdeeaa1006c6b5b4b6d3e6de60ef5da100ff2498a9255a8489d,0f113108882d030f,dup_0253,train,0.9745145631067961,0.010806250753223792,0.007913871369461317,0.6890168864172598,0.24486679500468508,1.0,1.0,0.953125,0.9635922330097088,0.9854368932038835,0.9611650485436893,0.9878640776699029,0.009791995737154184,0.34315416000510574,-0.9392790972182817,0.998628747541188,0.892157811307043
Edge Local/810419.jpg,Edge Local,32,32,RGB,37a8b7b3a080ee2bdb57cbc24c5a000b0c61ac87a2f5a670c5e5c5ac4af7d2bb,072b05216061030f,dup_0254,train,0.9733009708737864,0.015847478078996054,0.000643552409299314,0.6885630365729283,0.24470172896642703,1.0,1.0,0.9508928571428571,0.9538834951456311,0.9927184466019418,0.970873786407767,0.9757281553398058,0.007167864949668442,0.9822405862182372,-0.18762577324465238,0.9985839655993533,0.8924044791784236
Edge Local/810433.jpg,Edge Local,32,32,RGB,9bc203a6820039007759846792fc78d8ac57b374026d990052fe87cdcef018b7,0717332d4c692307,dup_0255,train,0.9793689320388349,-0.0071551345085342005,0.015389535116121093,0.6905505537290045,0.24522393082849958,1.0,1.0,0.9620535714285714,0.9902912621359223,0.9684466019417476,0.9587378640776699,1.0,0.01789369371824803,0.9270787608688613,0.3748666044686519,0.9988742270290695,0.8911576647414863
Edge Local/810441.jpg,Edge Local,32,32,RGB,5955f1f6e42a9beb1604005e31d4f52e293a3bc6217edb0b292f78a933794cde,0f7b6daaa849130f,dup_0256,train,0.9781553398058253,0.000720403425918512,-0.004242375730409014,0.6900103638711713,0.24493866822199517,1.0,1.0,0.9598214285714286,0.9805825242718447,0.9757281553398058,0.9781553398058253,0.9781553398058253,0.003733500048123641,-0.9593467408598785,0.28223010257860354,0.9991663728583127,0.8914096929572992
Edge Local/810442.jpg,Edge Local,32,32,RGB,4adad21ff1f08c6f6607af6925c1c1e5c2a293131a2e4aca003c80ae2cf6833d,071b2dae424b0b0f,dup_0257,train,0.9830097087378641,0.0022301871764237313,-0.0007168458781362155,0.6911515015933218,0.24485564687731196,1.0,1.0,0.96875,0.9805825242718447,0.9854368932038835,0.9854368932038835,0.9805825242718447,0.004208640766769383,0.8280602316934434,-0.5606391465887846,0.9992042988093799,0.8903938173461527
Edge Local/810450.jpg,Edge Local,32,32,RGB,1234980e357d6bd26997ebf12d6348386da004ef9c7ef6865cc37cd7e5914b3a,0f3f6f76b61d1f0f,dup_0258,train,0.9805825242718447,-0.006547428936442031,0.004870648355158099,0.6906420600082666,0.24498173100817253,1.0,1.0,0.9642857142857143,0.9927184466019418,0.9684466019417476,0.9733009708737864,0.9878640776699029,0.024230229096384413,0.9555890971133026,0.29470235404248646,0.9990209579598897,0.8909043331665394
Edge Local/810470.jpg,Edge Local,32,32,RGB,73597ce52a30a6303c5574f79d03dd73c399da47c5fd66e588eea56fc25e3227,0f1f57ce4d0d0b0f,dup_0259,test,0.9696601941747572,-0.00763050587427833,0.007549759780370624,0.6875659089793563,0.24462488152494785,1.0,1.0,0.9441964285714286,0.9805825242718447,0.9587378640776699,0.9563106796116505,0.9830097087378641,0.02116515839859583,-0.5104937344166918,-0.8598814727166182,0.9984934443805573,0.893136155863885
Edge Local/810480.jpg,Edge Local,32,32,RGB,6fb980bc62d9c6b5d71ab228639be704b330b7248a04424de2c632a9133dd51d,171f5f777f4f0f0f,dup_0260,train,0.9878640776699029,0.0022984861694539116,-0.00443845605135929,0.6928471420566904,0.24542283220392333,1.0,1.0,0.9776785714285714,0.9830097087378641,0.9927184466019418,0.9927184466019418,0.9830097087378641,0.02124530773732047,0.9997230924597452,0.023531646834076783,0.999086536293626,0.8893577686913662
Edge Local/810493.jpg,Edge Local,32,32,RGB,f3318e1a5d39755f7b2cbba8f3803559309184570b0637cda4c4966644273d58,0f2f7d7d6e33170f,dup_0261,val,0.9830097087378641,-0.00254878534448427,-0.0012743926722421335,0.6913691606729047,0.24512245666967067,1.0,1.0,0.96875,0.9854368932038835,0.9805825242718447,0.9854368932038835,0.9805825242718447,0.022702056435853327,0.9918458450450033,-0.12744339789476522,0.9991050475401516,0.8903938173461527
Edge Local/810511.jpg,Edge Local,32,32,RGB,1fa588fcae42ee34979fc35f241a7c3d4f606f65c6770bb5d789f466f14e1ff1,0f2f5f5f7e1f1f0f,dup_0262,val,0.9963592233009708,0.0016109386664571123,0.003339750893874513,0.6953560266080936,0.24587613339378475,1.0,1.0,0.9933035714285714,0.9927184466019418,1.0,0.9927184466019418,1.0,0.0068949062297309575,-0.7835058056151964,0.6213844643755442,0.9992589163277379,0.8874987672817549
Edge Local/810514.jpg,Edge Local,32,32,RGB,0354821bd929e57da2b142b1f59b154b8d895dc5da519ef8e64665e673f9376b,0f1b2b798b0b0f0f,dup_0263,train,0.9878640776699029,-0.0061821352143932775,0.005627328207973349,0.6931035581300871,0.2457195607523552,1.0,1.0,0.9776785714285714,0.9975728155339806,0.9781553398058253,0.9781553398058253,0.9975728155339806,0.007722254067578178,0.8445253896677525,-0.5355155144405537,0.999031207359569,0.8893577686913662
Edge Local/810538.jpg,Edge Local,32,32,RGB,dad1c6cc17878083da0011f1a4bd95eec24a2f739e8431417e68d3d3dce82135,1f3f3b7b3f5f170f,dup_0264,train,0.9902912621359223,0.005929791271347248,0.005929791271347254,0.6935436174781398,0.2455278000371129,1.0,1.0,0.9821428571428571,0.9805825242718447,1.0,0.9830097087378641,0.9975728155339806,0.012158153267292532,-0.9486667669763146,0.31627735491923376,0.9992918523562744,0.8888324556767063
Edge Local/810541.jpg,Edge Local,32,32,RGB,87411e1c0b7e55af30d266553652375c326653aa8bfba3f2fd8f41c624f2b111,0f131b9a5943070f,dup_0265,val,0.9817961165048543,-0.0013158419394712752,0.007296941664340687,0.6909115359452849,0.24493053367848497,1.0,1.0,0.9665178571428571,0.9805825242718447,0.9830097087378641,0.9733009708737864,0.9902912621359223,0.0011361792117639646,-0.7228563097139473,-0.6909983759074502,0.9993122262318272,0.8906497126211487
Edge Local/810553.jpg,Edge Local,32,32,RGB,0eaa0018a6ed5a4cb0d05427ba3f74e5e1ddc949b47f62de65453e61c6945bbe,0f3f7f3c7e371f0f,dup_0266,train,0.9963592233009708,0.0024753447801658082,-0.002396762406192327,0.6954115435307864,0.2459459251740912,1.0,1.0,0.9933035714285714,0.9927184466019418,1.0,1.0,0.9927184466019418,0.005244694199818932,0.9999999909988815,-0.0001341724146989792,0.9991318277571964,0.8874987672817549
Edge Local/810568.jpg,Edge Local,32,32,RGB,2459e31b52388151b6b71ce5edd611be935ec71e249c6a50d37001f561d3bbaf,0f3f7f3f775f1f0f,dup_0267,train,0.9817961165048543,0.003548785836755854,0.004027273814745396,0.6910483212559037,0.24509075091649174,1.0,1.0,0.9665178571428571,0.9781553398058253,0.9854368932038835,0.9781553398058253,0.9854368932038835,0.016310537934081968,0.21413937878464498,0.9768031155016482,0.9991857339059987,0.8906497126211487
Edge Local/810583.jpg,Edge Local,32,32,RGB,ba7d10635af82f82519d240043f47c1c42e2a7b65d6dfc32101b0fff687d98ef,0f1f1d3931510b0f,dup_0268,train,0.9939320388349514,-0.00043325849777462534,0.002166292488873142,0.6946771503400274,0.2457940518311016,1.0,1.0,0.9888392857142857,0.9927184466019418,0.9951456310679612,0.9927184466019418,0.9951456310679612,0.009015765052583164,-0.9998769015582651,-0.01569017942036813,0.9991801482500359,0.8880356758448034
Edge Local/810589.jpg,Edge Local,32,32,RGB,4ef0e9394e65d38a22a89d0da416c80dc82d2649108251dd41154554b16845e1,073f757d766f0f0f,dup_0269,train,0.9842233009708737,-0.004335547512032137,-0.0040968935205441545,0.6921828392567461,0.24570676134549593,1.0,1.0,0.9709821428571429,0.9902912621359223,0.9781553398058253,0.9902912621359223,0.9781553398058253,0.009870505966313241,0.41984471878515883,0.907595952011803,0.9988402847450758,0.8901366614363251
Edge Local/810592.jpg,Edge Local,32,32,RGB,332d2358952778e37a75ceedf72cc6d49bb13fd93d725dd0518450f53747c495,0f5b7bb69e4f0b0f,dup_0270,train,0.9733009708737864,-0.005309307376719493,-0.007079076502292667,0.688706991923059,0.24484800915421978,1.0,1.0,0.9508928571428571,0.9805825242718447,0.9660194174757282,0.9781553398058253,0.9684466019417476,0.014607434748949518,-0.450600614684085,0.8927256499318952,0.9994480658454343,0.8924044791784236
Edge Local/810597.jpg,Edge Local,32,32,RGB,3c94d5c4b3b58425d4c8cdeab73d9ff9cedca47affcdd5ede113277b2b77d978,0f377f3f7f7f1f0f,dup_0267,train,0.9890776699029126,0.0033643380170195946,-0.004393429645755047,0.6932716545646602,0.2455630954303821,1.0,1.0,0.9799107142857143,0.9854368932038835,0.9927184466019418,0.9951456310679612,0.9830097087378641,0.015652567801488076,0.8766601251939841,0.4811102003646026,0.9990162367455181,0.8890957083296698
Edge Local/810598.jpg,Edge Local,32,32,RGB,833f87f59eba01285e5407cd94c43f300893b28b102ce58fbdfdfdd9faf4278f,0f2f7d3e363d3f0f,dup_0271,test,0.9660194174757282,0.0017020586804992678,-0.0010536553736424114,0.6861894694331179,0.24406821055100456,1.0,1.0,0.9375,0.9635922330097088,0.9684466019417476,0.9635922330097088,0.9684466019417476,0.023475148241028098,0.8527800092712569,0.5222702899718834,0.9989193161452549,0.893855015427461
Edge Local/810612.jpg,Edge Local,32,32,RGB,eb06c892799ef07db8f08b5c49c2b6fe32075dfeebeee09042d24e98ca3a28e6,0f1751e8e465130f,dup_0272,val,0.9817961165048543,0.0009968499541449024,0.00482475377806133,0.6910651593309228,0.2451272410616776,1.0,1.0,0.9665178571428571,0.9830097087378641,0.9805825242718447,0.9733009708737864,0.9902912621359223,0.015767620939662674,-0.9439927590380293,-0.3299661662712849,0.9986385518046785,0.8906497126211487
Edge Local/810621.jpg,Edge Local,32,32,RGB,df07e4fb14c4d0e107f24f10ab6f7c5b43f1efd666874738d7b129042dc14774,0f2b47e6e643170f,dup_0273,train,0.9793689320388349,-0.011712035815645361,-0.006275732501898742,0.6902272689631885,0.24485079366087256,1.0,1.0,0.9620535714285714,0.9927184466019418,0.9660194174757282,0.9902912621359223,0.9684466019417476,0.011493642774992279,-0.4695169290562202,-0.8829234696901064,0.9986261805812817,0.8911576647414863
Edge Local/810624.jpg,Edge Local,32,32,RGB,57c7fa18683b094ceaabd390d7b565ed40cb3ea80a868b74c998690b5ae83586,0f0b554d4465170f,dup_0274,train,0.9745145631067961,-0.005262523601012336,-0.006387337805808893,0.6888191274589575,0.24463983632356356,1.0,1.0,0.953125,0.9805825242718447,0.9684466019417476,0.9830097087378641,0.9660194174757282,0.016596394533951668,0.9298292207617179,-0.36799133171537685,0.99882872070392,0.892157811307043
Edge Local/810626.jpg,Edge Local,32,32,RGB,ebd9baf5e1c1ef5d59216723018a8308c898b032cd7c241bbd4e99956fb228df,0f3f5f76765f1f0f,dup_0275,train,0.9927184466019418,0.00378578752267529,-7.88705733890663e-05,0.6942474712490347,0.24564120116878913,1.0,1.0,0.9866071428571429,0.9854368932038835,1.0,0.9927184466019418,0.9927184466019418,0.006335908196924126,-0.014635378498785783,0.9998928971125844,0.9991324455690483,0.8883024263804546
Edge Local/810638.jpg,Edge Local,32,32,RGB,b4f5cecbff4b724de9fc8841fdd886a806f268122329af887fa1855fcbf12a48,0f3f6f7f6c2f1f0f,dup_0276,train,0.9757281553398058,0.002166586422725088,0.003370245546461217,0.689098979969537,0.24459374106517337,1.0,1.0,0.9553571428571429,0.9733009708737864,0.9781553398058253,0.9684466019417476,0.9830097087378641,0.026185341404131403,0.9858886829002752,-0.16740222498270652,0.9990663718040251,0.8919097810066157
Edge Local/810650.jpg,Edge Local,32,32,RGB,de7a5e8de9af2e60f33ed68ded955777ebe5ba79804c904a24042205a5ccf0c2,0f0b716964690b0f,dup_0277,train,0.9648058252427184,-0.00012172854534388443,0.0015013187259078852,0.6866346414096255,0.24492698282335282,1.0,1.0,0.9352678571428571,0.9684466019417476,0.9611650485436893,0.9587378640776699,0.970873786407767,0.019566537972536047,-0.9095171789889498,-0.41566633388329954,0.9988660244979295,0.8940917128844063
Edge Local/810655.jpg,Edge Local,32,32,RGB,6618fe0fd7913d45324313c7cef7bdc3ebc6eb59ae6aea77578fa31c383a2710,0f3b6990aa271707,dup_0278,val,0.9757281553398058,-0.008666345690900338,-0.002487562189054762,0.6890185609278121,0.2445027897705969,1.0,1.0,0.9553571428571429,0.9854368932038835,0.9660194174757282,0.9757281553398058,0.9757281553398058,0.017279997435873787,0.9645623668509243,0.26385496102014605,0.9992343848333896,0.8919097810066157
Edge Local/810673.jpg,Edge Local,32,32,RGB,48568cfb349bcb8b24555bfbede0241c0d1d6138fe952dca8b46e22e73372642,0f1f3f3b7e5f1f0f,dup_0279,train,0.9830097087378641,0.011788132218239744,-0.001592990840302658,0.691366077459346,0.24511018883667138,1.0,1.0,0.96875,0.9660194174757282,1.0,0.9878640776699029,0.9781553398058253,0.007779093301137836,0.9999775887846607,0.006694918103764826,0.9993547493655472,0.8903938173461527
Edge Local/810681.jpg,Edge Local,32,32,RGB,21c06754476c21b7b3adec25ff6d4aad61d33a765886c9fccfd882afa5107e16,1f1f5f7b777d1f0f,dup_0280,train,0.9793689320388349,0.0018787224687212669,0.004996602310428942,0.6905109737386398,0.24516711468802124,1.0,1.0,0.9620535714285714,0.9805825242718447,0.9781553398058253,0.9757281553398058,0.9830097087378641,0.030762424977330702,0.9583833227334876,0.28548451220043414,0.9988606743406646,0.8911576647414863
Edge Local/810696.jpg,Edge Local,32,32,RGB,072507ab8ec1fa53281cb3e3899ea0f09e8debe878b47abfd70ad31f2a109f14,0f3f7b7e6f6b1f1f,dup_0281,train,0.9975728155339806,0.0009418412997409966,-0.002276116474374107,0.6957621986292156,0.24600197501994334,1.0,1.0,0.9955357142857143,0.9951456310679612,1.0,1.0,0.9951456310679612,0.004587127073813817,0.7071055482288567,0.7071080141420885,0.9991006740939615,0.8872286345798474
Edge Local/810701.jpg,Edge Local,32,32,RGB,5545dd7dd9176fc510d028b1ba857d5c34d98f301eb19c55ddc72bd89dc635ce,0f0f657a7a632b0f,dup_0282,train,0.9745145631067961,-0.006387337805808864,0.0013256738842244784,0.6888644473874067,0.24470291284769918,1.0,1.0,0.953125,0.9830097087378641,0.9660194174757282,0.9733009708737864,0.9757281553398058,0.005558850702310002,0.7202746095515542,-0.6936890418879025,0.9993185769618589,0.892157811307043
Edge Local/810710.jpg,Edge Local,32,32,RGB,3ff110c592b6e77a59e7fb64b40dba7de2faff3a01b069e06434344a6a1776b4,0f1b616869451f0f,dup_0283,val,0.9635922330097088,0.005444056228162834,-0.0030064191110749485,0.6851478581922454,0.2435774571019778,1.0,1.0,0.9330357142857143,0.9587378640776699,0.9684466019417476,0.9684466019417476,0.9587378640776699,0.0033775903130825228,-0.9944223261904922,-0.10547149934409027,0.9993733264945663,0.8943269220978565
Edge Local/810711.jpg,Edge Local,32,32,RGB,d8b5c390ea51ff252f96f7fda762e9a6e5a073f10ad808e5f8aae92871498da7,0f535385aa4b1b07,dup_0284,train,0.9769417475728155,-0.009256661991584854,-0.00901622921258271,0.6894631651065707,0.2446671353308988,1.0,1.0,0.9575892857142857,0.9902912621359223,0.9635922330097088,0.9830097087378641,0.970873786407767,0.010522261398378517,0.5558338852866317,0.8312933850134786,0.9992570788906171,0.8916604032756271
Edge Local/810714.jpg,Edge Local,32,32,RGB,845780b60a086dceb7686c05edab1fd65896fafcf0dc7805f89294b9ea6ff535,0f2f7b7ffc7d171f,dup_0285,train,0.9769417475728155,0.0026046884391905407,-0.005329593267882178,0.6894761386188835,0.24469397419916175,1.0,1.0,0.9575892857142857,0.9757281553398058,0.9781553398058253,0.9805825242718447,0.9733009708737864,0.01703417779761127,0.838724384440304,0.5445561559152859,0.9988753427191552,0.8916604032756271
Edge Local/810724.jpg,Edge Local,32,32,RGB,7bc862e8f704fa45f79a78899828adc81a4fcbe46c8e7974c836be7984663bb6,0f0b614c4c590307,dup_0286,test,0.9805825242718447,0.010459916959437876,0.006627275630788908,0.6905637016625439,0.24488718941032678,1.0,1.0,0.9642857142857143,0.9660194174757282,0.9951456310679612,0.9733009708737864,0.9878640776699029,0.01665122116490285,-0.895156816183152,0.44575135943801975,0.9992967738718759,0.8909043331665394
Edge Local/810740.jpg,Edge Local,32,32,RGB,ab21e84f640d08b69299674fe7bfafa7372414354c92262bbaf4f035989af96c,0f3b6fea5d7d0f07,dup_0287,test,0.9830097087378641,-0.0057347670250896075,0.004062126642771829,0.6916996588002309,0.2454895383618138,1.0,1.0,0.96875,0.9927184466019418,0.9733009708737864,0.9757281553398058,0.9902912621359223,0.015130620561994478,0.851831211039363,0.5238163684911079,0.9990783936329696,0.8903938173461527
Edge Local/810745.jpg,Edge Local,32,32,RGB,3b1e61b1d0bb527b49d751c234319de925ce9bbcced9a96c3875dcd6a6c4cdea,0f1331222d31270f,dup_0288,val,0.9769417475728155,-0.0019635343618513382,-0.006611901422560633,0.6895968157357807,0.2448398781684898,1.0,1.0,0.9575892857142857,0.9805825242718447,0.9733009708737864,0.9854368932038835,0.9684466019417476,0.010386547121173153,0.7730496121482192,-0.63434556604227,0.9993795096716432,0.8916604032756271
Edge Local/810752.jpg,Edge Local,32,32,RGB,01158079ba056cf2ce91633320a9458d3038ac1dcc2667d5f06fcd3ec3f0d9be,0f0341494d4b0f0f,dup_0289,train,0.9817961165048543,-0.010327365524941184,0.002671557877108332,0.691251317702315,0.24533688423858005,1.0,1.0,0.9665178571428571,0.9951456310679612,0.9684466019417476,0.9757281553398058,0.9878640776699029,0.007620070853493934,-0.13528256139825157,-0.9908070592105853,0.9991819665785734,0.8906497126211487
Edge Local/810753.jpg,Edge Local,32,32,RGB,ce4de95fa9c9fab95d88d56acfe090a9def0eafd7f77ce95d9da252c79a94dc7,1f3f7f76760f1f1f,dup_0290,train,0.9951456310679612,0.002281667977970102,-0.001494885916601059,0.6950248717588812,0.2458441042686567,1.0,1.0,0.9910714285714286,0.9902912621359223,1.0,0.9975728155339806,0.9927184466019418,0.004803837543535038,0.6053158910893539,0.7959853465954643,0.9991637717308507,0.8877677852363122
Edge Local/810758.jpg,Edge Local,32,32,RGB,75631d4af0743592974d9b21d4b9c4259e172b569ce08978a39109ceb99d9f77,0f1b5bcaab5b0f0f,dup_0291,train,0.9817961165048543,-0.004904501774392914,-0.006898201682682737,0.6911173244130585,0.24519005544301117,1.0,1.0,0.9665178571428571,0.9854368932038835,0.9781553398058253,0.9951456310679612,0.9684466019417476,0.012181297544013286,-0.39877546301132427,-0.9170485974582284,0.9987462706077151,0.8906497126211487
Edge Local/810762.jpg,Edge Local,32,32,RGB,e10ef4c3e906ce86e2d1b4685fffcdff009303fc54f80c205d67490d56376ed9,0f1f3f5f7f2f1f0f,dup_0292,train,0.991504854368932,0.005172345718008452,-0.006119951040391712,0.6939503526960582,0.2456489936227237,1.0,1.0,0.984375,0.9854368932038835,0.9975728155339806,1.0,0.9830097087378641,0.012485040250017398,0.9970395011814286,0.07689104683828958,0.9992314772815838,0.8885680239869138
Edge Local/810767.jpg,Edge Local,32,32,RGB,ceaaf827e6abba2d17164c30bcd9a5633598ae043e4be0f4102de2c5e0ba35b9,0f3f3f7c3e3f1f0f,dup_0293,train,0.9878640776699029,0.008876912102718553,0.002774035032099574,0.6927706085583997,0.24532633344552612,1.0,1.0,0.9776785714285714,0.9757281553398058,1.0,0.9830097087378641,0.9927184466019418,0.006289505959467306,-0.8997285702610617,-0.43644988241032423,0.9991129560070914,0.8893577686913662
Edge Local/810770.jpg,Edge Local,32,32,RGB,911af30ddc607a13cfdb308874cbefc23a8249704129de6f8f441ac1c45245b2,0f4b45e0eb6b270f,dup_0294,train,0.9684466019417476,-0.025143503921093054,-3.5616177231082714e-17,0.6870944936933707,0.24442965641730627,1.0,1.0,0.9419642857142857,1.0,0.9368932038834952,0.970873786407767,0.9660194174757282,0.016237589192451923,-0.11247520909338633,-0.9936545311824422,0.9985917788808277,0.8933772208610211
Edge Local/810856.jpg,Edge Local,32,32,RGB,7930dac4f8c8139e668d12408dccdc3a9d1f8a5545e3b596813d6901509a2d8b,0f23cbabae65130f,dup_0295,val,0.9817961165048543,-0.01160333346624666,-0.0031500458550978716,0.6909536381660181,0.24497980987784646,1.0,1.0,0.9665178571428571,0.9951456310679612,0.9684466019417476,0.9878640776699029,0.9757281553398058,0.019935848578713437,-0.9470857230770438,-0.3209807364058367,0.9989518623276303,0.8906497126211487
Edge Local/810983.jpg,Edge Local,32,32,RGB,8264dfbc45625950942618ca115727cfee66d790b5abca43800646b0ca79edb0,0f1755a4e4632b0f,dup_0296,val,0.9830097087378641,0.01194743130227001,0.004699322978892878,0.6913765321111724,0.2451226291053523,1.0,1.0,0.96875,0.9660194174757282,1.0,0.9781553398058253,0.9878640776699029,0.007986461361955556,-0.9950021850985306,-0.09985315042175438,0.9993065029931041,0.8903938173461527
Edge Local/811237.jpg,Edge Local,32,32,RGB,2d170a61aae26433b04dfa7b6683c71fde894cbd3e18eed6687729fb44e0e0aa,0f09714c6c691f0f,dup_0297,val,0.9720873786407767,0.013410656034795215,0.004389674197575628,0.6877520116260704,0.24409150068058208,1.0,1.0,0.9486607142857143,0.9514563106796117,0.9927184466019418,0.9660194174757282,0.9781553398058253,0.012680507742989318,-0.7098182234141441,0.7043849016760568,0.9992302555425217,0.8926497694650855
Edge Local/811255.jpg,Edge Local,32,32,RGB,19bf53d6fda611f5365f30cef46d23ca2ab206b779e4518fb198938fd73cc673,0f2f61686863270f,dup_0298,train,0.9757281553398058,-0.004172684962285349,0.0032097576632964713,0.6893215483782058,0.24487656023975937,1.0,1.0,0.9553571428571429,0.9830097087378641,0.9684466019417476,0.970873786407767,0.9805825242718447,0.006839765250820978,-0.7253932386803378,0.6883346927744166,0.9991125995187495,0.8919097810066157
Edge Local/811420.jpg,Edge Local,32,32,RGB,e644749edcd2556fe85cade99b28d337f021e43a18da8055b59e22a10131b40b,072b69d8d86d331f,dup_0299,train,0.9660194174757282,0.013454368617279947,0.003566218187712763,0.6858838388901775,0.24370581895833382,1.0,1.0,0.9375,0.9514563106796117,0.9805825242718447,0.9635922330097088,0.9684466019417476,0.016419356081026806,-0.1421180422692314,-0.98984971690735,0.9990677885964286,0.893855015427461
Edge Ring/640687.jpg,Edge Ring,32,32,RGB,61d1b24f6760854a5e10fb98848c935eb300518ecf0a6b2e0833e09edc66178c,0f69f0a23c373f0f,dup_0300,test,0.9842233009708737,-0.004971958156000157,0.013643053180064434,0.6917766120591082,0.24524198983736034,1.0,1.0,0.9709821428571429,0.9927184466019418,0.9757281553398058,0.9684466019417476,1.0,0.020420082957287717,0.6935564771617844,0.7204022577608535,0.9988779250134621,0.8901366614363251
Edge Ring/642324.jpg,Edge Ring,32,32,RGB,3a1f35e02c925203b4b555b9e123ac090f2262e13a43f527e30fc11070dd6ad6,0f69f4f4ac35230f,dup_0301,train,0.9817961165048543,0.005622233741377245,0.011364089477251878,0.6908625925437759,0.24487953054023875,1.0,1.0,0.9665178571428571,0.970873786407767,0.9927184466019418,0.9635922330097088,1.0,0.023311126950109444,-0.9937777753873043,-0.11138102686840642,0.9991690169245945,0.8906497126211487
Edge Ring/643162.jpg,Edge Ring,32,32,RGB,830dadb85e60ec13d11b5145acbd4c9f98d25ab76141cee3d1777c735daab603,0f73d4dc58092b0f,dup_0302,train,0.9878640776699029,0.00570658635174764,-0.0014266465879369397,0.6926931669546309,0.24523233791579513,1.0,1.0,0.9776785714285714,0.9781553398058253,0.9975728155339806,0.9902912621359223,0.9854368932038835,0.009656730360941817,0.32578059123537334,0.9454454010540908,0.999252129207358,0.8893577686913662
Edge Ring/643353.jpg,Edge Ring,32,32,RGB,5517cd10b01cc0aa3a2e56c210042d5e5fa56a7619fd9483e62491e3ab4b1ef2,1773f2b23559130f,dup_0303,val,0.991504854368932,0.004382674616022425,0.006356852370987477,0.6938424544234129,0.24551821341635313,1.0,1.0,0.984375,0.9854368932038835,0.9975728155339806,0.9830097087378641,1.0,0.01050765577176889,-0.9770101931962469,0.2131925945961356,0.9990210446517607,0.8885680239869138
Edge Ring/643521.jpg,Edge Ring,32,32,RGB,d3b1430e8ea02929676402af3240ea867128f3e3381ea5bbe7b57f39d5685236,1f79d4c69615070f,dup_0304,val,0.9733009708737864,0.004022202558120818,0.003941758506958405,0.6886075491681244,0.2447249351115345,1.0,1.0,0.9508928571428571,0.9660194174757282,0.9805825242718447,0.9611650485436893,0.9854368932038835,0.012706174154299824,0.836658569177388,-0.5477247836478151,0.9985787471148071,0.8924044791784236
Edge Ring/643685.jpg,Edge Ring,32,32,RGB,959469c0123970cd2bc5b65e50c00a23f82abce526bfb0e75124859e1aa6f15f,0f59f8e4841d0f0f,dup_0305,val,0.9902912621359223,0.007194813409234659,0.003320683111954469,0.6933255352545105,0.24525022949650543,1.0,1.0,0.9821428571428571,0.9805825242718447,1.0,0.9854368932038835,0.9951456310679612,0.007905940281197872,-0.9811471388898062,-0.193262235960229,0.9991195076176569,0.8888324556767063
Edge Ring/644651.jpg,Edge Ring,32,32,RGB,8f79503d8f8830a60ec40b857e5ec39e0e551c5210f56839b7fbe9db51bf8443,0f6358ae2c194f0f,dup_0306,train,0.9817961165048543,-0.008812153594640935,0.0011563459468080888,0.690778711934561,0.2447589555117782,1.0,1.0,0.9665178571428571,0.9927184466019418,0.970873786407767,0.9830097087378641,0.9805825242718447,0.0035313215903561217,-0.9999017359295781,0.014018505092066483,0.9991298925981315,0.8906497126211487
Edge Ring/645383.jpg,Edge Ring,32,32,RGB,85fbf2e57c16f1d7c3193f4ecca15591675c97a7986cdac8c04c42ca2de98f72,1f71d0e6cc0b130f,dup_0307,train,0.9987864077669902,-0.000901501195468978,0.000901501195468951,0.6961032436615756,0.24604104569545013,1.0,1.0,0.9977678571428571,1.0,0.9975728155339806,0.9975728155339806,1.0,0.002457073654869213,1.0,6.123233995736766e-17,0.999213368733367,0.8869573996027482
Edge Ring/645575.jpg,Edge Ring,32,32,RGB,586b6c1bbf4f36ffa62c35b7683358c933691e48053cfe894ad1e342dd907633,1f53d8aa134c2f0f,dup_0308,train,0.9854368932038835,0.004449388209121245,7.945336087712785e-05,0.692052555797144,0.24520628140027922,1.0,1.0,0.9732142857142857,0.9805825242718447,0.9902912621359223,0.9830097087378641,0.9878640776699029,0.0061494962936082115,0.37246543671184446,0.9280460648346368,0.9987365368237728,0.8898782588421328
Edge Ring/645699.jpg,Edge Ring,32,32,RGB,1a4620d988500f0503e24d9deec8741e652756fd9d313acc4159cffd7126a421,0f4b4182aab13507,dup_0309,val,0.9611650485436893,0.002443792766373413,-0.0071684587813620184,0.6842366928586812,0.243194012908139,1.0,1.0,0.9285714285714286,0.9587378640776699,0.9635922330097088,0.9684466019417476,0.9538834951456311,0.0022656220943220585,-0.07625641982913581,0.9970882400444018,0.9991098291956834,0.8947928096742672
Edge Ring/645735.jpg,Edge Ring,32,32,RGB,0525dccbed7a53f9f6d5fcc8dee947a6878735a56a1af405e278027bc54894db,0f71e58eac091107,dup_0310,train,0.9781553398058253,0.014328023693268228,0.010565916913471526,0.6898032101262255,0.2446997722166956,1.0,1.0,0.9598214285714286,0.9587378640776699,0.9975728155339806,0.9660194174757282,0.9902912621359223,0.0191648836527206,-0.9626236543186801,-0.2708425744711312,0.9991768336594838,0.8914096929572992
Edge Ring/649085.jpg,Edge Ring,32,32,RGB,f904ed90cad547b7fc750b31e2c3318aba507aec571c433beccbb67c35ad536d,072379d8d8450b07,dup_0311,train,0.9635922330097088,-0.012756967579426345,-0.0039002193873405346,0.6853088484628597,0.24377014016026693,1.0,1.0,0.9330357142857143,0.9781553398058253,0.9490291262135923,0.970873786407767,0.9563106796116505,0.02000006432954104,0.34741205256040986,-0.9377125709596534,0.9993335609350151,0.8943269220978565
Edge Ring/649347.jpg,Edge Ring,32,32,RGB,e7583fd784c29cd5369732936bf43fb111f4168faeb43c5eeb0eb588b1b07524,0713718ce8510f0f,dup_0312,train,0.962378640776699,-0.008420453158686895,0.007037383557743171,0.6849344653967232,0.24368770901990455,1.0,1.0,0.9308035714285714,0.9733009708737864,0.9514563106796117,0.9587378640776699,0.9660194174757282,0.013164017821371462,0.8127577408478329,-0.5826017977074279,0.9990239136371322,0.8945606265817801
Edge Ring/650335.jpg,Edge Ring,32,32,RGB,2df73bed5e7a68047421943314c9af3a5988ac5ecb4ce5e922a13f65038345a0,172559cb7b712b0f,dup_0313,train,0.9587378640776699,-0.010861576153532053,0.0013883217639853325,0.6841843248303019,0.24390769029287057,1.0,1.0,0.9241071428571429,0.9733009708737864,0.9441747572815534,0.9514563106796117,0.9660194174757282,0.017947982094960284,-0.8755750947563705,-0.4830820359342426,0.9989633557018737,0.8952525441444097
Edge Ring/650756.jpg,Edge Ring,32,32,RGB,6ebbdecfd2760bd3b96245db582d87ec855ba0c438a53c9d1ff4621bb6d0ac42,1771658c0e303b0f,dup_0314,train,0.9526699029126213,-0.008177522087528252,0.016889254160673953,0.6828850400369091,0.2441713026855155,1.0,1.0,0.9129464285714286,0.9563106796116505,0.9490291262135923,0.9344660194174758,0.970873786407767,0.02095078831828035,-0.9882679782980922,0.15272983687086636,0.9989894181929745,0.8963740547744158
Edge Ring/652330.jpg,Edge Ring,32,32,RGB,b025209c0f4f0f3680a33232ab98ec19ccd34bf6b2b18259c439f171ee7b108d,0f09599865051707,dup_0315,train,0.9672330097087378,0.0015785000202371761,0.0018213461771967297,0.686458819929269,0.24402831073041756,1.0,1.0,0.9397321428571429,0.9684466019417476,0.9660194174757282,0.9635922330097088,0.970873786407767,0.023799756725332372,-0.9168177817687637,-0.39930584147067477,0.9988461421187615,0.8936168460393795
Edge Ring/653368.jpg,Edge Ring,32,32,RGB,04ebafb8a9e644eb2dc0d37baca3c61ef64dec2def4556047a685ec91d5f4945,0f49d8d8484b0b0f,dup_0316,train,0.9805825242718447,0.0022357074417119135,-7.984669434685176e-05,0.6906953171876129,0.24504185435968115,1.0,1.0,0.9642857142857143,0.9757281553398058,0.9854368932038835,0.9805825242718447,0.9805825242718447,0.022682342576944677,-0.07058589854092542,0.997505704709086,0.998996844037588,0.8909043331665394
Edge Ring/653422.jpg,Edge Ring,32,32,RGB,8b4c1921b65fc6d8b165a416b7848a33f2876b06ed7c71d4bf04bfd8800f26df,0f7164a42129070f,dup_0317,train,0.9830097087378641,-0.003823178016726405,0.009478295499800888,0.6917141875886677,0.2455323269124494,1.0,1.0,0.96875,0.9854368932038835,0.9805825242718447,0.970873786407767,0.9951456310679612,0.014471447086538759,0.07521986384224236,0.997166973020845,0.9993399541695389,0.8903938173461527
Edge Ring/653577.jpg,Edge Ring,32,32,RGB,ad6cb9370308d9f6237edaa7e0e22343ca845c7d73f41025155e6141a2ef36cb,1f596c9c84630b0f,dup_0318,val,0.9526699029126213,-0.015327717279638385,-0.00045202383398396085,0.682544822420025,0.24377587890499242,1.0,1.0,0.9129464285714286,0.9733009708737864,0.9320388349514563,0.9514563106796117,0.9538834951456311,0.009871385826688308,-0.3591931977138179,-0.9332632247742981,0.9984289298200717,0.8963740547744158
Edge Ring/654130.jpg,Edge Ring,32,32,RGB,8f9927a209396c87956fedc33cb9cd2849f175f6c605835cc7bd253886be4d89,0f69708c272f3f0f,dup_0319,train,0.9817961165048543,-0.004824753778061324,0.01319829339287848,0.691433394315341,0.24555770087729833,1.0,1.0,0.9665178571428571,0.9951456310679612,0.9684466019417476,0.9684466019417476,0.9951456310679612,0.017409144889899125,0.45098204466005926,0.8925330220189236,0.9983805336147259,0.8906497126211487
Edge Ring/673884.jpg,Edge Ring,32,32,RGB,c961663107414fa76248b808a1d9ec4a1e6019c86e3472af85cd87781039411b,1f1747961e150707,dup_0320,train,0.9817961165048543,-0.004186769807408589,0.0032297938514294963,0.6907098758645716,0.24467993729723675,1.0,1.0,0.9665178571428571,0.9854368932038835,0.9781553398058253,0.9757281553398058,0.9878640776699029,0.01903183418696811,-0.28560580105060446,-0.9583471846915619,0.9988143196910177,0.8906497126211487
Edge Ring/679433.jpg,Edge Ring,32,32,RGB,323ddae655f1402ad6d3714a7c7c9eebd3f2a854fc2604b06745cce9760f63e5,1f0b43cccc595b0f,dup_0321,train,0.9526699029126213,-0.010889665091432093,0.0018491884117526032,0.681482898054891,0.24248022418440673,1.0,1.0,0.9129464285714286,0.9660194174757282,0.9393203883495146,0.9490291262135923,0.9563106796116505,0.002946810693851302,0.9875560338895819,-0.15726754251363795,0.9988992838263576,0.8963740547744158
Edge Ring/679617.jpg,Edge Ring,32,32,RGB,98f104b5e267eb85ec19425a2ddec44cc534fead5c76fc8e1884887f86f2fa8f,0f37679a924f690f,dup_0322,train,0.9575242718446602,0.013205772926121262,0.0005315016967169759,0.6833278951111279,0.24323910108252747,1.0,1.0,0.921875,0.9393203883495146,0.9757281553398058,0.9611650485436893,0.9538834951456311,0.023874794110265846,-0.9701708098332518,-0.2424223581840018,0.9988509119955755,0.8954800612985012
Edge Ring/680225.jpg,Edge Ring,32,32,RGB,4c81682898f11bc6d5d98965f690e6321a0e48b48337c96e9ef0cc95deccfc17,0f3b2da4ba351f0f,dup_0323,train,0.9441747572815534,-0.0037316527075213555,-0.00630234679492492,0.678834950964843,0.2419467204990028,1.0,1.0,0.8973214285714286,0.9514563106796117,0.9368932038834952,0.9490291262135923,0.9393203883495146,0.006935680133383847,-0.46165539262084576,-0.887059354532769,0.9991161680669586,0.8978738577279984
Edge Ring/680612.jpg,Edge Ring,32,32,RGB,2b17cc4967e22cced37e9868012d5afaf3d37ba50cf4dc4c5b05a33ce4226d1d,1f7365c888694f1f,dup_0324,test,0.9769417475728155,0.0005209376878381092,0.008054498096573852,0.6894299195989301,0.2446340163240522,1.0,1.0,0.9575892857142857,0.9757281553398058,0.9781553398058253,0.9660194174757282,0.9878640776699029,0.02115339096193111,0.9112688941708667,-0.4118118532978449,0.9994631232704867,0.8916604032756271
Edge Ring/680807.jpg,Edge Ring,32,32,RGB,ed5da571ddd9a8625c143900206e85e2a9bc8f2e14cb73b7f65770de88d597a7,1f7161919c13130f,dup_0325,train,0.9830097087378641,0.007805655117483074,0.0033452807646356135,0.6913900742371231,0.2451053958203223,1.0,1.0,0.96875,0.970873786407767,0.9951456310679612,0.9805825242718447,0.9854368932038835,0.015726727850489265,-0.9663302958802514,-0.2573047983695322,0.9991585172481673,0.8903938173461527
Edge Ring/680995.jpg,Edge Ring,32,32,RGB,e6354c160ac33a7bb125c44203e10276d7ed71a6b080fd6409e20a659e2ba341,0f3b4f9bbd4f670f,dup_0326,train,0.9648058252427184,-0.007425441265976866,-0.00880503144654088,0.6857810411038352,0.24385318365963526,1.0,1.0,0.9352678571428571,0.9733009708737864,0.9563106796116505,0.9805825242718447,0.9490291262135923,0.011632234022018201,-0.6258845377503017,-0.7799157296817978,0.9989030832177076,0.8940917128844063
Edge Ring/683881.jpg,Edge Ring,32,32,RGB,3f1319b3a6b63271fe0917be3a92b4d784f66efd67653709e164b0f311bd7452,0f674fdb9e4f791f,dup_0327,val,0.9866504854368932,0.005911994603817006,-0.0028171249454430627,0.6924938543298987,0.24536958584287777,1.0,1.0,0.9754464285714286,0.9781553398058253,0.9951456310679612,0.9902912621359223,0.9830097087378641,0.01586998539010334,0.9509989648575706,-0.3091940633968077,0.9992797333317295,0.8896186233714698
Edge Ring/683897.jpg,Edge Ring,32,32,RGB,ea19e61585b3d28004234547fb55ae5be5238fb90ae2bc01f17001a60d806a1c,0f594dc699517307,dup_0328,test,0.9866504854368932,0.0019442129905170057,-0.008292663571797053,0.6924517576043221,0.24532146225044812,1.0,1.0,0.9754464285714286,0.9854368932038835,0.9878640776699029,0.9951456310679612,0.9781553398058253,0.007467601760539526,-0.7498835517320154,0.6615698442657266,0.9991280007182693,0.8896186233714698
Edge Ring/683898.jpg,Edge Ring,32,32,RGB,634c319f4eab5d14d51044813105ce86ec2622573101f46e2a1816cc7d856a5c,0f7b4d8c8d4d710f,dup_0329,val,0.9781553398058253,0.00808452733530777,0.00016008965020410974,0.6898296423705992,0.2447518782713938,1.0,1.0,0.9598214285714286,0.9635922330097088,0.9927184466019418,0.9781553398058253,0.9781553398058253,0.01288692641778861,0.9990140342460504,0.04439548827787898,0.9993268226423614,0.8914096929572992
Edge Ring/684751.jpg,Edge Ring,32,32,RGB,72ba933fa489605c2976ac30168f2660ef4cc90985110cca4b2bed565819154f,17014486c601010f,dup_0330,train,0.9963592233009708,-0.0003536206828808306,-0.0012180267965895596,0.6953960730441522,0.24592782599150745,1.0,1.0,0.9933035714285714,0.9975728155339806,0.9951456310679612,0.9975728155339806,0.9951456310679612,0.006772309282568914,-0.7577143809596751,0.6525863290683435,0.9992698143406519,0.8874987672817549
Edge Ring/690387.jpg,Edge Ring,32,32,RGB,3563db5853b2af5a993b29ef5b86c39218a8eb593e49a8ca105b67e04c01ea1b,070321ceca410307,dup_0331,train,0.9599514563106796,0.013988010276905516,0.001427347987439333,0.6839022550856129,0.24316309702319303,1.0,1.0,0.9263392857142857,0.9393203883495146,0.9805825242718447,0.9587378640776699,0.9611650485436893,0.017636430817435968,0.6707245246918339,0.741706553818229,0.9990898651569521,0.8950234545352862
Edge Ring/690922.jpg,Edge Ring,32,32,RGB,5cc06155a3d88839c10ed8b3e62e63badb8ee24c3765debb8e3e5df7abb5f8b3,0f0729ecca656f0f,dup_0332,train,0.9563106796116505,-0.01612903225806452,0.014245947273620463,0.6828335842912397,0.2430190571682794,1.0,1.0,0.9196428571428571,0.9805825242718447,0.9320388349514563,0.941747572815534,0.970873786407767,0.010856507155171896,0.9659331813402654,0.2587915941174944,0.998664872127464,0.8957059886093658
Edge Ring/763874.jpg,Edge Ring,32,32,RGB,e51b147eeae094ba5ec2b6a3b8f20bee0e66798648efdfcbc28f3d99178611d3,171754c8a4353b0f,dup_0333,train,0.9733009708737864,-0.001528436972085915,0.0030568739441718127,0.6880545333820738,0.2440739692426062,1.0,1.0,0.9508928571428571,0.9757281553398058,0.970873786407767,0.970873786407767,0.9757281553398058,0.0097481184721095,0.39737109868197906,-0.9176580027070417,0.9991757591596805,0.8924044791784236
Edge Ring/763889.jpg,Edge Ring,32,32,RGB,b96dea27cae5c5616da2f3191d334232573eb0d5e1c70e75aee06079cfa17ca8,17171d9cc447330f,dup_0334,train,0.9648058252427184,0.004585108541286262,0.0024751470886589582,0.6853813927411684,0.24347354869129717,1.0,1.0,0.9352678571428571,0.9611650485436893,0.9684466019417476,0.9611650485436893,0.9684466019417476,0.006497359161256837,0.9187831015295106,0.39476272917261723,0.9993175754657083,0.8940917128844063
Edge Ring/763893.jpg,Edge Ring,32,32,RGB,a32b294e490aec5ae6477c436d39367f213900fde3aa6614b61d1cb5ee894142,076725b694d1530f,dup_0335,train,0.9745145631067961,0.0014863616277668403,0.001968424858393941,0.6885831315914136,0.24435056364508076,1.0,1.0,0.953125,0.970873786407767,0.9781553398058253,0.9733009708737864,0.9757281553398058,0.016859392806392624,-0.8371729256019811,-0.5469382896077215,0.9991751745464309,0.892157811307043
Edge Ring/763895.jpg,Edge Ring,32,32,RGB,eb00ead52f24ed263063420551f6846b1ca3102f8faa623a5e8978a87f63ef35,0f13d1a8ac64730f,dup_0336,val,0.9781553398058253,0.0044825102057151995,0.0008804930761226741,0.6896117818242405,0.24447948067167052,1.0,1.0,0.9598214285714286,0.9733009708737864,0.9830097087378641,0.9781553398058253,0.9781553398058253,0.009292089014228672,-0.6639566341406514,0.7477710799306277,0.9991849934494238,0.8914096929572992
Edge Ring/763984.jpg,Edge Ring,32,32,RGB,4bd4f392cdb5f8d2c1ae47f5cdcbf9b1262a57d4e51f7e95466aa0b442cf902e,1f4f59bca5b5770f,dup_0337,train,0.9866504854368932,0.0015474348291870002,-0.0034519700035710453,0.6922216131532848,0.2450316716151469,1.0,1.0,0.9754464285714286,0.9830097087378641,0.9902912621359223,0.9927184466019418,0.9805825242718447,0.006920324158219754,-0.9939363500574929,-0.10995695537067608,0.9991030038426783,0.8896186233714698
Edge Ring/764027.jpg,Edge Ring,32,32,RGB,fe61a1f31a2f5682e68a588de7f46ff3523d240d2ef1ce171fd81391cee6efab,0f2711aaa6dd2b0f,dup_0338,val,0.9745145631067961,-0.0018880809866227458,0.0031735829349616163,0.6883724376327096,0.24409554712377837,1.0,1.0,0.953125,0.9757281553398058,0.9733009708737864,0.9733009708737864,0.9757281553398058,0.004463875559549271,-0.9952449253218764,-0.09740399694598165,0.9990621877764925,0.892157811307043
Edge Ring/764028.jpg,Edge Ring,32,32,RGB,3860ffecaa8c694efa89935e334b8d6205b1c61c9dcdf5d6ad629a6dd3984b40,170949d69ddb0b0f,dup_0339,train,0.9696601941747572,-0.0009285800799386316,0.0057733457144010444,0.687236428397094,0.24423008533849302,1.0,1.0,0.9441964285714286,0.9733009708737864,0.9660194174757282,0.9635922330097088,0.9757281553398058,0.011993039756718366,-0.7639074644352244,0.6453257981672098,0.9988817633589928,0.893136155863885
Edge Ring/764029.jpg,Edge Ring,32,32,RGB,f5298afac00c9752a87849744a4249d986c617aabae6a836e47b8fb96ccc3dc5,1713254d5231310f,dup_0340,train,0.9878640776699029,0.0012681303003883627,0.0016644210192597166,0.6926515477216657,0.24518307789481414,1.0,1.0,0.9776785714285714,0.9854368932038835,0.9902912621359223,0.9854368932038835,0.9902912621359223,0.008411958728573221,-0.33195998122849313,-0.9432934701686313,0.9991350426843157,0.8893577686913662
Edge Ring/764031.jpg,Edge Ring,32,32,RGB,837623f7fb3a550cc96ecf955ad23ba8225759a3e83aaa51a71c51c929e252b9,0f2b8d9df2f3650f,dup_0341,train,0.9757281553398058,0.0004012197079120484,-0.00465414861177982,0.689019489367069,0.24450017337617866,1.0,1.0,0.9553571428571429,0.9733009708737864,0.9781553398058253,0.9805825242718447,0.970873786407767,0.018728050975285366,-0.976564993009265,0.21522270890594733,0.9991553678829553,0.8919097810066157
Edge Ring/764038.jpg,Edge Ring,32,32,RGB,c7224dee0f19547b39094bf988e1cb0cb7ea2cf1ab38db4320e4385e9ccb4bc0,0f374b87a2b3130f,dup_0342,train,0.9769417475728155,-0.005169304748547388,-0.0018032458425165491,0.68935231792459,0.2445144957590172,1.0,1.0,0.9575892857142857,0.9854368932038835,0.9684466019417476,0.9805825242718447,0.9733009708737864,0.0059073064962734505,-0.613734027844472,-0.7895128517420099,0.9990008757282735,0.8916604032756271
Edge Ring/764055.jpg,Edge Ring,32,32,RGB,f535a3a0ef46a17c0042f29dc1cb01158337ec5e6db6b83c12e64cf6ee360499,0f17c3aa9b63670f,dup_0343,test,0.9733009708737864,-8.044405116241536e-05,-0.0037004263534711266,0.6880368846249036,0.24405992938705218,1.0,1.0,0.9508928571428571,0.9733009708737864,0.9733009708737864,0.9781553398058253,0.9684466019417476,0.013759011534502525,-0.3426413871700663,-0.9394662739013959,0.999072312408354,0.8924044791784236
Edge Ring/764097.jpg,Edge Ring,32,32,RGB,733046d5ad6e97cca91af7c8c7bbe09531575e5320504766c2114c2603afa22a,1767e7e6e8d5730f,dup_0344,train,0.9878640776699029,0.004042165332487912,-0.001981453594356799,0.6926411479082667,0.2451707461280599,1.0,1.0,0.9776785714285714,0.9830097087378641,0.9927184466019418,0.9927184466019418,0.9830097087378641,0.0039014015304240017,-0.9999623841549947,0.008673538785227326,0.9993400042411771,0.8893577686913662
Edge Ring/764100.jpg,Edge Ring,32,32,RGB,64cef4819ce326f2be1b5953d1c8979304251c11e304c9f2281510cdfb7999a5,0703a1ae8cd97b0f,dup_0345,train,0.9866504854368932,0.003928103797167003,-0.001309367932388999,0.692298377625632,0.2451281903296481,1.0,1.0,0.9754464285714286,0.9805825242718447,0.9927184466019418,0.9902912621359223,0.9830097087378641,0.00826304485428311,-0.8196443465286353,-0.5728727129159203,0.9991564848913156,0.8896186233714698
Edge Ring/764101.jpg,Edge Ring,32,32,RGB,8ca75d786180ad4bbbc13089b5afbd5de594530df1d91b86aa44fb84c091d59b,1757c3a2b5cd6b0f,dup_0346,train,0.9842233009708737,0.002585418241120081,-0.00393779085955212,0.6916461980072662,0.2450865850231529,1.0,1.0,0.9709821428571429,0.9830097087378641,0.9854368932038835,0.9878640776699029,0.9805825242718447,0.017604136997584025,-0.9825278012001071,0.1861158775303247,0.9993820473584613,0.8901366614363251
Edge Ring/764103.jpg,Edge Ring,32,32,RGB,3377756174aeac664b98c57377e682689873e9542ed3fcaada7c18b4d43c92dc,1f2bda9ad6d1730f,dup_0347,train,0.9902912621359223,0.00672043010752688,-0.00150221378874133,0.6935078213982427,0.24548348020824085,1.0,1.0,0.9821428571428571,0.9805825242718447,1.0,0.9927184466019418,0.9878640776699029,0.003934198795223675,0.9821953950174841,-0.1878621995145601,0.9991381199535513,0.8888324556767063
Edge Ring/764106.jpg,Edge Ring,32,32,RGB,bfde21750c7bff752bd2561f0250b83418122ed5ef42761c2c74c2372188cc53,074bebacad996b0f,dup_0348,train,0.9757281553398058,0.002487562189054724,-0.0035307334296260334,0.6888248044667515,0.24426518407619893,1.0,1.0,0.9553571428571429,0.9733009708737864,0.9781553398058253,0.9781553398058253,0.9733009708737864,0.014966048327393034,-0.9414046177313786,-0.3372793289160143,0.9991580759962878,0.8919097810066157
Edge Ring/764107.jpg,Edge Ring,32,32,RGB,c5db6ff398dabbef4b040ab2a231a1c73990cdd499f2386f3107d41e2d965492,070763baeae5630f,dup_0349,train,0.991504854368932,0.001776759979468553,-0.00019741777549653488,0.6938064300190565,0.24547475880807668,1.0,1.0,0.984375,0.9878640776699029,0.9951456310679612,0.9927184466019418,0.9902912621359223,0.006888883673880926,-0.9999892996217239,0.004626082798008146,0.9991209522125757,0.8885680239869138
Edge Ring/764108.jpg,Edge Ring,32,32,RGB,e1ed39ecff4ec68433a457bc05e60b7f49fd2ff438668bc3d9fb646c9be38845,0f4bc98ca2f36b0f,dup_0350,test,0.9866504854368932,0.008213307939531008,-0.00400745942943303,0.6924491862398389,0.24530785044383774,1.0,1.0,0.9754464285714286,0.9757281553398058,0.9975728155339806,0.9902912621359223,0.9830097087378641,0.003434064767936549,0.5066205469233597,-0.8621691373710125,0.9989200708801371,0.8896186233714698
Edge Ring/764109.jpg,Edge Ring,32,32,RGB,4155c1b13a441ff30892c477939849774dae773c9216868679ae59d3f41f7e7b,17078fcecae36f0f,dup_0351,test,0.9878640776699029,0.0046762304826820904,0.0019814535943568335,0.6927071976460188,0.24525525887626948,1.0,1.0,0.9776785714285714,0.9830097087378641,0.9927184466019418,0.9854368932038835,0.9902912621359223,0.008314400303908709,-0.9825058103496382,-0.1862319323564055,0.9992118227713802,0.8893577686913662
Edge Ring/764111.jpg,Edge Ring,32,32,RGB,119485b4d5a2f74b775df09f2212316e52d3f17efe744adf44d2b146c002419d,0703c3a6b6b3790f,dup_0352,train,0.9817961165048543,0.00035886598349216443,-0.00474500578172974,0.6908250515445938,0.24483836293363972,1.0,1.0,0.9665178571428571,0.9805825242718447,0.9830097087378641,0.9878640776699029,0.9757281553398058,0.013135905229001384,-0.7618534263440436,0.6477494552431834,0.9993509037990136,0.8906497126211487
Edge Ring/764112.jpg,Edge Ring,32,32,RGB,0dcfbe1e3d05cb1ad70a44fd01a22aecac5df9f8dc77c8f7183da66a3b20b9fc,0f63e39bddd57b0f,dup_0353,train,0.9842233009708737,0.005369714808480171,-0.009506383994272349,0.691579751639027,0.24500184398824848,1.0,1.0,0.9709821428571429,0.9757281553398058,0.9927184466019418,0.9951456310679612,0.9733009708737864,0.012041926698563956,0.5483234905525013,0.8362663150625649,0.9989280691924829,0.8901366614363251
Edge Ring/764113.jpg,Edge Ring,32,32,RGB,f99d4387edf943428af6ec6a761d87a2a4cce033894fb6b4c6f98f23f79324cb,1f73b38aca69630f,dup_0354,train,0.9745145631067961,-0.00020085967942795366,0.004378741011529363,0.6884456306832912,0.24418640406027642,1.0,1.0,0.953125,0.9733009708737864,0.9757281553398058,0.9684466019417476,0.9805825242718447,0.006644904521862885,0.9398256330668697,0.3416544737457094,0.9989150052545416,0.892157811307043
Edge Ring/764114.jpg,Edge Ring,32,32,RGB,f03edaf831e7ad57cfc7053a17dc017ef7ad42729cdcb5987bbbb8c506eb9f37,0f71d1c8e461730f,dup_0355,train,0.9817961165048543,0.007456437657003863,-0.002831053869771547,0.6907851123290288,0.24478293216203673,1.0,1.0,0.9665178571428571,0.9733009708737864,0.9902912621359223,0.9854368932038835,0.9781553398058253,0.009743951465985655,-0.9933330309934169,-0.11528004830599026,0.9992031953967623,0.8906497126211487
Edge Ring/764116.jpg,Edge Ring,32,32,RGB,06ea79d7c1f3ae5faf93c332dee7c8da41eca4ff58b46234d35e30dff0d557cf,0f4bcd9a8bd9330f,dup_0356,val,0.9830097087378641,0.007407407407407408,-0.002628434886499363,0.6911323482992415,0.24482576183021745,1.0,1.0,0.96875,0.9733009708737864,0.9927184466019418,0.9878640776699029,0.9781553398058253,0.004970517577856089,-0.5912524869804264,-0.8064865136128816,0.9992398370904506,0.8903938173461527
Edge Ring/764118.jpg,Edge Ring,32,32,RGB,826b85e5f36eb42c1b396a931bed5ef2cb1bb7487f5a29e6a9923a096e639925,0f63d398aeed730f,dup_0357,val,0.9781553398058253,0.009925558312655083,-0.004802689506123434,0.6895600628489319,0.244414120252447,1.0,1.0,0.9598214285714286,0.9660194174757282,0.9902912621359223,0.9830097087378641,0.9733009708737864,0.0096947062439248,-0.9999783488429992,-0.006580413758201662,0.9991289817778339,0.8914096929572992
Edge Ring/764119.jpg,Edge Ring,32,32,RGB,18f4d0b1a6ae9ff2451b8c1227adfe61eca959c4fdf259b0286fb5d45f7bb1eb,0f0fd3b8d4dd730f,dup_0358,test,0.9878640776699029,0.004914004914004911,-0.0003962907188713528,0.6927179147997743,0.24526668731615708,1.0,1.0,0.9776785714285714,0.9830097087378641,0.9927184466019418,0.9878640776699029,0.9878640776699029,0.01515490882948235,-0.7743340242056858,-0.6327770689250902,0.9990526102256423,0.8893577686913662
Edge Ring/764152.jpg,Edge Ring,32,32,RGB,5b0f3f8ba7bd001d85cf4111b008852e354b9a15d80a064bde95029c32a1ef3f,1763cdaccaed730f,dup_0359,train,0.9951456310679612,0.004327301337529506,-0.0014162077104641958,0.6949386791479455,0.24573673664929516,1.0,1.0,0.9910714285714286,0.9902912621359223,1.0,0.9975728155339806,0.9927184466019418,0.006512416268243963,0.6734309153694147,-0.7392501621404708,0.9992222772613929,0.8877677852363122
Edge Ring/764153.jpg,Edge Ring,32,32,RGB,6a04036f5eae4402af67f507c8ff4b6303c3efd4041d67b090e493573dcb6375,0769c39a86c3510f,dup_0360,train,0.9939320388349514,0.0014573240379692008,-0.0038993264799716694,0.6947871569977614,0.24591730003803725,1.0,1.0,0.9888392857142857,0.9927184466019418,0.9951456310679612,0.9975728155339806,0.9902912621359223,0.004020728296901956,-0.2053906932739789,0.9786800616730854,0.9991222509206491,0.8880356758448034
Edge Ring/764154.jpg,Edge Ring,32,32,RGB,65808c0011d5efbce9b37484fa07ada57222ed056c9264d4c9e48bc076437a07,176bc9c2a8d9310f,dup_0361,train,0.9963592233009708,0.0017681034144041504,-0.00208243291029823,0.6953609621745918,0.24588279455394546,1.0,1.0,0.9933035714285714,0.9951456310679612,0.9975728155339806,1.0,0.9927184466019418,0.0022487839130989,0.6670559955200818,-0.7450075830759796,0.9992698143406519,0.8874987672817549
Edge Ring/764155.jpg,Edge Ring,32,32,RGB,3bb38a479e0af195795b3d897703afad31b12a1f95bee46cb75974b66b956737,1775d88e86c4610f,dup_0362,train,1.0,-2.694716079187273e-18,-3.4492365813597093e-17,0.6965318261616176,0.24619890532852726,1.0,1.0,1.0,1.0,1.0,1.0,1.0,1.0171152829673967e-16,-0.024264698273398347,-0.9997055688640035,0.9991836108525999,0.8866850746975368
Edge Ring/764156.jpg,Edge Ring,32,32,RGB,edac095c8cd5dc8d816ab7a14728e4a29cfb3ce47b0f9c59a353767483ba97f7,0f53d39bd2d37b0f,dup_0363,train,0.9793689320388349,0.004916656673462044,-0.0002798097293840461,0.6899985087495648,0.24456853230427458,1.0,1.0,0.9620535714285714,0.9733009708737864,0.9854368932038835,0.9781553398058253,0.9805825242718447,0.010685990236919874,-0.9754156856874419,-0.22037295685926972,0.998920550362079,0.8911576647414863
Edge Ring/764157.jpg,Edge Ring,32,32,RGB,c96bca31cde4fc03691af47f2bcdafd82cbdb3f15458fba84816a89e478fbad3,1769d8cc9cd0710f,dup_0364,train,0.9975728155339806,0.001648222274546738,-0.0015697354995683472,0.6957621986292156,0.24600197501994334,1.0,1.0,0.9955357142857143,0.9951456310679612,1.0,1.0,0.9951456310679612,0.0032471400628368216,0.9994045545995239,-0.034504148239411274,0.9991753390936532,0.8872286345798474
Edge Ring/764158.jpg,Edge Ring,32,32,RGB,24cd81abeff352eac2e7a7a4f8810cea99008287ecf16f14e31aa547e0381296,0f1bf9eeeac7370f,dup_0365,train,0.9878640776699029,-0.0010303558690655478,-7.925814377423563e-05,0.6927584822864512,0.24531888934578838,1.0,1.0,0.9776785714285714,0.9854368932038835,0.9902912621359223,0.9878640776699029,0.9878640776699029,0.0027071790955211865,0.12229167407132058,0.9924942047452135,0.9991240509538463,0.8893577686913662
Edge Ring/764161.jpg,Edge Ring,32,32,RGB,84186e13470b8bcf3c2d40f402d700e83ee9830ed0d0f4d8625623af1a857c66,176bf9f0c4e0730f,dup_0366,train,0.991504854368932,0.005409247048604257,-0.002329529750858771,0.6939077956009495,0.24560329159589298,1.0,1.0,0.984375,0.9854368932038835,0.9975728155339806,0.9951456310679612,0.9878640776699029,0.003939735097260007,0.43784773566486784,-0.8990491423571617,0.999178991273491,0.8885680239869138
Edge Ring/764162.jpg,Edge Ring,32,32,RGB,00be1fc46f909592f0793abda20e9514bfddffc652163adedbdd8ebd1df6efea,1723b786dae52b0f,dup_0367,train,0.9781553398058253,0.0029616585287761113,-0.006163451532858437,0.6895897800891403,0.2444359209982409,1.0,1.0,0.9598214285714286,0.9733009708737864,0.9830097087378641,0.9854368932038835,0.970873786407767,0.009896633773963614,-0.9768011493561313,0.21414834721879342,0.9991059240449803,0.8914096929572992
Edge Ring/764163.jpg,Edge Ring,32,32,RGB,f9626f87c55804e2be6d4168b5a37249cc8b9e1e8346cb7bd21491f5e7d1695d,0f79ec9cf8d8730f,dup_0368,train,0.9939320388349514,0.003741777935326324,-0.004765843475520933,0.6946866501708587,0.2458085556667072,1.0,1.0,0.9888392857142857,0.9878640776699029,1.0,1.0,0.9878640776699029,0.011005284695622366,0.9717057612538744,0.23619465181504096,0.9990280242404457,0.8880356758448034
Edge Ring/764165.jpg,Edge Ring,32,32,RGB,3ed91da7922d392b6258c3904c717214094f1a70f7f6386fa4b4323fc7eefb42,1f61d48aa2d7630f,dup_0369,train,0.991504854368932,0.007383424803569311,-0.0001974177754965001,0.6937919339478323,0.2454534661050287,1.0,1.0,0.984375,0.9830097087378641,1.0,0.9902912621359223,0.9927184466019418,0.008446364503834004,-0.17033366759840188,-0.9853864428144307,0.9990210446517604,0.8885680239869138
Edge Ring/764167.jpg,Edge Ring,32,32,RGB,999c6243ddd7e45ca314dee3f788366a6bd54e383dd7fc3f243859d6729e1e82,1f69c8c8ccc4610f,dup_0370,train,0.9963592233009708,-0.00019645593493379363,-0.0032611685199009973,0.695375887333836,0.24590244137093387,1.0,1.0,0.9933035714285714,0.9975728155339806,0.9951456310679612,1.0,0.9927184466019418,0.004012750219508243,-0.2572189329757769,0.9663531551760995,0.9992011600393486,0.8874987672817549
Edge Ring/764170.jpg,Edge Ring,32,32,RGB,67d1fd06af5987dc3888e6f1f41a68eabf96fa7f6617ada4d8906b86b1b97e75,1f2bcbc28ced651f,dup_0371,train,0.9805825242718447,0.003992334717342701,-0.004311721494730136,0.6904506150930779,0.24474322896620104,1.0,1.0,0.9642857142857143,0.9757281553398058,0.9854368932038835,0.9878640776699029,0.9733009708737864,0.014752393347394938,-0.9743982537731566,-0.22482891950063522,0.999186723918704,0.8909043331665394
Edge Ring/764222.jpg,Edge Ring,32,32,RGB,e86c71be09f13b62779e56934af34de345562d05920754463333894f6aff8f12,0f1bd9aa8ad3290f,dup_0372,train,0.9817961165048543,0.004266517803740182,-0.0046652577853981145,0.6907971669933659,0.24479095059927866,1.0,1.0,0.9665178571428571,0.9757281553398058,0.9878640776699029,0.9878640776699029,0.9757281553398058,0.00215647741231225,-0.9140459815698389,-0.40561058119337795,0.9992324442601386,0.8906497126211487
Edge Ring/764384.jpg,Edge Ring,32,32,RGB,98bd2985305fa376a397fc76d7e5bbe3240ed2f167aebf572e2cb4a21b85ff67,0f03638e8c550b0f,dup_0373,train,0.9660194174757282,0.0015399578537850542,0.0038093694277840447,0.6856417906102776,0.24339972923648626,1.0,1.0,0.9375,0.9684466019417476,0.9635922330097088,0.9611650485436893,0.970873786407767,0.012623978797436692,-0.2427743314626998,-0.9700827923341591,0.9985731187236406,0.893855015427461
Edge Ring/764385.jpg,Edge Ring,32,32,RGB,f8b65840bbb0d85bd809ae2df1a7a78a17dcd90286de605172456bd5b5e6b879,1735598e8e4d2b0f,dup_0374,test,0.9684466019417476,-0.004931684048831757,-0.007518796992481203,0.6866992879312458,0.24393932673400243,1.0,1.0,0.9419642857142857,0.9733009708737864,0.9635922330097088,0.9733009708737864,0.9635922330097088,0.032535050551993676,0.8444257635747512,0.5356725957254099,0.9986249311082908,0.8933772208610211
Edge Ring/764389.jpg,Edge Ring,32,32,RGB,0bde10a139a34f351ae05982c900afbd2539beb00a4c3433917f6de678c63bee,1f63ebacece9270f,dup_0375,test,0.9817961165048543,0.003309541847761073,0.00019936999082897474,0.6908490262224517,0.24485477130184094,1.0,1.0,0.9665178571428571,0.9781553398058253,0.9854368932038835,0.9805825242718447,0.9830097087378641,0.023002978859724785,0.993089498689444,0.1173594801997222,0.9989141290054285,0.8906497126211487
Edge Ring/764591.jpg,Edge Ring,32,32,RGB,939178956b10a526052a6235a3a0a179e91e5016c467c1fecd550f98fc9821ce,0f0f4d8c89090f0f,dup_0376,train,0.9696601941747572,-0.011587064475755984,-0.003270216803262156,0.6871235152435761,0.24407847750582837,1.0,1.0,0.9441964285714286,0.9805825242718447,0.9587378640776699,0.9733009708737864,0.9660194174757282,0.022069825436906134,0.9662320246956569,0.2576735812079528,0.9987171653809788,0.893136155863885
Edge Ring/764614.jpg,Edge Ring,32,32,RGB,b0fd2f8b9b976649db834fbf410f615e78b5810760f41f1121ed7d3627d71c61,0f3969ccecc9710f,dup_0377,val,1.0,-2.694716079187273e-18,-3.4492365813597093e-17,0.6965318261616176,0.24619890532852726,1.0,1.0,1.0,1.0,1.0,1.0,1.0,1.0171152829673967e-16,-0.024264698273398347,-0.9997055688640035,0.9991836108525999,0.8866850746975368
Edge Ring/764620.jpg,Edge Ring,32,32,RGB,02a8c512ba95b7aa2beb838c1ad7fe7b122444040b42c8eac791b5bf5e2b3765,170f71caec193317,dup_0378,train,0.9526699029126213,0.00012327922745017454,-0.011218409697965899,0.6815794369966268,0.24262431690781855,1.0,1.0,0.9129464285714286,0.9466019417475728,0.9587378640776699,0.970873786407767,0.9344660194174758,0.005225474839854925,-0.5409638214618091,0.8410458631189122,0.9983960619269088,0.8963740547744158
Edge Ring/764625.jpg,Edge Ring,32,32,RGB,516f247d5b5847fcb0e74f0a3a2fe486326070eb0c98e9b82928d8d527ff5f55,1f3b49c8ae541107,dup_0379,train,0.9648058252427184,-0.012375735443294787,-0.0028809089064718908,0.6856201409206006,0.2437473708407007,1.0,1.0,0.9352678571428571,0.9805825242718447,0.9490291262135923,0.9733009708737864,0.9563106796116505,0.014396306924337823,-0.47896317725076815,-0.877834992944488,0.9987441926926806,0.8940917128844063
Edge Ring/764821.jpg,Edge Ring,32,32,RGB,76c19d1dced68b93cf176f4ef8fc99ef1d96c9e771848ba04a269da46ec2ef1d,070b69cead491b1f,dup_0380,train,0.9587378640776699,-0.00391996733360555,-0.01135157207023275,0.6835060757216161,0.24306445186715303,1.0,1.0,0.9241071428571429,0.9660194174757282,0.9514563106796117,0.970873786407767,0.9466019417475728,0.007057811118076234,-0.9547776154316135,0.29732087896870263,0.9990306733815277,0.8952525441444097
Edge Ring/764828.jpg,Edge Ring,32,32,RGB,46cb5e37a46f8b67a32b0b79d9b975b8c3c3a60e111dae0a359255e447d7c8db,0f234b80e8392b0f,dup_0381,train,0.9733009708737864,-0.0022524334325476655,-0.0005631083581368998,0.6879970478258889,0.2440021042922842,1.0,1.0,0.9508928571428571,0.9757281553398058,0.970873786407767,0.9757281553398058,0.970873786407767,0.025155829363409116,0.35058624296692076,-0.9365304513161007,0.999261684996848,0.8924044791784236
Edge Ring/764829.jpg,Edge Ring,32,32,RGB,191101490b7e5a7eb2200e6c7df4dcb6d71ec1a30b40defceb92297c2b6759d1,1731e5cecccd6b0f,dup_0382,train,0.9854368932038835,0.008978229779119655,0.005482281900524411,0.6919756392899105,0.24510975981049749,1.0,1.0,0.9732142857142857,0.9757281553398058,0.9951456310679612,0.9757281553398058,0.9951456310679612,0.014516949949340314,-0.6076512230880433,-0.7942039984031842,0.9987865342220333,0.8898782588421328
Edge Ring/764830.jpg,Edge Ring,32,32,RGB,9e2dbd1a01673e51242049c4ffdeed4e4d189d90fabe8c11996698fac6dda31f,1f2b038e8e1b1b17,dup_0383,test,0.9575242718446602,0.012224539024489967,-0.0020851220409665644,0.6830944808816639,0.24296195983779714,1.0,1.0,0.921875,0.9393203883495146,0.9757281553398058,0.9563106796116505,0.9587378640776699,0.026337421952081556,0.8252938471246235,-0.5647035203522628,0.9987433178454316,0.8954800612985012
Edge Ring/764840.jpg,Edge Ring,32,32,RGB,197fb7b56e99e764e8a2faf9b65cf33ca4fc1c1c6d4723188de1a2dc984c5889,1f0b0f8f861d1b07,dup_0384,val,0.9575242718446602,-0.0012674271229404315,-0.005274132221268239,0.6831348316655949,0.24300049757070324,1.0,1.0,0.921875,0.9563106796116505,0.9587378640776699,0.9635922330097088,0.9514563106796117,0.009345391835100811,-0.2266119214516862,-0.9739851318454378,0.9988156228998025,0.8954800612985012
Edge Ring/764882.jpg,Edge Ring,32,32,RGB,f002dd0adbb593746a99e90bfceb1c75b5c713b4488aeb8a9b14083c857ac9d1,0f0b494ccc09230f,dup_0385,train,0.9441747572815534,-0.0011609586201177533,-0.004726760096193689,0.6787322954854835,0.24181454829508578,1.0,1.0,0.8973214285714286,0.9490291262135923,0.9393203883495146,0.9466019417475728,0.941747572815534,0.015416480299656162,0.9692812663948522,0.24595492801729227,0.9990951627428389,0.8978738577279984
Edge Ring/764884.jpg,Edge Ring,32,32,RGB,6f002ce5e7d0379647bbf049f911c3acf594e54ba1ef33f80ad90ffb64d39ab8,173357cc8c492f0f,dup_0386,train,0.9635922330097088,-0.00048752742341756736,0.015032095555374991,0.6849396225892841,0.24330207597180525,1.0,1.0,0.9330357142857143,0.9635922330097088,0.9635922330097088,0.9441747572815534,0.9830097087378641,0.005258254522660188,0.6018126159284379,0.798637324014706,0.9987607824385786,0.8943269220978565
Edge Ring/766293.jpg,Edge Ring,32,32,RGB,0da6b722cd40d0ff5d00d782f461c50bdc921f05664fb67bcbbc25ad17660c04,0f07250909616b0f,dup_0387,train,0.9696601941747572,0.020307642617788366,-0.007953490249909219,0.6871215654440731,0.24408396646223665,1.0,1.0,0.9441964285714286,0.941747572815534,0.9975728155339806,0.9830097087378641,0.9563106796116505,0.020674342631689678,0.9351221365249779,-0.3543255420950636,0.9988789121453499,0.893136155863885
Edge Ring/766319.jpg,Edge Ring,32,32,RGB,1e0bbdd0be139f0bc9bf38955c94f7abe4e1e21f18c52575a434b6e0bedb2f9d,0f2b4dae8c6b2b0f,dup_0388,train,0.9672330097087378,-0.0027927308050350107,-0.0014975513012506865,0.6866489768090996,0.24426364936187253,1.0,1.0,0.9397321428571429,0.9684466019417476,0.9660194174757282,0.9684466019417476,0.9660194174757282,0.01635245523919489,-0.9976037084695974,-0.06918699912343673,0.9986467878818681,0.8936168460393795
Edge Ring/766504.jpg,Edge Ring,32,32,RGB,460658aefb48c255b82126795d5f11d071c0242f6355b6169933f745113af86e,0f3b4d0242250b0f,dup_0389,val,0.9672330097087378,0.017282551503622453,0.0010928077063180521,0.6863465827968798,0.24389454947519473,1.0,1.0,0.9397321428571429,0.9441747572815534,0.9902912621359223,0.9684466019417476,0.9660194174757282,0.018321968919245125,0.9714997033940123,-0.23704076928947498,0.9991246163310854,0.8936168460393795
Edge Ring/766555.jpg,Edge Ring,32,32,RGB,706d36291e771f1c65300eaea02d76cdc668378564efbc3639de96dfe7e1919e,0f134b969655131f,dup_0390,test,0.9939320388349514,0.0024813895781637717,-0.0007483555870653126,0.6946614819492347,0.24577630347427465,1.0,1.0,0.9888392857142857,0.9902912621359223,0.9975728155339806,0.9927184466019418,0.9951456310679612,0.004542946828026311,0.6989520154414188,-0.7151685676191164,0.9990527493288944,0.8880356758448034
Edge Ring/766638.jpg,Edge Ring,32,32,RGB,ccf7340be1e87165be68088d7c791ff10f3d6440f4eab5bc4e2c649e656dcfbe,0f2b6589cb75270f,dup_0391,train,0.9684466019417476,-0.00759964427197025,-0.003799822135985123,0.6868470250520075,0.24412202839315664,1.0,1.0,0.9419642857142857,0.9757281553398058,0.9611650485436893,0.9781553398058253,0.9587378640776699,0.0020798229653043493,0.9956687905663035,0.09297128315901897,0.9982126997782448,0.8933772208610211
Edge Ring/766910.jpg,Edge Ring,32,32,RGB,71c00af7243fea66abd0c26df21fd970afe569d55195df6fdef7857a3bc53dc9,07336141c9692b0f,dup_0392,train,0.9720873786407767,0.0067254641375699715,0.0011678949699971833,0.6879415133110515,0.2443237740526965,1.0,1.0,0.9486607142857143,0.9611650485436893,0.9830097087378641,0.9660194174757282,0.9781553398058253,0.009622142792555482,0.09371537525874717,-0.9955990299513716,0.9989776788444357,0.8926497694650855
Edge Ring/788327.jpg,Edge Ring,32,32,RGB,24cb41cfa36a523612cde62e5df85cee131c9d2a6e74d8377b53e96a9a47bfcd,0f6b4bceaa2b2b0f,dup_0393,test,0.9769417475728155,-0.014305750350631136,0.004848727709877783,0.6893679818453738,0.24455491663409792,1.0,1.0,0.9575892857142857,0.9951456310679612,0.9587378640776699,0.9684466019417476,0.9854368932038835,0.016629022753925915,0.8722956290027384,-0.48897887032336784,0.9990527058026025,0.8916604032756271
Edge Ring/788328.jpg,Edge Ring,32,32,RGB,2c1aadd24c25b3a5e0e07fe92af6da2677bb2fe7a4425993c6d5a51e37ab355c,0f77d5b4a273730f,dup_0394,test,0.9745145631067961,0.001245330012453298,0.0010042983971397296,0.6885570845224149,0.24431789468624093,1.0,1.0,0.953125,0.9733009708737864,0.9757281553398058,0.970873786407767,0.9781553398058253,0.010927442141893002,0.943747885490422,-0.3306658867079539,0.9993494445728115,0.892157811307043
Edge Ring/788329.jpg,Edge Ring,32,32,RGB,92d9fe5ca70b1229064ff4802d6799877d75712f89128bdef6f20a065c3332e4,0f6761b38849270f,dup_0395,val,0.9696601941747572,-0.02200331058985022,-0.001655294925108022,0.6871439615339203,0.24410628814725294,1.0,1.0,0.9441964285714286,1.0,0.9393203883495146,0.970873786407767,0.9684466019417476,0.004586268963225426,0.11869760712571914,-0.9929304497610235,0.9990612782270617,0.893136155863885
Edge Ring/788331.jpg,Edge Ring,32,32,RGB,ee9c80c805b6135921de7a6f1921a6a7988ea07b60a9c0762999a630877ae622,077369d89249670f,dup_0396,train,0.9648058252427184,0.0005274903631568276,0.0036112801785352045,0.6854461739889874,0.24354921528231005,1.0,1.0,0.9352678571428571,0.9660194174757282,0.9635922330097088,0.9587378640776699,0.970873786407767,0.019023126421840217,0.9616143562186203,-0.2744045005357025,0.9989036843965169,0.8940917128844063
Edge Ring/788332.jpg,Edge Ring,32,32,RGB,7b88d31257ccf52573ecf634cfa5f5400c643f02a7152e52645df9318ce6de76,0f23f1e6a829330f,dup_0397,test,0.9733009708737864,0.0008044405116241636,-0.0034590941999839545,0.6880223396088614,0.24403713713940475,1.0,1.0,0.9508928571428571,0.9757281553398058,0.970873786407767,0.9781553398058253,0.9684466019417476,0.02505643438650865,0.9837586122797056,-0.17949649791989739,0.9993036679298891,0.8924044791784236
Edge Ring/788333.jpg,Edge Ring,32,32,RGB,cedd53e0a2e661a248a620e045eac206dfc48578f45c110a561edc6615aaf8eb,076fc9ecc9691b0f,dup_0398,val,0.9854368932038835,-0.010090576831399968,0.005720641983155865,0.691909770578207,0.24502382026674602,1.0,1.0,0.9732142857142857,0.9975728155339806,0.9733009708737864,0.9757281553398058,0.9951456310679612,0.021206789052147686,0.9771666117170447,-0.21247449951801387,0.9991105943279575,0.8898782588421328
Edge Ring/788334.jpg,Edge Ring,32,32,RGB,0f039abcf8975d3b58ab558df810a84878fd081bcfcc417d7d6c4a622da4914f,0f3b63d8dc255b0f,dup_0399,train,0.9745145631067961,0.001084642268910934,0.005503555216325895,0.6884775992112953,0.24422363404517602,1.0,1.0,0.953125,0.9757281553398058,0.9733009708737864,0.9635922330097088,0.9854368932038835,0.015490130225336813,-0.9079196091884902,-0.4191443465573873,0.999117998433344,0.892157811307043
Edge Ring/788336.jpg,Edge Ring,32,32,RGB,c9573010262f6db1c4a97663e9df53c8d85169105a3ae33fbc50295a12e4249e,0f2b63c88a6b6b0f,dup_0400,test,0.9648058252427184,-0.002069385270846016,0.00580239399472511,0.6853554391966932,0.24343908484069735,1.0,1.0,0.9352678571428571,0.9684466019417476,0.9611650485436893,0.9611650485436893,0.9684466019417476,0.004996354116528182,-0.09690332612956704,-0.9952937985263581,0.9991708569551956,0.8940917128844063
Edge Ring/788337.jpg,Edge Ring,32,32,RGB,a84f2dcad0d561a57b8b3daf217caf2e1ddc625387333ea65015819886ab1691,0f6be5ccaaf9630f,dup_0401,test,0.9817961165048543,0.0007576059651501265,0.0031500458550978716,0.6909245736092487,0.24495677293209547,1.0,1.0,0.9665178571428571,0.9854368932038835,0.9781553398058253,0.9757281553398058,0.9878640776699029,0.005582839960232958,0.5960800372820191,-0.8029250208792018,0.9989648285283459,0.8906497126211487
Local/775353.jpg,Local,32,32,RGB,eb071eb6ef7ed79259129b5a78811de29c2b0f00feda79a95f547089f849d55b,0f1f27bc8b67330f,dup_0402,val,0.9951456310679612,0.0002360346184107011,0.00031471282454759137,0.69505480024119,0.24588337233000634,1.0,1.0,0.9910714285714286,0.9951456310679612,0.9951456310679612,0.9951456310679612,0.9951456310679612,0.008827092121194167,0.8071713705989105,-0.5903171846435408,0.9992964963148965,0.8877677852363122
Local/775678.jpg,Local,32,32,RGB,4acc482e0c2fadfd23589f4aa498f69766cf598fc50dbdc999f440d3dbc10519,173371484a4d230f,dup_0403,train,0.9975728155339806,7.848677497841715e-05,-7.848677497844849e-05,0.6957672702254634,0.24600821483008217,1.0,1.0,0.9955357142857143,0.9975728155339806,0.9975728155339806,0.9975728155339806,0.9975728155339806,0.004548440539584389,-0.7992617071343973,-0.6009831308020291,0.9991067683133977,0.8872286345798474
Local/775788.jpg,Local,32,32,RGB,6d4669fb52575cb4387d257a44c07875d3c0e35bc960cafe10337919593a38de,0f0727a50a5f170f,dup_0404,val,0.9781553398058253,-0.004002241255102858,0.004962779156327579,0.6899850403428603,0.2449256705307448,1.0,1.0,0.9598214285714286,0.9805825242718447,0.9757281553398058,0.970873786407767,0.9854368932038835,0.03430667212189873,0.9027665724510398,0.4301308122711061,0.9986835145374257,0.8914096929572992
Local/776052.jpg,Local,32,32,RGB,cdd4627af711121deb43238ea5a67a701c7d4a53dd9a761d7b78aeed1681ad63,0f0b3d9f39390f0f,dup_0405,train,0.9781553398058253,0.004962779156327539,0.005763227407348092,0.6902998448629164,0.24530341627434635,1.0,1.0,0.9598214285714286,0.9684466019417476,0.9878640776699029,0.970873786407767,0.9854368932038835,0.022325719044952466,0.08445141037356561,0.9964275986171377,0.9988824457339793,0.8914096929572992
Local/776053.jpg,Local,32,32,RGB,4ef82395cf0b8758181af2d82fafdf4d5ba5bfa3ed26b8a0fb35545086f0e204,0f2b170d331f3b0f,dup_0406,train,0.9830097087378641,-0.011230585424133813,0.0051772202309837,0.6911946844309782,0.24490163955933653,1.0,1.0,0.96875,0.9975728155339806,0.9684466019417476,0.9733009708737864,0.9927184466019418,0.017942662710307335,0.9555627626206166,-0.2947877315847036,0.9990397638158662,0.8903938173461527
Local/776055.jpg,Local,32,32,RGB,48699a207646dd422e0d9463fb0538f2bf9c83828f4ca17c3457c668f89697d1,0f0b5b4d9d153b0f,dup_0407,train,0.9830097087378641,0.0017522899243329335,0.004619673436877747,0.691384026998208,0.24514341595452313,1.0,1.0,0.96875,0.9830097087378641,0.9830097087378641,0.9781553398058253,0.9878640776699029,0.008080723346790563,-0.9999998620538681,-0.0005252544571369252,0.9992030144352224,0.8903938173461527
Local/776092.jpg,Local,32,32,RGB,54d6190cbcd2e91aa16ed629ab23af73a6560c17f0528e0d358fb44b7e8bca70,0f2f2d4d0b590f0f,dup_0408,train,0.9830097087378641,-0.003106332138590209,0.004301075268817187,0.6915100298148872,0.24529105667709467,1.0,1.0,0.96875,0.9902912621359223,0.9757281553398058,0.9781553398058253,0.9878640776699029,0.020154818632386048,0.9999009146947326,0.01407695963754358,0.9991115311472399,0.8903938173461527
Local/776108.jpg,Local,32,32,RGB,5587fe300178bc7e368bd81fb4df3a45593447a18630c748548ee00e1f6d8eae,0f3b29899905170f,dup_0409,test,0.9745145631067961,-0.016832041136062348,-0.007110432651749462,0.6887357417499751,0.24453557345856725,1.0,1.0,0.953125,0.9975728155339806,0.9514563106796117,0.9830097087378641,0.9660194174757282,0.016458196898143092,-0.8104543501592043,-0.5858017978019715,0.9993010937103113,0.892157811307043
Local/776109.jpg,Local,32,32,RGB,5c92573efb8186f796d053cfd8ba3e554a7a2cb6f9edddcbf8c80c7ed86f183e,1737259b3879630f,dup_0410,test,0.9830097087378641,-0.0033452807646356057,0.009796893667861448,0.6914690338996785,0.2452390264540227,1.0,1.0,0.96875,0.9878640776699029,0.9781553398058253,0.9684466019417476,0.9975728155339806,0.00516625202830623,0.7406969321075867,-0.6718393072501855,0.9989434332876512,0.8903938173461527
Local/776163.jpg,Local,32,32,RGB,5e112f65768b9c589cd003270b0bb76acf6b8d632252b5dd5f4a002e7cb1d8fb,0f0f2f4f672f2f0f,dup_0411,train,0.9878640776699029,-0.0027740350320995524,0.001743679163033987,0.6927321732222044,0.24528896050620408,1.0,1.0,0.9776785714285714,0.9902912621359223,0.9854368932038835,0.9854368932038835,0.9902912621359223,0.013322335442276793,0.9949594469229318,0.10027810817328796,0.9990712682920918,0.8893577686913662
Local/776201.jpg,Local,32,32,RGB,efddef63e27a4c2488f547c4a3bae5427b75e8d0bd9ed0d6729e8e77c326bad0,1f1f154d5a71170f,dup_0412,test,0.9563106796116505,-0.0046667758310135945,0.017439004421156097,0.683465572572689,0.24378432930049887,1.0,1.0,0.9196428571428571,0.9611650485436893,0.9514563106796117,0.9320388349514563,0.9805825242718447,0.022268621525902244,-0.8858187488578182,0.46403140429497824,0.9990984058413437,0.8957059886093658
Local/776212.jpg,Local,32,32,RGB,928c0c3a5d655379d04d6d8236c710cd4c172cb1a4080de51156a2b56eabd7c0,0f2f490b5b73270f,dup_0413,test,0.9830097087378641,-0.005017921146953406,-0.00414177618478696,0.6912506486075835,0.24497448154235596,1.0,1.0,0.96875,0.9878640776699029,0.9781553398058253,0.9878640776699029,0.9781553398058253,0.006029920537299362,0.4277025830976191,0.9039195209816105,0.998973429011024,0.8903938173461527
Local/776217.jpg,Local,32,32,RGB,7f7b77daa89b9a7c5e85f4870e7e9e9ea2a70c618e03ee5f8b927ecdc83d5ec3,0f0b53595913270f,dup_0414,train,0.9817961165048543,-0.0029108018661031126,-0.00458550978906656,0.6909278701926157,0.24494747439711323,1.0,1.0,0.9665178571428571,0.9854368932038835,0.9781553398058253,0.9830097087378641,0.9805825242718447,0.013166836592586228,-0.7735047087765314,-0.6337905533380356,0.9989915153822613,0.8906497126211487
Local/776304.jpg,Local,32,32,RGB,63807354dfd0b0ca721e2e199e97d6c5b8500949102a6e956e82c231c79bcd33,172b0bd76d050f0f,dup_0415,train,0.9769417475728155,-0.002043678621518735,0.0022841114005209434,0.6894047152545245,0.24459936343308988,1.0,1.0,0.9575892857142857,0.9781553398058253,0.9757281553398058,0.9733009708737864,0.9805825242718447,0.016496018806872712,-0.7402357438005074,-0.6723474128753004,0.9985590114234383,0.8916604032756271
Local/776366.jpg,Local,32,32,RGB,c45b3237a63514301c6bae85222561078e3646da192177f8837e22178e57e67c,0f1b0f1d9c0d170f,dup_0416,val,0.9781553398058253,0.006723765308572798,0.005683182582246073,0.6900704848242273,0.24500120698533145,1.0,1.0,0.9598214285714286,0.9660194174757282,0.9902912621359223,0.9684466019417476,0.9878640776699029,0.027131338775395825,-0.9992983462163944,0.03745417532371102,0.9989143619209615,0.8914096929572992
Local/777052.jpg,Local,32,32,RGB,3357a31c15b8f62b28fd11e90c866c3acfb0fec6f593d598d5bb55432384ed2f,070b0f2f27232f07,dup_0417,test,0.9963592233009708,-0.002789674276059881,0.0018466857883776143,0.6955248463586419,0.24607899875623557,1.0,1.0,0.9933035714285714,1.0,0.9927184466019418,0.9927184466019418,1.0,0.004936057174933044,0.9124342844794062,-0.40922325997742837,0.9992011600393486,0.8874987672817549
Local/777062.jpg,Local,32,32,RGB,331756cc088e09f3faef8be45dfdbd85035870086b13ae6bfa17e0071d70b9ed,0f176575632b1b17,dup_0418,train,0.9963592233009708,0.003261168519900988,-0.0015323562924836216,0.6954673413258149,0.24601489062158352,1.0,1.0,0.9933035714285714,0.9927184466019418,1.0,1.0,0.9927184466019418,0.006530809388220388,0.7695700147257329,-0.6385624420798919,0.9992589163277379,0.8874987672817549
Local/777138.jpg,Local,32,32,RGB,531c553d4927a10bda47f0113e44262dba4b9af78f3f8cb06d5be7881477c934,0f1b3f3a3f3f1b0f,dup_0419,train,0.9781553398058253,-0.016889458096534055,0.00832466181061399,0.6899730402336068,0.24491730645997345,1.0,1.0,0.9598214285714286,1.0,0.9563106796116505,0.9684466019417476,0.9878640776699029,0.021145589295647315,0.8964978933924065,-0.4430479964326409,0.9987977155958501,0.8914096929572992
Local/777148.jpg,Local,32,32,RGB,e0efa37113b36022cae30cffc46f419351aba33d0a62438a0364d43d8cc52513,07075bda18153717,dup_0420,train,0.9939320388349514,-0.004765843475520894,0.0008271298593879004,0.6947247580075981,0.24584558066292778,1.0,1.0,0.9888392857142857,1.0,0.9878640776699029,0.9951456310679612,0.9927184466019418,0.003290640670131595,0.0854649629777342,-0.9963411765571142,0.9989716299014268,0.8880356758448034
Local/777280.jpg,Local,32,32,RGB,bcb26874b7619203ea15c163b1a31313f34dede32b69baddd4757b0644e487b7,1f1735162d2d130f,dup_0421,train,0.9963592233009708,-0.0016109386664571116,-0.003339750893874513,0.6953560266080936,0.24587613339378475,1.0,1.0,0.9933035714285714,1.0,0.9927184466019418,1.0,0.9927184466019418,0.006894906229730856,-0.7835058056151896,0.621384464375553,0.9992589163277379,0.8874987672817549
Local/777535.jpg,Local,32,32,RGB,04307e72fd3e48354d903a122da0f2cfe35ca2db66a1a1adb7d449a99fc337c4,0f032bc94503330f,dup_0422,val,1.0,-2.694716079187273e-18,-3.4492365813597093e-17,0.6965318261616176,0.24619890532852726,1.0,1.0,1.0,1.0,1.0,1.0,1.0,1.0171152829673967e-16,-0.024264698273398347,-0.9997055688640035,0.9991836108525999,0.8866850746975368
Local/777757.jpg,Local,32,32,RGB,11eca4a54ac64d03067701413d09178f0595968b72670884d5a31637765c804c,0f0f030b414d270f,dup_0423,train,1.0,-2.694716079187273e-18,-3.4492365813597093e-17,0.6965318261616176,0.24619890532852726,1.0,1.0,1.0,1.0,1.0,1.0,1.0,1.0171152829673967e-16,-0.024264698273398347,-0.9997055688640035,0.9991836108525999,0.8866850746975368
Local/777784.jpg,Local,32,32,RGB,baf50b819434b92aa47d87ee3cf2657d9b77491fae49e8c9c7bc05b30814ede0,0f2b69415f2b1b0f,dup_0424,train,0.9939320388349514,-0.0033479065737130236,-0.0049233920201662475,0.6945857987953635,0.2456800106473149,1.0,1.0,0.9888392857142857,1.0,0.9878640776699029,1.0,0.9878640776699029,0.009934919225590403,-0.9189016466867627,0.39448670917580475,0.9992386226297532,0.8880356758448034
Local/778470.jpg,Local,32,32,RGB,8273b2b954c6f54f72fa31029c2ebbab7f508abedfaa3da7ca0fb3f4e016d0fe,0f33274d07070f0f,dup_0425,train,0.9951456310679612,-0.0026750590086546005,-0.004012588512981929,0.6950811381855226,0.245912137964776,1.0,1.0,0.9910714285714286,1.0,0.9902912621359223,1.0,0.9902912621359223,0.008722841588094657,-0.9219645607877569,0.3872742550847376,0.9992745712475052,0.8877677852363122
Local/778512.jpg,Local,32,32,RGB,a579697d78089e5624a63b83d956f308c6562b35b350498795aaa38561023059,0f07234b4f07270f,dup_0426,train,1.0,-2.694716079187273e-18,-3.4492365813597093e-17,0.6965318261616176,0.24619890532852726,1.0,1.0,1.0,1.0,1.0,1.0,1.0,1.0171152829673967e-16,-0.024264698273398347,-0.9997055688640035,0.9991836108525999,0.8866850746975368
Local/778735.jpg,Local,32,32,RGB,0fe15ddc42c8133d7ecea2b93e9c4e5cf33693ecf63df8ccfb960818e7431385,073301020727330f,dup_0427,train,0.9939320388349514,0.003505455118358346,-0.0049233920201662475,0.6947184151042382,0.24584283234015245,1.0,1.0,0.9888392857142857,0.9878640776699029,1.0,1.0,0.9878640776699029,0.011011067832940558,0.9445454803617919,0.32838062599384854,0.9989343442684359,0.8880356758448034
Local/779917.jpg,Local,32,32,RGB,9554b9035d9a537d54e30274d8bd2bb69b1b64ff3085fe17c25271c536b7d538,0f3737d3274b2f0f,dup_0428,train,0.9939320388349514,-0.004529520658552914,-0.0036630036630036977,0.6947122965408549,0.24583944986651096,1.0,1.0,0.9888392857142857,1.0,0.9878640776699029,1.0,0.9878640776699029,0.009433411251529614,-0.9802374871741546,-0.1978243380843193,0.9991801482500359,0.8880356758448034
Local/780943.jpg,Local,32,32,RGB,74f1879814248a99def65829160d7c8053c3e19de3849029e2e1574e13b69249,0f13292726272f0f,dup_0429,val,1.0,-2.694716079187273e-18,-3.4492365813597093e-17,0.6965318261616176,0.24619890532852726,1.0,1.0,1.0,1.0,1.0,1.0,1.0,1.0171152829673967e-16,-0.024264698273398347,-0.9997055688640035,0.9991836108525999,0.8866850746975368
Local/781019.jpg,Local,32,32,RGB,9d5f7fc8dbbe68dc47a8151a5bb5f6dffec2cb3b415ff73b4f9a6a8acb60e25b,0f1b475b0d0b031f,dup_0430,train,1.0,-2.694716079187273e-18,-3.4492365813597093e-17,0.6965318261616176,0.24619890532852726,1.0,1.0,1.0,1.0,1.0,1.0,1.0,1.0171152829673967e-16,-0.024264698273398347,-0.9997055688640035,0.9991836108525999,0.8866850746975368
Local/781023.jpg,Local,32,32,RGB,0b9e971cd4dd85fb48fed779cc153bc934defaaccbcfaa75973a8251bc3f5e35,0f132b390b0f170f,dup_0431,train,1.0,-2.694716079187273e-18,-3.4492365813597093e-17,0.6965318261616176,0.24619890532852726,1.0,1.0,1.0,1.0,1.0,1.0,1.0,1.0171152829673967e-16,-0.024264698273398347,-0.9997055688640035,0.9991836108525999,0.8866850746975368
Local/781065.jpg,Local,32,32,RGB,c456757e457cf0c915e86562ad436987271e10bc9a2ed9d1923a8825bc08e75a,0f031b17490b170f,dup_0432,train,1.0,-2.694716079187273e-18,-3.4492365813597093e-17,0.6965318261616176,0.24619890532852726,1.0,1.0,1.0,1.0,1.0,1.0,1.0,1.0171152829673967e-16,-0.024264698273398347,-0.9997055688640035,0.9991836108525999,0.8866850746975368
Local/781143.jpg,Local,32,32,RGB,5bbdfc644051a93279cf25d226f96928f94388766daf9b60b6b0b1bbd7515559,0f176b7b393f230f,dup_0433,train,0.9939320388349514,-0.005159714837134193,0.00208751821655045,0.6947998740945803,0.24594336789572332,1.0,1.0,0.9888392857142857,1.0,0.9878640776699029,0.9902912621359223,0.9975728155339806,0.008154158204428223,0.7500924262318195,-0.6613330115075631,0.9992386226297532,0.8880356758448034
Local/781188.jpg,Local,32,32,RGB,e84638a38ab421f5144a437661cc26dde9b8f26c2da3e4cdc793f76f80314a65,0f074f510909030f,dup_0434,train,1.0,-2.694716079187273e-18,-3.4492365813597093e-17,0.6965318261616176,0.24619890532852726,1.0,1.0,1.0,1.0,1.0,1.0,1.0,1.0171152829673967e-16,-0.024264698273398347,-0.9997055688640035,0.9991836108525999,0.8866850746975368
Local/781566.jpg,Local,32,32,RGB,e7fb86e1398ed6bf7432230458bf5361492d746fd8f7888558175096c248c465,0f0313016123330f,dup_0435,test,1.0,-2.694716079187273e-18,-3.4492365813597093e-17,0.6965318261616176,0.24619890532852726,1.0,1.0,1.0,1.0,1.0,1.0,1.0,1.0171152829673967e-16,-0.024264698273398347,-0.9997055688640035,0.9991836108525999,0.8866850746975368
Local/781782.jpg,Local,32,32,RGB,a2f9fa783b3f879a768ac775de7664665a746a467ad555a59c817e3b51d09766,3f3745363521030f,dup_0436,test,0.9951456310679612,-0.0024390243902439003,-0.0041699449252557245,0.6950503084481946,0.2458754254214284,1.0,1.0,0.9910714285714286,1.0,0.9902912621359223,1.0,0.9902912621359223,0.008675118451373774,-0.8698453476685729,0.4933245089586971,0.9992745712475052,0.8877677852363122
Local/781866.jpg,Local,32,32,RGB,fde7f0fb5151767db95ee0a9620a84d7c8920e8128523123a43faa391b836fa2,0f376f03270b170f,dup_0437,train,0.9902912621359223,-0.007511068943706512,-0.005929791271347254,0.6937347109868564,0.24575651973201226,1.0,1.0,0.9821428571428571,1.0,0.9805825242718447,1.0,0.9805825242718447,0.017225399521461984,-0.9729925593510371,-0.23083647772290763,0.9989305097905341,0.8888324556767063
Local/781918.jpg,Local,32,32,RGB,0a5f05af3614a3588114f7d19dd6120182bafcecbb0c005ae14bb5be8e020964,0f2313230725370f,dup_0438,val,0.9975728155339806,-0.0018051958245035712,0.001569735499568278,0.6958335796518018,0.24608823772233437,1.0,1.0,0.9955357142857143,1.0,0.9951456310679612,0.9951456310679612,1.0,0.004327665126006808,0.990459289571385,-0.13780564466576575,0.9992384928105271,0.8872286345798474
Local/782023.jpg,Local,32,32,RGB,93cfe9c57374b85ddced410596e4a0d5719e8852722d19f419f98a628057f04d,0f17253655050b0f,dup_0439,test,0.9939320388349514,0.0038205522076489805,0.004765843475520864,0.6946465059413056,0.24575659578171266,1.0,1.0,0.9888392857142857,0.9878640776699029,1.0,0.9878640776699029,1.0,0.011220160195331935,-0.9758908461376666,0.2182591496929948,0.9992386226297532,0.8880356758448034
Local/782143.jpg,Local,32,32,RGB,64367d5ed6b7aac06c7ea457d1ed38e7d0f495b66a3ca9c0e2cb19b5dadf765c,0f1753492d4d0f0f,dup_0440,val,1.0,-2.694716079187273e-18,-3.4492365813597093e-17,0.6965318261616176,0.24619890532852726,1.0,1.0,1.0,1.0,1.0,1.0,1.0,1.0171152829673967e-16,-0.024264698273398347,-0.9997055688640035,0.9991836108525999,0.8866850746975368
Local/782344.jpg,Local,32,32,RGB,f09e98765040ca6e22d8e379db99b8e714eb57841e6bc15025c3d9ce8d4baf67,0f377b3727032b0f,dup_0441,train,0.9963592233009708,-0.0029468390240069134,-0.00208243291029823,0.6954518416222916,0.24599688262056627,1.0,1.0,0.9933035714285714,1.0,0.9927184466019418,1.0,0.9927184466019418,0.006511162716089413,-0.9428567901194903,-0.33319824928347297,0.9990509059410014,0.8874987672817549
Local/782468.jpg,Local,32,32,RGB,2a57627b50a5eb0fe2d6e8ba21bac135c220db13dff3ed95a3bfdf4c247bf756,0f3b6b672a33230f,dup_0442,test,0.9927184466019418,-0.005284328417067592,-0.004811104976733218,0.6943541569942576,0.24577463157104407,1.0,1.0,0.9866071428571429,1.0,0.9854368932038835,1.0,0.9854368932038835,0.012439231548448839,-0.9961046753601345,-0.08817865799433018,0.9991324455690483,0.8883024263804546
Local/782632.jpg,Local,32,32,RGB,782085694ba0440c76c8142351a6576c6fd0169d0e4e946f16e31dbe301363ff,0f0f0b01010d0f0f,dup_0443,test,0.9866504854368932,0.007181684720073009,-0.004245526326231023,0.692384431269717,0.24524017434312245,1.0,1.0,0.9754464285714286,0.9781553398058253,0.9951456310679612,0.9927184466019418,0.9805825242718447,0.005554690518324143,0.12713218992202757,-0.9918857828831047,0.999080889998569,0.8896186233714698
Local/782638.jpg,Local,32,32,RGB,b92024adcb91132bf26ba74e2f7223165cf87cadfb57330af262859fc70cbe06,0f0b4d0ccf0f070f,dup_0444,train,0.9927184466019418,0.001025317454057891,-0.0027604700686174595,0.6944677528291956,0.24590912101709342,1.0,1.0,0.9866071428571429,0.9902912621359223,0.9951456310679612,0.9951456310679612,0.9902912621359223,0.010984728608974323,0.9508777742190104,-0.3095665655336517,0.9992191585930076,0.8883024263804546
Local/782642.jpg,Local,32,32,RGB,aebaf7d01f1537f009b34416bebba3e5fc960b6da6ee8166d4f24ffa3ac90968,0f1b4b6c4567330f,dup_0445,test,0.9987864077669902,-0.0008231097871673268,0.0008231097871673031,0.6962141058543693,0.24617955086044602,1.0,1.0,0.9977678571428571,1.0,0.9975728155339806,0.9975728155339806,1.0,0.002047498613546285,1.0,9.953721534637139e-14,0.999213368733367,0.8869573996027482
Local/782779.jpg,Local,32,32,RGB,cd968df3d475be5c62a2995ba642fb4357dc51652b133f1d795285410441127f,0f2b09131901230f,dup_0446,train,0.9939320388349514,0.004608294930875579,-0.003505455118358383,0.6949737966520986,0.24613381148160876,1.0,1.0,0.9888392857142857,0.9878640776699029,1.0,1.0,0.9878640776699029,0.010097370113641434,0.9638434648267126,-0.26646908884678855,0.9992853882159755,0.8880356758448034
Local/783000.jpg,Local,32,32,RGB,c120c94317ae7492b8d1a3b6451d4174dcf36a3fc75327d5e73c6f9f0c806920,0f1f0f1a1e0f0f0f,dup_0447,train,0.9830097087378641,0.007009159697331743,0.001035444046196775,0.6913899644846135,0.2451266696711643,1.0,1.0,0.96875,0.9757281553398058,0.9902912621359223,0.9830097087378641,0.9830097087378641,0.019352418618114504,-0.9479289734350019,-0.3184818068939942,0.9991732182195532,0.8903938173461527
Local/783196.jpg,Local,32,32,RGB,2d13ace78b7b6a89afbff766daa6e9af1b51725b61444e6eecd5110e8afe4f6a,07332747422d230f,dup_0448,train,0.9951456310679612,0.001888276947285604,-0.004405979543666417,0.6951209618875662,0.245964698314575,1.0,1.0,0.9910714285714286,0.9902912621359223,1.0,1.0,0.9902912621359223,0.008653821533392074,0.7242405530294279,0.6895474032636396,0.9989954916594412,0.8877677852363122
Local/783393.jpg,Local,32,32,RGB,9733d378d1c5dafd9017965d83eefc407937f50dc96d97964fd8976ee8ddf360,0f0731333d31371f,dup_0449,train,0.9963592233009708,0.003339750893874506,-0.0015323562924836216,0.6953960730441522,0.24592782599150748,1.0,1.0,0.9933035714285714,0.9927184466019418,1.0,1.0,0.9927184466019418,0.006794446029951421,0.7577981256574454,-0.65248908094317,0.9992589163277379,0.8874987672817549
Local/783528.jpg,Local,32,32,RGB,c8231671622d508624b3fe6543ce4a655761815cb2c6e6eb4a629ce1edd15e9a,0f07331365791f0f,dup_0450,train,1.0,-2.694716079187273e-18,-3.4492365813597093e-17,0.6965318261616176,0.24619890532852726,1.0,1.0,1.0,1.0,1.0,1.0,1.0,1.0171152829673967e-16,-0.024264698273398347,-0.9997055688640035,0.9991836108525999,0.8866850746975368
Local/783681.jpg,Local,32,32,RGB,43f8c859042f8cb6612bc0eb6a26290893ec578b03083ba1bd8026c1f3f951ff,0f0f0767d32d270f,dup_0451,train,1.0,-2.694716079187273e-18,-3.4492365813597093e-17,0.6965318261616176,0.24619890532852726,1.0,1.0,1.0,1.0,1.0,1.0,1.0,1.0171152829673967e-16,-0.024264698273398347,-0.9997055688640035,0.9991836108525999,0.8866850746975368
Local/783694.jpg,Local,32,32,RGB,02aee1b3cbb325529531c666beb87dd4662ac73f394416c0c65a8ff679485d7d,0f0b43e7394f070f,dup_0452,train,1.0,-2.694716079187273e-18,-3.4492365813597093e-17,0.6965318261616176,0.24619890532852726,1.0,1.0,1.0,1.0,1.0,1.0,1.0,1.0171152829673967e-16,-0.024264698273398347,-0.9997055688640035,0.9991836108525999,0.8866850746975368
Local/786480.jpg,Local,32,32,RGB,dfc1b1758d1c4d725814275dfe1eb7615d6986153addc5af7677e0d9d1a5f0f9,0f1313a6c2673307,dup_0453,train,0.9878640776699029,0.006261393358167553,-0.0011888721566141282,0.6927937205687315,0.24536528073678518,1.0,1.0,0.9776785714285714,0.9781553398058253,0.9975728155339806,0.9902912621359223,0.9854368932038835,0.009069399152316146,0.9894774231681793,0.14468734927580845,0.9992577027259767,0.8893577686913662
Local/786522.jpg,Local,32,32,RGB,3c76aa6fd71d70b4d43aa6982bc77934691dc6232a6dbb79ecfa5509251bb931,0f2b43c78e2b330f,dup_0454,train,0.9842233009708737,-0.005449266138976173,-0.006085676782944232,0.6915898857376829,0.24501513372788003,1.0,1.0,0.9709821428571429,0.9902912621359223,0.9781553398058253,0.9951456310679612,0.9733009708737864,0.00402976496909506,-0.3582892317087108,-0.9336106396360218,0.998749382018972,0.8901366614363251
Local/786663.jpg,Local,32,32,RGB,f418f6f87c5d1a57088ca975ebd03b109afa4721820c9a7ecf6ef0d70c46773a,0f0b150874272b07,dup_0455,train,0.9817961165048543,-0.0013158419394712706,0.011603333466246682,0.6911875975576491,0.24524376677707901,1.0,1.0,0.9665178571428571,0.9830097087378641,0.9805825242718447,0.9660194174757282,0.9975728155339806,0.0018412841497949986,-0.3822598861561248,0.9240548573736878,0.9992301040920298,0.8906497126211487
Local/786916.jpg,Local,32,32,RGB,a75a91a4acd060b0a1254c2b230f7f0b669e737f15e1b015e8491434953b6867,0f1369a43271230f,dup_0456,train,0.9672330097087378,0.004897397498684581,0.010968551422673745,0.6863303074995438,0.24387610994160372,1.0,1.0,0.9397321428571429,0.9611650485436893,0.9733009708737864,0.9514563106796117,0.9830097087378641,0.024641288266986885,0.7596141560964628,-0.6503739953733227,0.9993126995635753,0.8936168460393795
Local/787019.jpg,Local,32,32,RGB,bbd323cd2672bb3dfad2a4eecd676380ad6c3229228025398a9f61d4f943f972,07276bad201b3317,dup_0457,val,0.9951456310679612,-0.0009441384736428017,-0.0015735641227379916,0.6949986973063993,0.24581486239957914,1.0,1.0,0.9910714285714286,0.9951456310679612,0.9951456310679612,0.9975728155339806,0.9927184466019418,0.005336502509464778,-0.8901731130073424,0.45562246309726356,0.9990950337047897,0.8877677852363122
Local/787517.jpg,Local,32,32,RGB,c1755f4430698f80791fec560cf6ff4cda4bfb263a0e76c606ffa8739104a324,0733654811513b0f,dup_0458,train,0.9927184466019418,0.0026027289218392615,0.0031548229355627213,0.69425172222182,0.24564990146047494,1.0,1.0,0.9866071428571429,0.9902912621359223,0.9951456310679612,0.9878640776699029,0.9975728155339806,0.005061873150391866,0.019968411767550265,-0.9998006113878315,0.9990799210132193,0.8883024263804546
Local/787895.jpg,Local,32,32,RGB,73d930e76c580ef3c8b5ce46ccb7eb245a38ce8dd82df48acb8bb606a2bf9f76,0f23492888131717,dup_0459,train,0.9963592233009708,-0.0033397508938745016,-0.0015323562924836216,0.6953960730441522,0.24592782599150745,1.0,1.0,0.9933035714285714,1.0,0.9927184466019418,1.0,0.9927184466019418,0.00679444602995132,-0.7577981256574384,-0.652489080943178,0.9990509059410014,0.8874987672817549
Local/788000.jpg,Local,32,32,RGB,57abe0b528eb9cc1873e1a96e560426634eabff2f25dd35584e539c0fb6b643a,1707158cca531307,dup_0460,train,0.9866504854368932,0.005039082648891002,-0.0009919454033249727,0.6924157718240874,0.24527694413522924,1.0,1.0,0.9754464285714286,0.9805825242718447,0.9927184466019418,0.9878640776699029,0.9854368932038835,0.014185924190021399,-0.7113678436170762,-0.7028198852249352,0.9989387518962375,0.8896186233714698
Local/788081.jpg,Local,32,32,RGB,a1dfaabb31359a947e3f640713580fcc11c8b4f5d4dabf9ab687796001cb28f3,07371958293b0b0f,dup_0461,train,0.9757281553398058,-0.00425292890386776,-0.0028085379553843596,0.6888446919280785,0.24429387636791494,1.0,1.0,0.9553571428571429,0.9805825242718447,0.970873786407767,0.9805825242718447,0.970873786407767,0.035792719851227166,-0.9776764693875213,-0.21011597084931746,0.9986169426725333,0.8919097810066157
Local/788091.jpg,Local,32,32,RGB,5076cb3584ec4eab811320d58349ce535e4700432e84102e968f1e21777eb603,0f33390a2227070f,dup_0462,train,0.9963592233009708,0.003339750893874506,-0.0015323562924836216,0.6953960730441522,0.24592782599150748,1.0,1.0,0.9933035714285714,0.9927184466019418,1.0,1.0,0.9927184466019418,0.006794446029951421,0.7577981256574454,-0.65248908094317,0.9992589163277379,0.8874987672817549
Local/788142.jpg,Local,32,32,RGB,4a66aaf028cffa28ff5dbab09b053e531346e5fea323ac392a2fbf4acf366d94,0733539a36756707,dup_0463,train,0.970873786407767,-0.002016129032258066,-0.0049999999999999645,0.6874856700669892,0.24415386980633472,1.0,1.0,0.9464285714285714,0.9733009708737864,0.9684466019417476,0.9733009708737864,0.9684466019417476,0.009536610165646116,-0.8025183284670866,0.5966274654039934,0.9991060851229123,0.892893666852217
Local/788228.jpg,Local,32,32,RGB,28cec0a1622ee40393422b7e1408ad8cfe2b07a0c2995f1d14fddc175247cce9,0f3b31624243131f,dup_0464,train,0.9866504854368932,-3.96778161330011e-05,-0.0037693925326350367,0.6923377767606896,0.24516311362516535,1.0,1.0,0.9754464285714286,0.9878640776699029,0.9854368932038835,0.9927184466019418,0.9805825242718447,0.016391830318938597,-0.881583876967665,-0.47202740160997086,0.9990026047317486,0.8896186233714698
Local/788285.jpg,Local,32,32,RGB,22931d993bc2f803128ef5d031f4569ae9b43caf4e6f684f7b2d371b82c6142a,0f172dace7695b07,dup_0465,train,0.9890776699029126,-0.00874727884425094,0.006293291114189586,0.6931466502498591,0.24541678567752861,1.0,1.0,0.9799107142857143,1.0,0.9781553398058253,0.9781553398058253,1.0,0.018615851454493813,0.9445121357051018,-0.32847652200086874,0.9992189219143096,0.8890957083296698
Local/788815.jpg,Local,32,32,RGB,b756c4cd91be076858a47bae8bafc9c778d832e7d55a5083248f32728bb4f6a8,0f034f0455772f0f,dup_0466,test,0.9963592233009708,-0.0020038505363247027,0.003025421397980451,0.6954417903892782,0.24598407902283617,1.0,1.0,0.9933035714285714,1.0,0.9927184466019418,0.9927184466019418,1.0,0.006625203534208102,0.9209955714331061,0.3895730450128786,0.9990509059410014,0.8874987672817549
Local/788866.jpg,Local,32,32,RGB,9744fcabbf3b622314c6ab9552120654818d26d12e85c7a467f52baa5b7a077d,0f234349191b370f,dup_0467,train,1.0,-2.694716079187273e-18,-3.4492365813597093e-17,0.6965318261616176,0.24619890532852726,1.0,1.0,1.0,1.0,1.0,1.0,1.0,1.0171152829673967e-16,-0.024264698273398347,-0.9997055688640035,0.9991836108525999,0.8866850746975368
Local/788935.jpg,Local,32,32,RGB,b23071ae6c25a7c3c87d276518bc171043c9a60bf63ffc00e16c05f7e8dcc983,0f1b094d24310b0f,dup_0468,train,0.9951456310679612,0.004405979543666404,0.0020456333595594133,0.6950446651078832,0.2458707334730409,1.0,1.0,0.9910714285714286,0.9902912621359223,1.0,0.9902912621359223,1.0,0.008846687096494396,-0.7659455442448501,-0.6429054543643727,0.9989954916594412,0.8877677852363122
Local/789121.jpg,Local,32,32,RGB,9e0ee1243d0aa3d1dfe4c7057a1ea20a740d7942df73c5b67d4a0b4bb3b9a2de,0f132b6f4b430b0f,dup_0469,val,1.0,-2.694716079187273e-18,-3.4492365813597093e-17,0.6965318261616176,0.24619890532852726,1.0,1.0,1.0,1.0,1.0,1.0,1.0,1.0171152829673967e-16,-0.024264698273398347,-0.9997055688640035,0.9991836108525999,0.8866850746975368
Local/789142.jpg,Local,32,32,RGB,b1b4d51fb2b111b8b4b049be822d53e5da0a49956b181a0021dee9d4ff6c2dfa,0f2f35262607370f,dup_0470,train,0.9975728155339806,-0.0010203280747194106,0.002197629699395624,0.695797266784823,0.24604687271019887,1.0,1.0,0.9955357142857143,1.0,0.9951456310679612,0.9951456310679612,1.0,0.004417502900739302,0.7637067631040366,0.645563304401013,0.9991006740939615,0.8872286345798474
Local/789330.jpg,Local,32,32,RGB,d0b21c19368429a77e7df2934c751db3b51a21b20f2941f0d25f1192b9aa37b8,0f0f03534303030f,dup_0471,test,0.9793689320388349,0.010912579445976732,0.012431546548347158,0.6900943917186441,0.244677583316595,1.0,1.0,0.9620535714285714,0.9635922330097088,0.9951456310679612,0.9587378640776699,1.0,0.031354810243244345,-0.9762886727074201,-0.21647269468268726,0.9989390404813382,0.8911576647414863
Local/789512.jpg,Local,32,32,RGB,68a1d8352c9c490215e8fdcba9026ed8e75627d1c9c1bc2c5d971c0078d9bac5,0f0359080b4b0f0f,dup_0472,train,0.9963592233009708,0.0017681034144041486,0.0032611685199009973,0.6953611043816813,0.24588239238937057,1.0,1.0,0.9933035714285714,0.9927184466019418,1.0,0.9927184466019418,1.0,0.006926126022154627,-0.8380267380476148,0.5456291655669392,0.9992589163277379,0.8874987672817549
Local/789606.jpg,Local,32,32,RGB,b0a7d8abb0a98a2435ea15fb2e9e8cf8f1326ca706a741e8c61cca8381ac3120,0f2f75392a0b0b0f,dup_0473,train,1.0,-2.694716079187273e-18,-3.4492365813597093e-17,0.6965318261616176,0.24619890532852726,1.0,1.0,1.0,1.0,1.0,1.0,1.0,1.0171152829673967e-16,-0.024264698273398347,-0.9997055688640035,0.9991836108525999,0.8866850746975368
Local/789773.jpg,Local,32,32,RGB,43b2f7519f1d3c47219b161c48e81ecd3df925cd13ed0ed8cbf521e3e393a1e8,0f0b170b0b391b0f,dup_0474,train,0.9975728155339806,0.0010988148496978286,-0.0021976296993956586,0.6957672702254633,0.24600821483008217,1.0,1.0,0.9955357142857143,0.9951456310679612,1.0,1.0,0.9951456310679612,0.004559593950634983,0.799265295487256,0.6009783585368689,0.9991006740939615,0.8872286345798474
Local/789825.jpg,Local,32,32,RGB,8a05ea7675288651a2ab9b065b3557bc8929adabdc6c1c6ddd1b4aef564e7731,0f2b1b1d490d0b0f,dup_0475,val,1.0,-2.694716079187273e-18,-3.4492365813597093e-17,0.6965318261616176,0.24619890532852726,1.0,1.0,1.0,1.0,1.0,1.0,1.0,1.0171152829673967e-16,-0.024264698273398347,-0.9997055688640035,0.9991836108525999,0.8866850746975368
Local/789893.jpg,Local,32,32,RGB,a419335c7533bf1cd8402f6ede797cc22d479f21de34322c61e478b78ede786d,1717050f0d7f2f0f,dup_0476,train,0.9757281553398058,0.005456588027603913,-0.0016851227732306438,0.6888688432318126,0.24431054148507259,1.0,1.0,0.9553571428571429,0.970873786407767,0.9805825242718447,0.9781553398058253,0.9733009708737864,0.014616399222959797,0.9233185808710576,-0.38403489192813767,0.9994714888561974,0.8919097810066157
Local/789975.jpg,Local,32,32,RGB,9a2f02731992ca21a680b86a01961878fbf3443359fec75ab7116d674331289f,0f0b0b2b2d611f07,dup_0477,train,0.9939320388349514,-0.0015360983102918585,0.005002166292488835,0.6946205861799942,0.24572645712349672,1.0,1.0,0.9888392857142857,0.9951456310679612,0.9927184466019418,0.9878640776699029,1.0,0.0052638264900689725,0.6678935801352619,0.7442567874155415,0.9991910728759238,0.8880356758448034
Local/789981.jpg,Local,32,32,RGB,03595e5f1f179b89b1ba761dfc87d4026a892146bc41d864e72066e84b05d326,072f5942240d270f,dup_0478,train,0.9987864077669902,-0.0008231097871673241,-0.0009015011954689855,0.6961574156103776,0.24611387591609626,1.0,1.0,0.9977678571428571,1.0,0.9975728155339806,1.0,0.9975728155339806,0.002252244290522979,-0.9958762886597899,0.09072164948457831,0.999213368733367,0.8869573996027482
Local/790194.jpg,Local,32,32,RGB,dceb2d0cbab15150ac64a5d6167acb9b2fbdc6c775495e0c020807cc489c5e33,0f276f4dc7692f1f,dup_0479,test,0.9902912621359223,-0.00814358001265022,-0.0015812776723592562,0.693728415418294,0.24575353521078036,1.0,1.0,0.9821428571428571,1.0,0.9805825242718447,0.9975728155339806,0.9830097087378641,0.011972028103527096,-0.6325495214356438,-0.7745199177113123,0.9987599850174822,0.8888324556767063
Local/790223.jpg,Local,32,32,RGB,63456cd193c4227160f54384aeeecd745ab2e313354543434d70525730c33a2b,0f5b6361c829330f,dup_0480,train,0.9927184466019418,-0.006309645871125486,0.0005520940137234988,0.6943642933631973,0.24578740134041657,1.0,1.0,0.9866071428571429,1.0,0.9854368932038835,0.9902912621359223,0.9951456310679612,0.007418831127201777,0.29504013630016435,-0.9554848601479672,0.9992722100288093,0.8883024263804546
Local/790328.jpg,Local,32,32,RGB,59a010c91a40020dcd713c0b0929a4ccc25edd33c951ebdc6301fc34143e97b1,0f374f0e094b130f,dup_0481,val,0.9975728155339806,0.0018051958245035716,0.0005494074248488628,0.695727272507697,0.24595666236849215,1.0,1.0,0.9955357142857143,0.9951456310679612,1.0,0.9975728155339806,0.9975728155339806,0.000667040980562128,-0.5770400424451425,-0.8167158559835288,0.9992439098739085,0.8872286345798474
Local/791996.jpg,Local,32,32,RGB,38d33f5d66093d180f0a5b8f02717293cd050825c928c70302e9c12cdfe11a61,0f332b68660f0f0f,dup_0482,train,0.9550970873786407,0.007091035783088084,-0.0017625117842357165,0.6835382615312772,0.24425267479305088,1.0,1.0,0.9174107142857143,0.9466019417475728,0.9635922330097088,0.9611650485436893,0.9490291262135923,0.006424116932569269,-0.9028910537185356,0.4298694512465761,0.9985891205383587,0.8959303085013655
Local/792150.jpg,Local,32,32,RGB,d057da999f9c51b38c4a77c50b9ec617503d5aba845e160a3a719394d044d7ed,0f1b1d15144f3b0f,dup_0483,train,0.9538834951456311,-8.208158909956716e-05,0.0038578346876795523,0.6825528905033655,0.2434739384914066,1.0,1.0,0.9151785714285714,0.9538834951456311,0.9538834951456311,0.9563106796116505,0.9514563106796117,0.008604880802088063,0.9294589020803553,0.36892566913076213,0.999233865367098,0.8961530032089944
Local/792182.jpg,Local,32,32,RGB,2d3e04c6b864d3b929cf21c4a7e88369bc54ea1c104bbc39ea3c4c6eaabe171b,0f27751e6c4d2b0f,dup_0484,train,0.9514563106796117,-0.005678077682685977,0.017939433838051383,0.682233671686315,0.2438595774267255,1.0,1.0,0.9107142857142857,0.9587378640776699,0.9441747572815534,0.9344660194174758,0.9684466019417476,0.009231128924297106,0.03658994520861119,-0.9993303637484607,0.9986243500650076,0.8965934450449601
Local/793762.jpg,Local,32,32,RGB,f2177772880e378a40571995653683f53c5bf62066fe95b7763d9170415ea8ee,171307111817330f,dup_0485,val,0.970873786407767,0.01717741935483871,-0.004838709677419359,0.6881217028106057,0.2448968645251036,1.0,1.0,0.9464285714285714,0.9466019417475728,0.9951456310679612,0.9781553398058253,0.9635922330097088,0.01742054694671524,0.9068899935390569,-0.4213674638824518,0.9989908374333861,0.892893666852217
Local/793844.jpg,Local,32,32,RGB,f8f1a1de33412d1c42e207f21e4cfa3a4c54245949d247eb048b5ea1855081b1,071327626a430f0f,dup_0486,train,0.9939320388349514,0.0016936468549371766,-0.0008271298593879698,0.6947744998470154,0.2459117270584902,1.0,1.0,0.9888392857142857,0.9927184466019418,0.9951456310679612,0.9951456310679612,0.9927184466019418,0.002733019524660289,0.8218067696656007,-0.5697662971182047,0.9991283674632334,0.8880356758448034
Local/793854.jpg,Local,32,32,RGB,d6a16f6eec76fbef02d2c92699662536100807d114fdd6da62bc176688f3110b,0f071f5a491b210f,dup_0487,train,0.991504854368932,0.002882299522248983,0.0020136613100643357,0.6941093567057092,0.24584261113407765,1.0,1.0,0.984375,0.9878640776699029,0.9951456310679612,0.9878640776699029,0.9951456310679612,0.009089615120141184,-0.0338833867681782,-0.9994257931938308,0.9992534828571784,0.8885680239869138
Local/795444.jpg,Local,32,32,RGB,bc824565026121833c465f6b1428ace6f5775b04e6b73cd14ad64beae1ac7e13,0f2f3b236723330f,dup_0488,train,0.9939320388349514,-0.005868683288038127,0.0005908070424198941,0.6948584510064033,0.24600517670021618,1.0,1.0,0.9888392857142857,1.0,0.9878640776699029,0.9902912621359223,0.9975728155339806,0.010461039190580973,0.19570585165593535,-0.9806626431284231,0.9992386226297532,0.8880356758448034
Local/795573.jpg,Local,32,32,RGB,8f6295a94c2b73ffd9d36811c27f2092d8685cb7f09ce0887ed3fe851b036462,0f134b4b4929330f,dup_0489,train,0.9817961165048543,-0.004266517803740183,0.0031500458550979067,0.6912550833206864,0.2453472454307054,1.0,1.0,0.9665178571428571,0.9854368932038835,0.9781553398058253,0.9757281553398058,0.9878640776699029,0.00785933319916813,0.3610544419589967,0.9325447388418839,0.998991515382261,0.8906497126211487
Local/795627.jpg,Local,32,32,RGB,1629d0a0ad02acba7bf178f03774f89a14f079cd6feb59afb562f4931ce11536,0f33612703030b0f,dup_0490,test,0.9526699029126213,0.01976576946784466,0.0011095130470515403,0.6825923507233363,0.24386029428659323,1.0,1.0,0.9129464285714286,0.9247572815533981,0.9805825242718447,0.9563106796116505,0.9490291262135923,0.02460616268299168,-0.7374793934498451,-0.6753696352641629,0.9986182861177466,0.8963740547744158
Local/797325.jpg,Local,32,32,RGB,4830eda9190e68f9afd0af23b8a982fdd09874800d25357bf1db742230f90fc7,0f2b09240a470707,dup_0491,train,0.9963592233009708,0.002161015284271736,0.002789674276059835,0.6954841334579763,0.2460292428757778,1.0,1.0,0.9933035714285714,0.9927184466019418,1.0,0.9927184466019418,1.0,0.006055607004974945,-0.9689936549905188,0.2470856057889964,0.9992011600393486,0.8874987672817549
Local/797614.jpg,Local,32,32,RGB,64d84270f8b59e3a292aded0033c96a9449acb6e31ac9b48db574a065d74eb27,070f0f2d3c352b0f,dup_0492,train,0.9890776699029126,0.00407678606768256,0.003918464278646377,0.6932379145655193,0.24553355944799432,1.0,1.0,0.9799107142857143,0.9805825242718447,0.9975728155339806,0.9854368932038835,0.9927184466019418,0.010897634207188183,-0.2554144882557573,0.9668316498693295,0.9992111677156877,0.8890957083296698
Local/797989.jpg,Local,32,32,RGB,4780f93868741748ecf4db95d131f4c936b35f4c9399662512bc64a4be929530,0f3f1f5c4155070f,dup_0493,train,0.9866504854368932,-0.004880371384359006,-0.0023409911518470056,0.6928791160793585,0.24578393329266526,1.0,1.0,0.9754464285714286,0.9902912621359223,0.9830097087378641,0.9902912621359223,0.9830097087378641,0.015370175907614638,0.1676601829429722,-0.9858448473545567,0.9990094647406333,0.8896186233714698
Local/800080.jpg,Local,32,32,RGB,4bc6fe14d08803a25a6f7cc35d6c2482a9da74f86f56a7d089296ff923dee795,0f0b1366276f0f0f,dup_0494,train,0.9781553398058253,-0.0008004482510205785,0.006563675658368641,0.6905917496157272,0.24559739521495955,1.0,1.0,0.9598214285714286,0.9733009708737864,0.9830097087378641,0.9660194174757282,0.9902912621359223,0.002723346525606667,0.554326189594967,-0.8322995107106124,0.9994839324670923,0.8914096929572992
Local/800156.jpg,Local,32,32,RGB,ff5030b705cc45e47492646424d088b0bb52e14da1510d83a489892f2d6c9e93,0f33294d4d311f0f,dup_0495,val,0.9745145631067961,-0.015546539187723453,-0.00574458683163943,0.6891456821177724,0.24503350722368344,1.0,1.0,0.953125,0.9951456310679612,0.9538834951456311,0.9805825242718447,0.9684466019417476,0.023070816865898756,-0.9996412715677032,0.026782983002373546,0.9991542466832377,0.892157811307043
Local/800235.jpg,Local,32,32,RGB,b7c5e169a89fb0df55cc449050d02fda200681de8091aea9dec471a3e61f7c92,0f236b614c353707,dup_0496,train,0.9733009708737864,-0.013353712492961148,0.00024133215348720732,0.6888097624979655,0.24500399349183205,1.0,1.0,0.9508928571428571,0.9878640776699029,0.9587378640776699,0.9781553398058253,0.9684466019417476,0.027339126658935828,-0.92545167461954,-0.3788656726913763,0.9986354342120408,0.8924044791784236
Local/802456.jpg,Local,32,32,RGB,174aa084f702f2c1f285135adaa0eea42ef3d01f099fe5b0248a108b5d5f7b39,0f2f0f0f191d270f,dup_0497,val,0.9902912621359223,0.0058507273877292775,0.007511068943706511,0.6935375863390212,0.2455240608969697,1.0,1.0,0.9821428571428571,0.9805825242718447,1.0,0.9805825242718447,1.0,0.01624041529679903,-0.9658648500449869,0.25904650441103244,0.9992166383492321,0.8888324556767063
Local/802817.jpg,Local,32,32,RGB,cfc2c35ef5e70d561eac82277124b311a971e88d1947bc05d039f685f08e3121,1f07573a1c09170f,dup_0498,train,0.9890776699029126,-0.000593706708885811,-0.001226993865030675,0.6935043919127434,0.2458416627863591,1.0,1.0,0.9799107142857143,0.9902912621359223,0.9878640776699029,0.9927184466019418,0.9854368932038835,0.014983918120014308,-0.5507432170296326,-0.8346747323933145,0.9989401827761972,0.8890957083296698
Local/803927.jpg,Local,32,32,RGB,fb24a16df080f173930ca67f5d85c415b666b29386023c76725bb2efc3f44f5a,17135333614b130f,dup_0499,train,0.9878640776699029,0.0028532931758738205,0.0005548070064199288,0.6927337824361915,0.2452844158013707,1.0,1.0,0.9776785714285714,0.9830097087378641,0.9927184466019418,0.9878640776699029,0.9878640776699029,0.01188654157447293,-0.6807795810635562,-0.732488335748037,0.9989072181293689,0.8893577686913662
Local/805116.jpg,Local,32,32,RGB,67d5ae3388bd262cf25d7dcd4a87bf5f27200f23985cdc89b2f697a3513c7400,1f2b21a5604b2f0f,dup_0500,val,0.9951456310679612,-0.002832415420928402,-0.0028324154209284262,0.6949398025600927,0.24573355963863686,1.0,1.0,0.9910714285714286,1.0,0.9902912621359223,0.9975728155339806,0.9927184466019418,0.004323787580838068,-0.8797851522659184,0.47537152402351035,0.9992910152874541,0.8877677852363122
Local/805449.jpg,Local,32,32,RGB,c5d797bb57bb511ddd4ec16c0b48e385d75505960a38d612dfc783df9eba2151,171b1f8a2c67130f,dup_0501,train,0.9951456310679612,7.867820613690272e-05,-0.00432730133752952,0.6949539478894996,0.24575552467346415,1.0,1.0,0.9910714285714286,0.9951456310679612,0.9951456310679612,1.0,0.9902912621359223,0.004838183942176225,0.02729228153838682,0.9996274963047133,0.9991583414551196,0.8877677852363122
Scratch/800474.jpg,Scratch,32,32,RGB,2139a21057ca0a4f40f1e9d46a34d3f73f83da5fe5e5feb585563c3678a9fa4c,0f3b3f2b4b0b2b0f,dup_0502,val,0.991504854368932,0.005251312828207052,0.006514786591384677,0.6940685627390261,0.24579199396376478,1.0,1.0,0.984375,0.9830097087378641,1.0,0.9830097087378641,1.0,0.014987474983142329,-0.9763284780352325,0.21629309507565533,0.9992567186566349,0.8885680239869138
Scratch/800525.jpg,Scratch,32,32,RGB,470e33feb97545ea850f57b8246884eca5dd197720a3ada8ca5d01a1720e853c,0f1f173f1e1b1f0f,dup_0503,train,0.9963592233009708,0.001925268162351184,0.003104003771953966,0.6954219296635357,0.24595778509933483,1.0,1.0,0.9933035714285714,0.9927184466019418,1.0,0.9927184466019418,1.0,0.006729425158227646,-0.8956751079035405,0.4447090071968197,0.9992589163277379,0.8874987672817549
Scratch/800573.jpg,Scratch,32,32,RGB,343dd4fda9c0e7a6fcc8e21dad9b3774ac332cbda57b52be15f1311d6e7ee69e,0f2f1f023033170f,dup_0504,val,0.9660194174757282,-0.018641595072134868,0.006321932241854432,0.68710268349283,0.24513886214624386,1.0,1.0,0.9375,0.9927184466019418,0.9393203883495146,0.9514563106796117,0.9805825242718447,0.021547796892043662,0.8172847157454428,-0.5762340613057256,0.9991200232476878,0.893855015427461
Scratch/800704.jpg,Scratch,32,32,RGB,3da6cf3b4e4edb845ed28dbe926c9584125c0f3d32d72c9ad8094508490bc5a2,0723334941031307,dup_0505,train,0.9781553398058253,0.0033618826542863973,-0.004482510205715214,0.6903016793729079,0.24527720021242355,1.0,1.0,0.9598214285714286,0.9684466019417476,0.9878640776699029,0.9854368932038835,0.970873786407767,0.015491161140951828,-0.5411648224297743,0.8409165445896227,0.9991775779286086,0.8914096929572992
Scratch/800769.jpg,Scratch,32,32,RGB,274896c76f48810d049867f446be5696425705eb14851ceaf0334343a1e9e450,1f3759546c65331f,dup_0506,train,0.9563106796116505,-0.0039299164892746055,0.0030293106271491953,0.6837270621946672,0.24411256177737203,1.0,1.0,0.9196428571428571,0.9538834951456311,0.9587378640776699,0.9514563106796117,0.9611650485436893,0.018077664847420946,-0.9981787695078552,0.060325318928158275,0.9990715741914253,0.8957059886093658
Scratch/800824.jpg,Scratch,32,32,RGB,42b3d8f3a9241b299b15277e5ed38a8a871490651114e0fa58bfbe1153c7009b,0f33352e2a630f0f,dup_0507,test,0.9866504854368932,-0.00035710034519699675,-0.0066261952942110285,0.6926803934387926,0.24559410456693578,1.0,1.0,0.9754464285714286,0.9902912621359223,0.9830097087378641,0.9951456310679612,0.9781553398058253,0.014200874751955594,-0.9808921329076139,-0.19455236724324843,0.9992518264927676,0.8896186233714698
Scratch/800877.jpg,Scratch,32,32,RGB,bedf0f32b526e5cf8bfd62b0655e139dbf640e0613fbada27596a271d681792f,0f0b0b4e5e372f0f,dup_0508,train,0.991504854368932,-0.0013029573182769354,0.0037509377344335714,0.6941365854584703,0.24586934694345106,1.0,1.0,0.984375,0.9951456310679612,0.9878640776699029,0.9878640776699029,0.9951456310679612,0.012147304001373031,0.9949657375631993,-0.1002156728028045,0.999172164850941,0.8885680239869138
Scratch/800900.jpg,Scratch,32,32,RGB,221612dcf99a4936063a933f7c784bf5bcca5f1d6294a7f335a34a83f7f5f9dc,0f23214b4b13230f,dup_0509,val,0.9781553398058253,0.005122868806531656,-0.00448251020571525,0.6905902613749368,0.24507534954488666,1.0,0.9966216216216216,0.9620535714285714,0.9684466019417476,0.9878640776699029,0.9854368932038835,0.970873786407767,0.010828818253037387,-0.6360337362921545,0.7716612510021752,0.9992369954434825,0.8910876657245244
Scratch/801037.jpg,Scratch,32,32,RGB,bb45f9a53508c7b2ca317da1876c2c313e351147124ca15ac6ff4978bcb226a3,071b5b59590f071f,dup_0510,test,0.9866504854368932,-0.010832043804309013,-0.000436455977463023,0.6926368321439728,0.24552933731496268,1.0,1.0,0.9754464285714286,1.0,0.9733009708737864,0.9878640776699029,0.9854368932038835,0.011310303071210703,-0.42284131744297127,-0.9062037410334899,0.9988836223400656,0.8896186233714698
Scratch/801042.jpg,Scratch,32,32,RGB,4e7d449ea45593214ae56e04c30b63b2d91fdefd0897a03d30a074a3cda37e97,0f27272d2c0b1317,dup_0511,train,0.9757281553398058,-0.0032097576632964227,-0.0008024394158240825,0.6894168195733967,0.24498887470311165,1.0,1.0,0.9553571428571429,0.9805825242718447,0.970873786407767,0.9781553398058253,0.9733009708737864,0.0227522515251872,-0.8888092240465822,0.4582773867972456,0.999425797206726,0.8919097810066157
Scratch/801066.jpg,Scratch,32,32,RGB,be324d7040547db204d2d23b43d47c41970929eb0352441afe5cf8b0f68cc29d,0f2721292c23331f,dup_0512,val,0.9939320388349514,-0.0038205522076489827,0.003269132301390377,0.6947906252847676,0.2459281672067415,1.0,1.0,0.9888392857142857,1.0,0.9878640776699029,0.9902912621359223,0.9975728155339806,0.004570466400186075,0.9998388576171977,-0.01795156814144554,0.9990465683992857,0.8880356758448034
Scratch/801122.jpg,Scratch,32,32,RGB,4203fdb3ac15129d764d09849315145269c338ff3fa97848270568938acdf6b9,0f17616a0717370f,dup_0513,val,0.9902912621359223,-0.0018184693232131568,-0.0019765970904490615,0.6936976217193053,0.24571591991514424,1.0,1.0,0.9821428571428571,0.9951456310679612,0.9854368932038835,0.9927184466019418,0.9878640776699029,0.009177081643029814,0.39265326644683823,0.9196865837602657,0.9991326120583274,0.8888324556767063
Scratch/801141.jpg,Scratch,32,32,RGB,0c813ad5e3ec7ad751d40e27e41c86834c40be637fa7eca42775497a28f5ba60,0f1f4f4e4a65270f,dup_0514,val,0.991504854368932,0.002882299522248982,0.0026453981916531363,0.6940422596726519,0.24576262804802387,1.0,1.0,0.984375,0.9878640776699029,0.9951456310679612,0.9854368932038835,0.9975728155339806,0.013692150399662923,-0.6119256616008092,-0.7909152828681539,0.9989325855685578,0.8885680239869138
Scratch/801336.jpg,Scratch,32,32,RGB,207bcf61b3536180921013a67ed5065dc18637f62b0f92b4a3a55178a881540c,0f0b5d2c3c31130f,dup_0515,test,0.9866504854368932,-0.002261635519580999,-0.0002777447129310273,0.6926759785508421,0.24558570999707513,1.0,1.0,0.9754464285714286,0.9902912621359223,0.9830097087378641,0.9878640776699029,0.9854368932038835,0.014990882228885753,0.6520859263378921,-0.7581450683556895,0.9993498531529348,0.8896186233714698
Scratch/801403.jpg,Scratch,32,32,RGB,d1a54f29f7ca6d68876f7bc2dc8b3726bf91f3ff5023235667f0d5379ae5a725,0f0b3b253c0f1f0f,dup_0516,test,0.9927184466019418,0.006861739884848964,0.0018928937613376605,0.6944953169651598,0.24593473620737352,1.0,1.0,0.9866071428571429,0.9854368932038835,1.0,0.9854368932038835,1.0,0.012730903309026329,-0.5118811734708463,-0.8590562637255544,0.9988673749018235,0.8883024263804546
Scratch/801455.jpg,Scratch,32,32,RGB,387ce0abd680a652df6da59dee05618918881c78add68aca5c964cf3c2bb171a,173b392d2e171f0f,dup_0517,train,0.9793689320388349,-0.005476276132230084,-0.004516928488627746,0.6905089199045829,0.24519393564319691,1.0,1.0,0.9620535714285714,0.9854368932038835,0.9733009708737864,0.9902912621359223,0.9684466019417476,0.018741210426440252,-0.9986282992693096,0.052359525384463146,0.9991905602409786,0.8911576647414863
Scratch/801807.jpg,Scratch,32,32,RGB,f38b0aa5474ab947009c5382b89cb5a8b0565599d3e5d84388aa46e231a34dd6,0f1b31444a0b0f0f,dup_0518,train,0.9817961165048543,0.01152358546991507,-0.012002073447904632,0.6911087153406908,0.24517235334365498,1.0,1.0,0.9665178571428571,0.9635922330097088,1.0,0.9975728155339806,0.9660194174757282,0.02570215690855958,0.9837412942379545,0.1795913862384109,0.9988261564336145,0.8906497126211487
Scratch/802012.jpg,Scratch,32,32,RGB,ef14102387920e97dc1c403cf2b8be5a719bbc6d8b55e1488be02dd83ae5c61f,0f270f5f1b39371f,dup_0519,train,0.9830097087378641,-0.010434090003982474,-0.0029470330545599576,0.6916419778200379,0.24544272721765148,1.0,1.0,0.96875,1.0,0.9660194174757282,0.9878640776699029,0.9781553398058253,0.01204252224266849,-0.8549927239163528,0.5186399927214399,0.9989515585572584,0.8903938173461527
Scratch/802024.jpg,Scratch,32,32,RGB,b017a9725f186637da9708d2a70ff1d94dbc47bd78b5bea1eb90936659960788,0f27636b2d252f0f,dup_0520,train,1.0,-2.694716079187273e-18,-3.4492365813597093e-17,0.6965318261616176,0.24619890532852726,1.0,1.0,1.0,1.0,1.0,1.0,1.0,1.0171152829673967e-16,-0.024264698273398347,-0.9997055688640035,0.9991836108525999,0.8866850746975368
Scratch/802073.jpg,Scratch,32,32,RGB,17a208c710957d49d464123fefc75e159aba8be7a822c7c85f23023dd0671721,0f3343270b4b070f,dup_0521,train,0.9866504854368932,0.0017061460937190056,-0.004324881958497021,0.6926332945721184,0.24553931655630162,1.0,1.0,0.9754464285714286,0.9830097087378641,0.9902912621359223,0.9902912621359223,0.9830097087378641,0.02127994353247994,0.9041461614936049,-0.4272232655841441,0.9993214723231312,0.8896186233714698
Scratch/802095.jpg,Scratch,32,32,RGB,d5869222ac03c133a87da585f59840bbb7df51813f9e0d611381d28105d0ffe3,0f0f670b4b090b0f,dup_0522,train,0.991504854368932,0.0030402337426461874,0.004382674616022441,0.69402558598944,0.2457475241685685,1.0,1.0,0.984375,0.9878640776699029,0.9951456310679612,0.9854368932038835,0.9975728155339806,0.006096323559520271,-0.5977911577134228,0.8016518769139418,0.9991100008434176,0.8885680239869138
Scratch/802162.jpg,Scratch,32,32,RGB,48ecdfe0d0b72322dfedd55c5c78d852e68ebf8305bf2c31aafa33826e36adf7,0f3755cf6311130f,dup_0523,val,0.9866504854368932,-0.0040868150616990085,0.0028171249454430275,0.6927491801392593,0.24567107632445856,1.0,1.0,0.9754464285714286,0.9902912621359223,0.9830097087378641,0.9781553398058253,0.9951456310679612,0.018416828246796794,-0.39211010154798887,-0.9199182943414191,0.999039989835785,0.8896186233714698
Scratch/802191.jpg,Scratch,32,32,RGB,ebdb2f5862e9a4ebed1cc65eebda981a182703246fa635f1040433a4e007e2a5,0f2b2b6d2c4d2b0f,dup_0524,train,0.9805825242718447,0.00455126157777068,-0.0029543276908336564,0.6909599762278624,0.24536765391330384,1.0,1.0,0.9642857142857143,0.970873786407767,0.9902912621359223,0.9878640776699029,0.9733009708737864,0.003392261657659687,0.17857963265207527,-0.9839254620152127,0.9988728229857738,0.8909043331665394
Scratch/802531.jpg,Scratch,32,32,RGB,b123ff0435f7c00379e455b608f9248acea60829b5ec29a398c02d40d08a9860,0f330b25745f1b1f,dup_0525,train,0.9939320388349514,-0.002796486667454408,0.005238489109456806,0.6947687772533161,0.2459072281862752,1.0,1.0,0.9888392857142857,1.0,0.9878640776699029,0.9878640776699029,1.0,0.010421080257404186,0.8307976777439122,0.5565745400710695,0.9989343442684359,0.8880356758448034
Scratch/802737.jpg,Scratch,32,32,RGB,40b5a131a236a5744b62f35b3fa867a87beba2cc924aa17fc04c0084fadff88a,0f2f170f6727330b,dup_0526,test,0.9842233009708737,0.00035798098723200674,0.010222345968736318,0.6917762952308596,0.24524288354207663,1.0,1.0,0.9709821428571429,0.9781553398058253,0.9902912621359223,0.9684466019417476,1.0,0.011392095169270944,-0.9869734997556584,0.16088291015539014,0.999337178633337,0.8901366614363251
Scratch/802771.jpg,Scratch,32,32,RGB,252789ef07e49b552e7e634a9c7911ffd367001517655c9eac0298c11c92d43e,0f1f094b081b0f0f,dup_0527,train,0.9975728155339806,0.0007848677497841613,0.002276116474374038,0.6958177690029214,0.246071212616817,1.0,1.0,0.9955357142857143,0.9951456310679612,1.0,0.9951456310679612,1.0,0.004380803230443012,-0.6168804098445864,0.7870568975302707,0.9992384928105271,0.8872286345798474
Scratch/802798.jpg,Scratch,32,32,RGB,bca893a2c36f8369c97ca5f845a7e84243e2adb524267eba678a2bcf07668f4c,0f032346c60d1f0f,dup_0528,train,0.9635922330097088,0.0017063459819614839,-0.00520029251645401,0.6859738420576003,0.2445650427945397,1.0,1.0,0.9330357142857143,0.9587378640776699,0.9684466019417476,0.970873786407767,0.9563106796116505,0.03507264436409887,0.5601101906307985,-0.8284181156587117,0.9988341629316669,0.8943269220978565
Scratch/802891.jpg,Scratch,32,32,RGB,77c25c8126f21dd7be1daf92cd88702c7c2452d20680a554c278278c73befc94,0f0f0d3b1979270f,dup_0529,test,0.9939320388349514,-0.00492339202016621,0.003032809484422336,0.6949921690401414,0.24614387952391148,1.0,1.0,0.9888392857142857,1.0,0.9878640776699029,0.9878640776699029,1.0,0.01011765766085321,0.8930286827771686,-0.4499997463746787,0.9992853882159755,0.8880356758448034
Scratch/803715.jpg,Scratch,32,32,RGB,6f6ca4c769a82fc0fbf0857924fa44e0ec4a599ab514be74789f275a8901386f,0f37316ab92d0f0f,dup_0530,train,0.9987864077669902,0.0008231097871673257,0.000901501195468951,0.6961574156103776,0.24611387591609626,1.0,1.0,0.9977678571428571,0.9975728155339806,1.0,0.9975728155339806,1.0,0.002252244290522979,-0.9958762886597899,0.09072164948457853,0.999213368733367,0.8869573996027482
Scratch/803788.jpg,Scratch,32,32,RGB,984e7ec93796822458f41b48a04f25b07aa16e925af6008aa9694c2544ba0003,0f07454f2425070f,dup_0531,train,0.9939320388349514,0.0035842293906810036,0.0048446177478435205,0.6947383243299213,0.24586925975844665,1.0,1.0,0.9888392857142857,0.9878640776699029,1.0,0.9878640776699029,1.0,0.010953203655493262,-0.9563344173853757,0.29227466897453475,0.9992853882159755,0.8880356758448034
Scratch/803917.jpg,Scratch,32,32,RGB,c25da7c3999363b3731994fb6df6a016b168bab185a3a197b58cc046feb97c93,0f275389a9350f0f,dup_0532,val,0.9975728155339806,0.00047092064987049693,-0.0005494074248489319,0.6958229499143771,0.24607714041977052,1.0,1.0,0.9955357142857143,0.9975728155339806,0.9975728155339806,0.9975728155339806,0.9975728155339806,0.003570391974364506,-0.9682706733956045,-0.249903787570382,0.9991753390936532,0.8872286345798474
Scratch/804290.jpg,Scratch,32,32,RGB,0c609d9723e34f8e39418df6403cb8a6dec1074ec78a41e1c7b02cd7f0a9eb21,0f2b2969492b3b17,dup_0533,train,0.9550970873786407,-0.0063532401524777635,0.012829446243390578,0.6828560327029484,0.24345296944209885,1.0,1.0,0.9174107142857143,0.9660194174757282,0.9441747572815534,0.9393203883495146,0.970873786407767,0.005726760374643396,0.7353769486546704,0.6776582792140492,0.9986474426958251,0.8959303085013655
Scratch/804521.jpg,Scratch,32,32,RGB,41e898c418c90b27db9702695ebb91dd13eebdeddb77055a1cec3ffb32c5bb5a,0f0f3b392131070f,dup_0534,train,0.9951456310679612,0.0021243115656963013,0.0022029897718332087,0.6951004096640578,0.24594023024088782,1.0,1.0,0.9910714285714286,0.9902912621359223,1.0,0.9927184466019418,0.9975728155339806,0.0061985986172488385,-0.5073936973037392,0.861714358669067,0.9992222772613929,0.8877677852363122
Scratch/804674.jpg,Scratch,32,32,RGB,f2646c457099e2d017b6e828d3da88dbc85c0637771db45fe5cd47b0e4903037,072123865c29270f,dup_0535,train,0.9902912621359223,0.0054554079696394675,-0.00260910815939282,0.6935069157253068,0.2454860387819619,1.0,1.0,0.9821428571428571,0.9830097087378641,0.9975728155339806,0.9927184466019418,0.9878640776699029,0.008479247679643798,0.9999738964678093,-0.00722539846561154,0.9989992878640697,0.8888324556767063
Scratch/804703.jpg,Scratch,32,32,RGB,ffe98c7734773f8ef0c0fcedeee2baba81f82db5adba4a22f524bee4de8670e8,070303cda84d2f07,dup_0536,train,0.9830097087378641,-0.0007964954201513356,0.010513739545997592,0.6912968050431865,0.24503301693195098,1.0,1.0,0.96875,0.9830097087378641,0.9830097087378641,0.9733009708737864,0.9927184466019418,0.01072971949050648,-0.3417142869595142,0.9398038870358809,0.9991283001722859,0.8903938173461527
Scratch/804770.jpg,Scratch,32,32,RGB,e5469bb2b1bad7580f5ed02f3184d1fc5fd7015f36604c6a75cbae62288769f9,171749a63659171f,dup_0537,train,0.970873786407767,-0.0016935483870967783,0.0004838709677419217,0.68739461743822,0.24400530299119927,1.0,1.0,0.9464285714285714,0.9757281553398058,0.9660194174757282,0.970873786407767,0.970873786407767,0.005947132880307183,-0.8627555106205753,0.5056213295479438,0.9991936586833812,0.892893666852217
Scratch/804798.jpg,Scratch,32,32,RGB,cb7d5da7f10530823ec5627dc67e69df64fe9b03064ba7ec2ed5535a277e4c3e,0f3729cb8431230f,dup_0538,train,0.9866504854368932,0.0037693925326350033,0.00980042058485101,0.6926785702292281,0.24557840003006426,1.0,1.0,0.9754464285714286,0.9830097087378641,0.9902912621359223,0.9733009708737864,1.0,0.007109972278881872,-0.826658498592462,0.5627039423221207,0.99882569954302,0.8896186233714698
Scratch/804963.jpg,Scratch,32,32,RGB,84afb74c8732f1bd2b5006b3bde808be22448378bd20e7c90d47ac465bbacac8,071753abc233330f,dup_0539,train,0.9866504854368932,-0.00511843828115701,0.002579058048645034,0.6924760791385938,0.24533628760649862,1.0,1.0,0.9754464285714286,0.9951456310679612,0.9781553398058253,0.9854368932038835,0.9878640776699029,0.010081979758166026,0.9603809071798978,0.2786907123036512,0.9987490566601587,0.8896186233714698
Scratch/804978.jpg,Scratch,32,32,RGB,553b1a1af8f0b7503cc1bb8812296f7710a8e0cea9dbb92b71bb468a8d997376,172b3d9c9515070f,dup_0540,train,0.9696601941747572,-0.011102587912309742,0.003350962897169861,0.6870976442892947,0.24404458883617933,1.0,1.0,0.9441964285714286,0.9830097087378641,0.9563106796116505,0.9635922330097088,0.9757281553398058,0.019968990748548965,-0.9969308827114143,-0.07828674917404756,0.9993310351498847,0.893136155863885
Scratch/805084.jpg,Scratch,32,32,RGB,40f452e0304c4556570d89b6128a191f74f25ad0dd1b23df8189d0b9120f7052,0f1f2dae2b75370f,dup_0541,train,0.9769417475728155,-0.00012021638950110077,0.012302143858946107,0.6894078454616982,0.24461167964285757,1.0,1.0,0.9575892857142857,0.9781553398058253,0.9757281553398058,0.9635922330097088,0.9902912621359223,0.008992376369973699,-0.838289409177644,0.545225518900754,0.9990090514653934,0.8916604032756271
Scratch/805099.jpg,Scratch,32,32,RGB,b21458f39361d06de449c210c6eb480c0ed942af43cd28147782e158e6d6781c,072353476d752f0f,dup_0542,train,0.9854368932038835,0.005800095344033053,0.003813761322103922,0.692047767424269,0.2451988906582411,1.0,1.0,0.9732142857142857,0.9805825242718447,0.9902912621359223,0.9805825242718447,0.9902912621359223,0.002766097936190642,-0.088120808509018,-0.9961097947052409,0.9989655567666308,0.8898782588421328
Scratch/805230.jpg,Scratch,32,32,RGB,e9cfccaf5d7e6bd57a78c3cdabab8f2f2786b89109761580955e73880eaccc4a,071363ca881f370f,dup_0543,train,0.9817961165048543,0.002990549862434708,0.00857290960564616,0.6911423533783528,0.24520344005501762,1.0,1.0,0.9665178571428571,0.9757281553398058,0.9878640776699029,0.9733009708737864,0.9902912621359223,0.02017280825307353,0.4167005369491796,0.9090438177042213,0.9989917372236135,0.8906497126211487
Scratch/805410.jpg,Scratch,32,32,RGB,35d5632c5b24c6040f11a2f4bb2e45be0f6a379c3bbc1c60ae46daff69d1ea93,1f27312a0a091b0f,dup_0544,val,0.9854368932038835,-0.0035754012394724265,-0.0053233751787700855,0.6919713426723662,0.2451009763315481,1.0,1.0,0.9732142857142857,0.9927184466019418,0.9781553398058253,0.9927184466019418,0.9781553398058253,0.01732973804179099,-0.9636005161220521,0.26734630225479966,0.9992679975802268,0.8898782588421328
Scratch/805473.jpg,Scratch,32,32,RGB,3707df723fd27d209cac5592684ea36317c7a56d7c78199ff973720ee8ae4541,073765b223311f0f,dup_0545,test,0.9890776699029126,0.005026716801899865,-0.0032851771225014957,0.6931008234464648,0.24535891506524132,1.0,1.0,0.9799107142857143,0.9830097087378641,0.9951456310679612,0.9951456310679612,0.9830097087378641,0.010070076749453842,0.23171069025769692,-0.9727847429006592,0.9990888663109481,0.8890957083296698
Scratch/805616.jpg,Scratch,32,32,RGB,d2149a142cd8f6188dbdc6e6fc80efc7ea85b1b89358ee112b960ad3e57af20d,072b53c495451b1f,dup_0546,train,0.9793689320388349,-0.008594155973937723,-0.0013990486469200897,0.6899178446976613,0.2444586418616863,1.0,1.0,0.9620535714285714,0.9902912621359223,0.9684466019417476,0.9854368932038835,0.9733009708737864,0.01254361972099192,-0.11603412985506294,-0.9932452268744,0.9988133174669842,0.8911576647414863
Scratch/805704.jpg,Scratch,32,32,RGB,ce22f7163edc4405d7da6b0dfca8e387f881f54a3c036b3750bdecacda4bb4e0,1f0f5b0e4e1d0f0f,dup_0547,train,0.9866504854368932,0.004086815061699003,-0.002261635519581008,0.692249399221224,0.24505764275168151,1.0,1.0,0.9754464285714286,0.9830097087378641,0.9902912621359223,0.9878640776699029,0.9854368932038835,0.009605866296669778,-0.5771083995648085,-0.8166675548543271,0.9990904845096976,0.8896186233714698
Scratch/806050.jpg,Scratch,32,32,RGB,dd2769c6aac284c1328e7e5be0333b296bd0bfb83af626e5b94675a862579042,0f0b45ac5a1b370f,dup_0548,train,0.9951456310679612,-0.0034618410700236048,0.0032258064516129154,0.6949986973063991,0.24581486239957917,1.0,1.0,0.9910714285714286,1.0,0.9902912621359223,0.9902912621359223,1.0,0.0077985576828883615,0.9958140848806458,-0.09140190563287971,0.9992222772613931,0.8877677852363122
Scratch/806086.jpg,Scratch,32,32,RGB,2afca92c7f02c7e7ccbc05341a9b1a1c1c99fc20f7b8340f33d96e97d6fa170b,0f1b79aacc290f0f,dup_0549,train,0.9878640776699029,-0.0010303558690655478,0.003962907188713563,0.6926115681836713,0.24512916800588913,1.0,1.0,0.9776785714285714,0.9902912621359223,0.9854368932038835,0.9830097087378641,0.9927184466019418,0.008559415850488906,-0.9279021898836433,0.372823719751224,0.9989958694840494,0.8893577686913662
Scratch/806217.jpg,Scratch,32,32,RGB,4023e5d74e9bb965cefd0fed379b65c4abb3cdfc72700a7eb8d401469f33e68b,071b73ca4c610d0f,dup_0550,train,0.9684466019417476,0.0011318619128466328,-0.0021020292667151864,0.6867440725846531,0.24396292606004497,1.0,1.0,0.9419642857142857,0.9635922330097088,0.9733009708737864,0.9684466019417476,0.9684466019417476,0.016873672950463284,0.7390899029886245,-0.6736067957646106,0.9990844896177405,0.8933772208610211
Scratch/806328.jpg,Scratch,32,32,RGB,bbfbceab8510ee43ae79b4435c98848f051821bd80038f275595e845e135af29,1f3777686c25170f,dup_0551,train,0.9975728155339806,0.0004709206498704964,-0.0005494074248489319,0.695727272507697,0.24595666236849212,1.0,1.0,0.9955357142857143,0.9975728155339806,0.9975728155339806,0.9975728155339806,0.9975728155339806,0.003923317031600209,-0.9905107307635153,-0.13743541116585262,0.9991753390936532,0.8872286345798474
Scratch/806417.jpg,Scratch,32,32,RGB,18d6673de74b7dea6ebfaeb00da02fb44cfd29a3691c39e7ddfd486ba88824fa,0f13376e0b03370f,dup_0552,train,0.9890776699029126,-0.000910350286958243,0.004155946962200659,0.6931362142262019,0.24540464004398824,1.0,1.0,0.9799107142857143,0.9902912621359223,0.9878640776699029,0.9830097087378641,0.9951456310679612,0.009872992752549214,0.9558218457889537,0.293946592279274,0.9990348719186344,0.8890957083296698
Scratch/806527.jpg,Scratch,32,32,RGB,35d0a7ff39dcd3067b07100317e5acf23eff04086b73c8c26b81d897d56f8bfc,171b4b5a9a490f0f,dup_0553,train,0.9902912621359223,0.0035578747628083494,-0.0011859582542694507,0.6935430054761947,0.2455295287552511,1.0,1.0,0.9821428571428571,0.9854368932038835,0.9951456310679612,0.9902912621359223,0.9902912621359223,0.00971176336013192,-0.8755989125426092,0.48303886422750714,0.9990683628412388,0.8888324556767063
Scratch/806591.jpg,Scratch,32,32,RGB,04f00fe464eee2341ce24c4d70b551f00a0a7ae3f8b974d91a9e4c9b9565c3c7,0f0b35148a4b0b0f,dup_0554,train,0.9854368932038835,-0.002145240743683459,-0.002542507548069281,0.6918892920100747,0.24499796434916765,1.0,1.0,0.9732142857142857,0.9854368932038835,0.9854368932038835,0.9878640776699029,0.9830097087378641,0.003959543570596963,0.9152680278126261,-0.40284542601844936,0.9991994262417865,0.8898782588421328
Scratch/806910.jpg,Scratch,32,32,RGB,aaf7ddfd19c6e23375e9ac385df12273055ecb16ead5ec361427402235c8444b,0f3333e3864f3b0f,dup_0555,train,0.9769417475728155,-0.011741134041274295,0.0023642556601883424,0.6894670371792362,0.24467735691698217,1.0,1.0,0.9575892857142857,0.9951456310679612,0.9587378640776699,0.9733009708737864,0.9805825242718447,0.016309087011976576,0.8148228399373062,0.5797100477967438,0.9990438999093055,0.8916604032756271
Scratch/806914.jpg,Scratch,32,32,RGB,07767780b048db6e9c469d6ed4495833089b28d06bf1b21e38e0953e0ef9786e,1f3b1fdc86593b0f,dup_0556,train,0.9720873786407767,-0.006886553098948894,-0.004470218678265123,0.687658768089794,0.2439496771493864,1.0,1.0,0.9486607142857143,0.9830097087378641,0.9611650485436893,0.9757281553398058,0.9684466019417476,0.005182867331443145,0.8073593259251348,-0.5900600976525289,0.9991730298497495,0.8926497694650855
Scratch/807057.jpg,Scratch,32,32,RGB,0453770c40c321a4c377d6354bd052895f362907ac4de3121432501ab2c0ff28,07274deeec4d0f07,dup_0557,test,0.9696601941747572,-0.005450361338770236,-0.00456215430578547,0.6868583134464629,0.24373617753539528,1.0,1.0,0.9441964285714286,0.9805825242718447,0.9587378640776699,0.9781553398058253,0.9611650485436893,0.017378721051743918,-0.7997500502296864,-0.6003331218228877,0.9991024897684726,0.893136155863885
Scratch/807101.jpg,Scratch,32,32,RGB,082f573f4e074ee845a1ce2a5124dbea9211e42db21148a15cc9a4997c085ae2,0f0b590a4959330f,dup_0558,train,0.9939320388349514,0.0038205522076489784,0.0034266808460356912,0.6947180934986513,0.24584374115191962,1.0,1.0,0.9888392857142857,0.9878640776699029,1.0,0.9902912621359223,0.9975728155339806,0.0062512409492678275,-0.9710946886120411,0.23869458676200236,0.9992550867478948,0.8880356758448034
Scratch/807203.jpg,Scratch,32,32,RGB,437dd2417c7d0a6d9b1e247397e11628d1a60621d85bf13eb67d577f63195b20,0f2b27a4d22f070f,dup_0559,train,0.9987864077669902,-0.0011366754203739266,0.0005095441539607114,0.6961324999140915,0.24608160168730797,1.0,1.0,0.9977678571428571,1.0,0.9975728155339806,0.9975728155339806,1.0,0.0023453381694931077,0.7465346534653631,-0.6653465346534467,0.999213368733367,0.8869573996027482
Scratch/807784.jpg,Scratch,32,32,RGB,5ed1376c45c74e01fb94d3861275687afd681055c7f347cbb4f23fca205abd0b,0f0b0bcee6111707,dup_0560,train,0.9842233009708737,0.0063243307744322,0.006483433435424199,0.6915648065822156,0.24498118431468377,1.0,1.0,0.9709821428571429,0.9757281553398058,0.9927184466019418,0.9757281553398058,0.9927184466019418,0.006296087163742453,0.1719425102020085,0.9851069856545694,0.9990001140695659,0.8901366614363251
Scratch/807789.jpg,Scratch,32,32,RGB,37c16b7475164fad5eadd7852c59dc1bbf349209f7fa03d4164afe6346e93c91,072b69e8e21b170f,dup_0561,train,0.9963592233009708,0.0011394444226160067,0.0010608620486424593,0.6953969732014185,0.24592528065337765,1.0,1.0,0.9933035714285714,0.9927184466019418,1.0,0.9951456310679612,0.9975728155339806,0.005674831397060093,-0.24791855555313452,0.9687808781207685,0.9992011600393486,0.8874987672817549
Scratch/807855.jpg,Scratch,32,32,RGB,eab1ece5d3bae3a75b011cab4b832e2c90e7d33ae28ad2dccef38b1e4ef1b121,0f170fcc9833330f,dup_0562,val,0.991504854368932,0.0060409839301930725,0.0002763848856951349,0.6938281722689142,0.24549632203317445,1.0,1.0,0.984375,0.9830097087378641,1.0,0.9902912621359223,0.9927184466019418,0.000929440296307935,-0.5986673102594303,-0.8009977850323552,0.999114820696815,0.8885680239869138
Scratch/807903.jpg,Scratch,32,32,RGB,190df9d0f19151e1c3bbadb4e941b45e2b1ebe29ef7b61c0a54ddbf8c066e4ab,073349c9ae172707,dup_0563,train,0.9672330097087378,-0.0048164487796980605,-0.0027117820860485184,0.6860102162656108,0.24344864226359006,1.0,1.0,0.9397321428571429,0.9733009708737864,0.9611650485436893,0.970873786407767,0.9635922330097088,0.01136725360962365,-0.8120469512076078,-0.5835921084408433,0.9988824583312687,0.8936168460393795
Scratch/808042.jpg,Scratch,32,32,RGB,3c3f21f3e14428e3e28d9ae35e954a08c0388cca6651403b6e4a50b71d06ebde,0f0b378ad9332b0f,dup_0564,val,0.9830097087378641,-0.0013540422142572668,-0.005495818399044225,0.6910998984445715,0.2447704340181904,1.0,1.0,0.96875,0.9854368932038835,0.9805825242718447,0.9902912621359223,0.9757281553398058,0.009923705619335794,0.9326559005793341,-0.36076719794702966,0.9993096331526964,0.8903938173461527
Scratch/808086.jpg,Scratch,32,32,RGB,274f6f70c707af4bf5991c833731f4c172eed6e46a7c258aa14e6d89a6d3f342,07034dc8ab23130f,dup_0565,train,0.9939320388349514,0.004056875024616958,0.0024026153058411136,0.6947383243299213,0.24586925975844665,1.0,1.0,0.9888392857142857,0.9878640776699029,1.0,0.9902912621359223,0.9975728155339806,0.006055172406981684,-0.9911495779492637,0.13274981781907033,0.9991862647926202,0.8880356758448034
Scratch/808167.jpg,Scratch,32,32,RGB,28740d4dbcea4fb710693762405c58952c24e769471b5e4f6dccec514dc15709,171707cc8a0d3f0f,dup_0566,train,0.9842233009708737,-0.004096893520544132,-0.001949007597152042,0.6914882729329259,0.24488295255177106,1.0,1.0,0.9709821428571429,0.9902912621359223,0.9781553398058253,0.9878640776699029,0.9805825242718447,0.008610240372544885,0.9984973892771454,0.05479930297663258,0.9990159741421886,0.8901366614363251
Scratch/808205.jpg,Scratch,32,32,RGB,a496d250dcf60562c1fca40fcdcdfe9b72ee208ba758783888a67c1480bf73fc,1f1b0dce2771170f,dup_0567,train,0.9854368932038835,0.008183696170348004,-0.0038137613221039565,0.6919304376904546,0.2450491393648484,1.0,1.0,0.9732142857142857,0.9733009708737864,0.9975728155339806,0.9902912621359223,0.9805825242718447,0.012865989303193352,0.9977712611019753,-0.06672713480267128,0.9990223031895246,0.8898782588421328
Scratch/808333.jpg,Scratch,32,32,RGB,8608ded6ac015c0d63ac5b2ad94955b2030eb4c9a1cb69b46265e4c43b6ccd76,1f1b5deaca4b0b0f,dup_0568,train,0.9975728155339806,0.00204065614943882,-0.0003924338748921041,0.6957029102257923,0.24592263325849545,1.0,1.0,0.9955357142857143,0.9951456310679612,1.0,0.9975728155339806,0.9975728155339806,0.0017227700869363166,0.41197977982061834,-0.9111929878016812,0.9991753390936532,0.8872286345798474
Scratch/808408.jpg,Scratch,32,32,RGB,2d03784087dc1ee75f48d94473d496804802e860c945d1959d5f05de48ddf89b,173339a9b12b070f,dup_0569,train,0.991504854368932,-0.002724365301851777,-0.005962016819994511,0.6938984731772895,0.24558814293782447,1.0,1.0,0.984375,0.9951456310679612,0.9878640776699029,1.0,0.9830097087378641,0.005050767302742222,-0.9884144963195074,0.15177873192728428,0.9991038693276567,0.8885680239869138
Scratch/808516.jpg,Scratch,32,32,RGB,d0d72e488618c7c494cf2e2ac2024ba72a03e73eeb3cc90e865e6bb438bcb81d,1f3b3d2a3935130f,dup_0570,train,0.9842233009708737,-0.005290163477984167,-0.011892923909152394,0.691549767116208,0.24496078851404643,1.0,1.0,0.9709821428571429,0.9951456310679612,0.9733009708737864,1.0,0.9684466019417476,0.01921132945194507,-0.9641988813612954,0.265180159856703,0.999243371673585,0.8901366614363251
Scratch/808644.jpg,Scratch,32,32,RGB,a5eee0da395b7137bca4a2391ae64d54420b4639c396ae5274e43449c7d5add9,171355acac0d1b0f,dup_0571,train,0.9757281553398058,-0.0010431712405713387,-0.0014443909484833485,0.6887477354021901,0.24414336662530628,1.0,1.0,0.9553571428571429,0.9757281553398058,0.9757281553398058,0.9781553398058253,0.9733009708737864,0.013758462076437685,0.719062740743,0.6949451596170486,0.9987946816373487,0.8919097810066157
Scratch/808650.jpg,Scratch,32,32,RGB,7b5ffc59636cb5a1511bebbfd3060c5a37ee5111582fc38f1f0843f3e83d9c18,0f331f9b8e21330f,dup_0572,train,0.9902912621359223,0.0013440860215053702,0.0067204301075268645,0.6937336447068796,0.24575952966368744,1.0,1.0,0.9821428571428571,0.9854368932038835,0.9951456310679612,0.9805825242718447,1.0,0.007578489010339467,-0.9762041140336967,0.21685370124506842,0.9993141997018338,0.8888324556767063
Scratch/808812.jpg,Scratch,32,32,RGB,1f93aa1090296474c3ce0728ab519c6df7f283a6b4d0142e6b42260f2d4a2792,173331a8ec6d1f0f,dup_0573,train,0.9757281553398058,-0.009228053281977214,-0.0069009789760873215,0.6888952956678317,0.2443419033810769,1.0,1.0,0.9553571428571429,0.9902912621359223,0.9611650485436893,0.9854368932038835,0.9660194174757282,0.008926618830120045,-0.36003934340327765,-0.9329371207116461,0.9993713924057855,0.8919097810066157
Scratch/808821.jpg,Scratch,32,32,RGB,d448d5c8022b92872b33aba1df5be0d6052ce0bb37e2dd3442832e71b5753f6a,0f0b49838f1d3b0f,dup_0574,test,0.9854368932038835,-0.0062768155092960435,0.003654854600349596,0.6919349045464857,0.24505744474054944,1.0,1.0,0.9732142857142857,0.9927184466019418,0.9781553398058253,0.9805825242718447,0.9902912621359223,0.004654457987201021,0.9974257014917631,-0.07170753101079526,0.9993347396678762,0.8898782588421328
Scratch/809185.jpg,Scratch,32,32,RGB,944270fc1bb30f5479cb882540c278387adf0748f6e6e5a9c90de23303cddd34,0f2f35dca9193307,dup_0575,train,0.9781553398058253,0.0053630032818378255,-0.004322420555511139,0.6895323052855501,0.24436565273257999,1.0,1.0,0.9598214285714286,0.970873786407767,0.9854368932038835,0.9830097087378641,0.9733009708737864,0.015878410670291103,-0.975490077684222,0.22004342375910846,0.9992206038583703,0.8914096929572992
Scratch/809507.jpg,Scratch,32,32,RGB,27b4991b6383623cf7d4a993c932ed2e7040fd273ad88d04d21c83861d7367ca,172b2dce5d4f0b0f,dup_0576,train,0.9975728155339806,-0.0017267090495251566,0.001569735499568278,0.6957672702254635,0.24600821483008217,1.0,1.0,0.9955357142857143,1.0,0.9951456310679612,0.9951456310679612,1.0,0.0036663651509620684,0.9942837053402838,-0.10677037648522031,0.9991753390936532,0.8872286345798474
Scratch/809600.jpg,Scratch,32,32,RGB,e1138b101f82e45e03b16a839a13f8824f37759afff4f1d7e931da1f83876a39,1f072b424a49030f,dup_0577,test,0.9902912621359223,0.005139152435167613,0.0018975332068311005,0.6934535446903037,0.24540822937782547,1.0,1.0,0.9821428571428571,0.9805825242718447,1.0,0.9878640776699029,0.9927184466019418,0.006416801475558989,0.057556883937937564,0.9983422284524254,0.9991975050709965,0.8888324556767063
Scratch/809635.jpg,Scratch,32,32,RGB,6ad2309f79474e9db6a4f60b70784b365b5b849e16ec985f49eb9be09cc7e79a,070b25b88915070f,dup_0578,train,0.9927184466019418,0.0018140231879485741,-0.004495622683176953,0.6941580747175029,0.24552094632553925,1.0,1.0,0.9866071428571429,0.9878640776699029,0.9975728155339806,0.9975728155339806,0.9878640776699029,0.013164946866137821,0.7088443716809834,0.7053649103380405,0.9989924480945641,0.8883024263804546
Scratch/809958.jpg,Scratch,32,32,RGB,f239623955250686dea416aebb9a7475f0b25e331785c20ae71b2a63612c15c6,072b6dcc4c4d2b0f,dup_0579,train,0.9745145631067961,-0.008636966215401923,-0.0005222351665126948,0.6888721380314867,0.244702445483551,1.0,1.0,0.953125,0.9878640776699029,0.9611650485436893,0.9733009708737864,0.9757281553398058,0.015929860433211897,0.9979278574915763,0.06434276371335061,0.9991056355125875,0.892157811307043
Scratch/809986.jpg,Scratch,32,32,RGB,dfdf629b4495d3eed5a4eaf6dde7cc808ee60d3da098f9b4d4d164a78a2ae360,0713292cc4411b0f,dup_0580,test,0.9733009708737864,0.013514600595285975,-0.002011101279060392,0.6884244371860825,0.24454019907146707,1.0,1.0,0.9508928571428571,0.9538834951456311,0.9927184466019418,0.970873786407767,0.9757281553398058,0.0111247917723237,0.7244042309592857,-0.6893754493512848,0.9985950713193551,0.8924044791784236
Scratch/810071.jpg,Scratch,32,32,RGB,749f2e519cc59c01008dafa4557dd2ec585fcea6822170b7a514d40106dc2508,0f3b09ccc84f130f,dup_0581,val,0.9866504854368932,-0.004562948855295009,-0.00019838908066499456,0.6925205895565046,0.24537759214602536,1.0,1.0,0.9754464285714286,0.9951456310679612,0.9781553398058253,0.9854368932038835,0.9878640776699029,0.008846502374732161,-0.5069780538711671,0.8619589624181675,0.999408072466311,0.8896186233714698
Scratch/810091.jpg,Scratch,32,32,RGB,b4ebf10dcd2394bb6d7c625d1b9cb0a2a1c6bdbe08b69184ee1639ed2c855aee,070343625063330f,dup_0582,train,0.9854368932038835,-0.008024789448593674,0.01088511044017166,0.6923616501967933,0.24556684733002584,1.0,1.0,0.9732142857142857,0.9975728155339806,0.9733009708737864,0.970873786407767,1.0,0.02091143007754165,0.9778590295883982,0.20926470856892282,0.9990275253276396,0.8898782588421328
Scratch/810101.jpg,Scratch,32,32,RGB,ecf862eba338f8b11a9aac26ae6c16ea98ab418bf96e9123c150daa087d5ea64,0f135590901d0b0f,dup_0583,val,0.9890776699029126,0.007718187215515537,3.9580447259052904e-05,0.6931979992503735,0.24547984513982093,1.0,1.0,0.9799107142857143,0.9781553398058253,1.0,0.9902912621359223,0.9878640776699029,0.002404148972495072,0.975795997444304,-0.2186828099592555,0.9992921967970355,0.8890957083296698
Scratch/810107.jpg,Scratch,32,32,RGB,2027c2da6763213e329b7c088c943f84b47562e9baaf8eb1ae9d9d2d1e7f46c5,0f2b4dc9d1490f0f,dup_0584,val,0.9830097087378641,-0.011549183592194341,-0.009876543209876578,0.6914386203609598,0.24519905189466748,1.0,1.0,0.96875,1.0,0.9660194174757282,0.9951456310679612,0.970873786407767,0.020428301805759632,-0.9998662790505412,-0.016353104219855405,0.9991396654050311,0.8903938173461527
Scratch/810123.jpg,Scratch,32,32,RGB,ed0802b97d7f98f2a2aba712cf908f02dbbc96b4bdb7df9389f8091e584ed852,0f3b1d392b4b1b0f,dup_0585,test,0.9902912621359223,-0.006878557874762809,-0.0025300442757748586,0.6937355060562842,0.24575427535576908,1.0,1.0,0.9821428571428571,1.0,0.9805825242718447,0.9927184466019418,0.9878640776699029,0.0044647790123069405,-0.9783905507462543,-0.20676539896810922,0.9993253723705244,0.8888324556767063
Scratch/810142.jpg,Scratch,32,32,RGB,5d0c603d8beb9950f4a45b0891811c8c5d793728ca4665d03c9202e7c3d16ad5,0f13656c4c5b0b0f,dup_0586,val,0.9878640776699029,0.0016644210192597307,-0.00800507252120157,0.6927790787998825,0.245344100511729,1.0,1.0,0.9776785714285714,0.9854368932038835,0.9902912621359223,1.0,0.9757281553398058,0.004974853509061847,0.9215459208322848,-0.38826938560408836,0.9990479035521307,0.8893577686913662
Scratch/810163.jpg,Scratch,32,32,RGB,b5ea54904c23e1c3ad262568faa246b3683d52d67491e21cb0850476f914e952,1f1f35685b63330f,dup_0587,train,0.9842233009708737,-0.00600612545244819,-0.006483433435424269,0.6917086915322785,0.2451614971576729,1.0,1.0,0.9709821428571429,0.9927184466019418,0.9757281553398058,0.9927184466019418,0.9757281553398058,0.011782403275680736,-0.9639717362723654,-0.2660046835453111,0.9991952042660542,0.8901366614363251
Scratch/810164.jpg,Scratch,32,32,RGB,b4bb1db40a1ff797693b0c09ef0c8fad4e4b1fcb89e33b1014805cee09fd1076,0f2b2d544c43130f,dup_0588,train,0.9902912621359223,-0.0028462998102466775,-0.008143580012650269,0.6937192899335751,0.24573778223659581,1.0,1.0,0.9821428571428571,0.9951456310679612,0.9854368932038835,1.0,0.9805825242718447,0.011161803058328923,-0.7224116803093871,0.6914632052051416,0.9992166383492319,0.8888324556767063
Scratch/810177.jpg,Scratch,32,32,RGB,8213de73708795972152df3a779627a3fbaad79d2c5f0645f99a1831ef255ec2,0f1b3188ae454b0f,dup_0589,train,0.9866504854368932,0.0016267904614530014,-0.0016267904614529903,0.6924158271636932,0.2452767879117012,1.0,1.0,0.9754464285714286,0.9830097087378641,0.9902912621359223,0.9878640776699029,0.9854368932038835,0.011599879435370728,0.9999665476645255,-0.00817945914411087,0.9988567687875657,0.8896186233714698
Scratch/810196.jpg,Scratch,32,32,RGB,7104c3ec478236b6548b55c9aa5083644f556c6a0b1dda138d66efeb53eb4053,072329605c45130f,dup_0590,train,0.9769417475728155,0.011660989781606892,0.001001803245842488,0.6896353771178602,0.24487909099301783,1.0,1.0,0.9575892857142857,0.9587378640776699,0.9951456310679612,0.9781553398058253,0.9757281553398058,0.00414078291103748,-0.7766539251881387,-0.6299275200289769,0.9990822398002238,0.8916604032756271
Scratch/810206.jpg,Scratch,32,32,RGB,41457da3dcccd6817e0181bd6971e39919b010df3eb0d867766d093bee29575a,0f2775ee49713b0f,dup_0591,train,0.9599514563106796,-0.02703804901920803,0.007952367358590586,0.6849031428403209,0.24438965041238092,1.0,1.0,0.9263392857142857,0.9951456310679612,0.9247572815533981,0.9514563106796117,0.9684466019417476,0.030157644770281024,0.8506577188005993,-0.5257199306141631,0.9983108031657659,0.8950234545352862
Scratch/810272.jpg,Scratch,32,32,RGB,3380460010017d63d3505c585e21831f5a85c33ed80a25dd573b47889eea585b,0f1f4b646373330f,dup_0592,test,0.991504854368932,-0.007225490583172112,0.003987839065029406,0.6940688414152864,0.24579120703504176,1.0,1.0,0.984375,1.0,0.9830097087378641,0.9830097087378641,1.0,0.01421200746087443,0.8397259585124811,-0.5430104185006903,0.9992567186566349,0.8885680239869138
Scratch/810301.jpg,Scratch,32,32,RGB,5befcdbb7964a0cb4446355b1f119a227d8b011293df077c2e84990b510dddeb,0f0b475a68713707,dup_0593,train,0.9793689320388349,0.002518287564456172,-0.009633449254507013,0.6901509442823022,0.24474994298688638,1.0,1.0,0.9620535714285714,0.9757281553398058,0.9830097087378641,0.9902912621359223,0.9684466019417476,0.007443913759957215,0.9808328999397679,0.1948507695538959,0.9990561165303123,0.8911576647414863
Scratch/810303.jpg,Scratch,32,32,RGB,5dc5faa16dd87d487f67e9f4dc6ad3fd491fd8f40be5b10591799d624e18db89,0f1715989a49130f,dup_0594,train,0.9866504854368932,0.004801015752093004,-0.002579058048644999,0.6923962621569205,0.24524852456335453,1.0,1.0,0.9754464285714286,0.9805825242718447,0.9927184466019418,0.9927184466019418,0.9805825242718447,0.019517464183359923,0.9210103960054334,-0.3895379961568764,0.9992563398528507,0.8896186233714698
Scratch/810319.jpg,Scratch,32,32,RGB,de4d2e7a57dcd0fde939ff8a4e6ee83d660aaa4c5097f739967ac7d15b12e7ae,0f0f4d494d5d130f,dup_0595,train,0.9987864077669902,-0.0002743699290557736,-0.0011366754203739637,0.6962088386192138,0.24617390288271646,1.0,1.0,0.9977678571428571,1.0,0.9975728155339806,1.0,0.9975728155339806,0.0020661084001004624,-0.4561797752809495,0.8898876404494123,0.999213368733367,0.8869573996027482
Scratch/810443.jpg,Scratch,32,32,RGB,905d74ad457733a156ae4f1b42df296f39f5c457748bcc4f746216ddb0121ddc,0f0b4161597b3b0f,dup_0596,train,0.9842233009708737,-0.005131060816992163,0.009585935324768315,0.6920323556753957,0.2455457248094934,1.0,1.0,0.9709821428571429,0.9927184466019418,0.9757281553398058,0.970873786407767,0.9975728155339806,0.014062850630623796,0.9936057102643034,0.1129056797958769,0.9991617943364461,0.8901366614363251
Scratch/810481.jpg,Scratch,32,32,RGB,4e49824618efda1ae4579e04e21b07bd3e13a04e289ddd15fae86b2eb0994bc4,171b53332541170f,dup_0597,train,0.9951456310679612,-0.0009441384736427984,-0.0042486231313926225,0.6951736341079727,0.24602220058273766,1.0,1.0,0.9910714285714286,0.9975728155339806,0.9927184466019418,1.0,0.9902912621359223,0.005945221045910994,-0.5112041588757549,0.8594593113976554,0.9992222772613931,0.8877677852363122
Scratch/810502.jpg,Scratch,32,32,RGB,85fb36c51814ec23ae8d564292bbda1a0e0188cc6eb18f597dad5c50615790f4,0f0f614949591b07,dup_0598,train,0.9975728155339806,-0.0010988148496978243,-0.0021191429244172446,0.6958384518060534,0.24609503780101438,1.0,1.0,0.9955357142857143,1.0,0.9951456310679612,1.0,0.9951456310679612,0.004306914922888786,-0.8178051835742173,0.5754951622030725,0.9992384928105271,0.8872286345798474
Scratch/810727.jpg,Scratch,32,32,RGB,6606a69e61e31434f8ea1bc0804540974c7a7d924a55ae36e9ffa5fdfe16e6cf,0f0f0d934a4d131f,dup_0599,train,0.9878640776699029,-0.0007925814377427295,-0.00507252120155349,0.6928100930808002,0.24538157173606823,1.0,1.0,0.9776785714285714,0.9902912621359223,0.9854368932038835,0.9927184466019418,0.9830097087378641,0.00876118718285855,0.03611782885753383,0.9993475383662171,0.9991191101205761,0.8893577686913662
Scratch/810765.jpg,Scratch,32,32,RGB,7b046c5fd7fdc7f0328ef7cdb93fad5747fb9e808d541d21f4e00202c558efdd,0f0b4bcb27672b0f,dup_0600,test,0.9757281553398058,0.001043171240571336,0.005938051677098458,0.6890299471590666,0.2445130498369535,1.0,1.0,0.9553571428571429,0.9733009708737864,0.9781553398058253,0.970873786407767,0.9805825242718447,0.02359591670746205,-0.9200338430117309,0.3918389053081199,0.9989147728189423,0.8919097810066157
Scratch/811018.jpg,Scratch,32,32,RGB,2f50d5eadc11d4fae193a8653471e5fe0bd061627f48c2b65ea369fe0f8ad9fb,0f0b55496a4d070f,dup_0601,test,0.9939320388349514,0.0018511953995824996,-0.005474811926424848,0.694657241114344,0.24576761137008782,1.0,1.0,0.9888392857142857,0.9902912621359223,0.9975728155339806,1.0,0.9878640776699029,0.009085376112847527,0.6599144082377132,0.7513407840655723,0.9990280242404457,0.8880356758448034
near full/641334.jpg,near full,32,32,RGB,1daa60f6b091c21a7d7e680cf2ae8a16a09d154d5122da15379665ea232b6ae4,0f271b1bda5b170f,dup_0602,train,1.0,-2.694716079187273e-18,-3.4492365813597093e-17,0.6965318261616176,0.24619890532852726,1.0,1.0,1.0,1.0,1.0,1.0,1.0,1.0171152829673967e-16,-0.024264698273398347,-0.9997055688640035,0.9991836108525999,0.8866850746975368
near full/641621.jpg,near full,32,32,RGB,ae2e18e914e922f534992e65785063bec0fa4f81713d791096c7b9573513a13a,0f3331743233370f,dup_0603,train,1.0,-2.694716079187273e-18,-3.4492365813597093e-17,0.6965318261616176,0.24619890532852726,1.0,1.0,1.0,1.0,1.0,1.0,1.0,1.0171152829673967e-16,-0.024264698273398347,-0.9997055688640035,0.9991836108525999,0.8866850746975368
near full/641664.jpg,near full,32,32,RGB,3591a5594d49783f65377dfd3feca83054c631ea7c26bbc9c9d600c39ba41cc4,0f0703326367270f,dup_0604,train,1.0,-2.694716079187273e-18,-3.4492365813597093e-17,0.6965318261616176,0.24619890532852726,1.0,1.0,1.0,1.0,1.0,1.0,1.0,1.0171152829673967e-16,-0.024264698273398347,-0.9997055688640035,0.9991836108525999,0.8866850746975368
near full/643738.jpg,near full,32,32,RGB,a04d45953289acf9805171967bab63dd3cc3425f2a4582b67fe5f269f1b03936,0f0f1702030d0f0f,dup_0605,train,1.0,-2.694716079187273e-18,-3.4492365813597093e-17,0.6965318261616176,0.24619890532852726,1.0,1.0,1.0,1.0,1.0,1.0,1.0,1.0171152829673967e-16,-0.024264698273398347,-0.9997055688640035,0.9991836108525999,0.8866850746975368
near full/643830.jpg,near full,32,32,RGB,0047316d99128e79cae91079599e70d17bd3521754fc7492b43b65600fbd6ac5,0f070f070503070f,dup_0606,train,1.0,-2.694716079187273e-18,-3.4492365813597093e-17,0.6965318261616176,0.24619890532852726,1.0,1.0,1.0,1.0,1.0,1.0,1.0,1.0171152829673967e-16,-0.024264698273398347,-0.9997055688640035,0.9991836108525999,0.8866850746975368
near full/643912.jpg,near full,32,32,RGB,88db2680d8eb572b73fbe0ecbb91ae4055c69840609d206d53f5545d55be58df,0f0707030507070f,dup_0606,train,1.0,-2.694716079187273e-18,-3.4492365813597093e-17,0.6965318261616176,0.24619890532852726,1.0,1.0,1.0,1.0,1.0,1.0,1.0,1.0171152829673967e-16,-0.024264698273398347,-0.9997055688640035,0.9991836108525999,0.8866850746975368
near full/645568.jpg,near full,32,32,RGB,97bd63bddec5f04ba36147ab7a5c38f92fbf0a2330d7ee8f9227207f5c8fdaf3,0f1f1717a9211b0f,dup_0607,train,0.9927184466019418,-0.0013407997476141671,0.0011830586008359945,0.6942328010060486,0.24562051728241924,1.0,1.0,0.9866071428571429,0.9951456310679612,0.9902912621359223,0.9927184466019418,0.9927184466019418,0.008745001886015659,0.9051990894368109,-0.42498777450977154,0.9992252826130279,0.8883024263804546
near full/645649.jpg,near full,32,32,RGB,ffc4f5a03bbe0368442e961dadab7c97b62cc4b941f2d152f7211e683c28289d,0f272333313d1b0f,dup_0608,train,0.9963592233009708,0.0002750383089073113,0.001218026796589525,0.6953560266080936,0.24587613339378475,1.0,1.0,0.9933035714285714,0.9951456310679612,0.9975728155339806,0.9951456310679612,0.9975728155339806,0.006872049962441891,-0.7833948906714037,0.6215242917778351,0.9992698143406519,0.8874987672817549
near full/652736.jpg,near full,32,32,RGB,100f6f924db46a1d7f8d4616732f88bf7dbde666d111db75ec86f3c59786d4fa,0f0f030b25030f0f,dup_0606,train,1.0,-2.694716079187273e-18,-3.4492365813597093e-17,0.6965318261616176,0.24619890532852726,1.0,1.0,1.0,1.0,1.0,1.0,1.0,1.0171152829673967e-16,-0.024264698273398347,-0.9997055688640035,0.9991836108525999,0.8866850746975368
near full/652897.jpg,near full,32,32,RGB,42d36e60b715c0659d64e87d85f7388a8ca9f2b6174cc660d970d67fd64a7779,0f1f1f1f1f1f170f,dup_0609,test,0.9866504854368932,0.008292663571797004,0.001785501725985021,0.6924235684556052,0.24527580736528062,1.0,1.0,0.9754464285714286,0.9757281553398058,0.9975728155339806,0.9854368932038835,0.9878640776699029,0.008996852609348202,-0.5793352126340122,-0.8150893885963084,0.9992092291331506,0.8896186233714698
near full/654973.jpg,near full,32,32,RGB,a6b9937f22a5bbbecafa9bfda6ea28111efa80edcf27d8af0995c1f25d955d63,0f07030305030f0f,dup_0606,train,1.0,-2.694716079187273e-18,-3.4492365813597093e-17,0.6965318261616176,0.24619890532852726,1.0,1.0,1.0,1.0,1.0,1.0,1.0,1.0171152829673967e-16,-0.024264698273398347,-0.9997055688640035,0.9991836108525999,0.8866850746975368
near full/655156.jpg,near full,32,32,RGB,9208a8f190c13ffd0349cb66acbef1a4e3f3c7ecbd4dcf3926544a510825c2d4,0f3f397133333317,dup_0610,train,0.9951456310679612,0.003225806451612904,-0.0036191974822974396,0.6950444704043851,0.24587128387387644,1.0,1.0,0.9910714285714286,0.9902912621359223,1.0,1.0,0.9902912621359223,0.008775671552827114,0.9935526652829215,0.11337151895076121,0.999082751229514,0.8877677852363122
near full/675063.jpg,near full,32,32,RGB,8bb128cf18908f475bfcee124b97322136f687ca1a75620db843b1479b0ecdfb,0f1b3bc96173270f,dup_0611,train,1.0,-2.694716079187273e-18,-3.4492365813597093e-17,0.6965318261616176,0.24619890532852726,1.0,1.0,1.0,1.0,1.0,1.0,1.0,1.0171152829673967e-16,-0.024264698273398347,-0.9997055688640035,0.9991836108525999,0.8866850746975368
near full/676749.jpg,near full,32,32,RGB,c6fd76784408856d454adffe9e5d0a3d5f4270fc438ddcbefb5a380142e078ae,0f07030583173707,dup_0612,test,0.9951456310679612,-0.0025177025963808025,0.0035405192761605417,0.6951529218689829,0.24599819480858162,1.0,1.0,0.9910714285714286,1.0,0.9902912621359223,0.9902912621359223,1.0,0.005718053488657455,0.9444972533290323,0.32851931214757174,0.9991583414551196,0.8877677852363122
near full/682484.jpg,near full,32,32,RGB,39f2322bc45d1eebaff3b1f8154e1a36244a4049a09c17d5dec139a53cb38dea,1763717373373f1f,dup_0613,train,0.9951456310679612,0.0036191974822974036,0.0032258064516129154,0.6950702524290403,0.24590162340806643,1.0,1.0,0.9910714285714286,0.9902912621359223,1.0,0.9902912621359223,1.0,0.008869754397295808,-0.9934504028089418,-0.11426415517891511,0.999082751229514,0.8877677852363122
near full/693947.jpg,near full,32,32,RGB,b8231acff9b1aad54009b2557e526a7c9215c1d488dc5c8af359efc7331df514,2f371701050b1f0f,dup_0614,train,0.9939320388349514,0.0018511953995824996,-0.00539603765410219,0.6947072567768937,0.24583301860211007,1.0,1.0,0.9888392857142857,0.9902912621359223,0.9975728155339806,1.0,0.9878640776699029,0.008727545719787401,0.6642599680443504,0.747501635351869,0.9990280242404457,0.8880356758448034
near full/694592.jpg,near full,32,32,RGB,2dde1f0cbd92a25e12bc1fd877689c29c6aa4a44bb09f71dc61b12f0b2719d59,0f07030703031717,dup_0615,train,1.0,-2.694716079187273e-18,-3.4492365813597093e-17,0.6965318261616176,0.24619890532852726,1.0,1.0,1.0,1.0,1.0,1.0,1.0,1.0171152829673967e-16,-0.024264698273398347,-0.9997055688640035,0.9991836108525999,0.8866850746975368
near full/711187.jpg,near full,32,32,RGB,c66c6361243c0fb8f250b2571780fbfcb5e4d116b3c855eacb001785e58572f3,1f333b392d2f0f0f,dup_0616,val,1.0,-2.694716079187273e-18,-3.4492365813597093e-17,0.6965318261616176,0.24619890532852726,1.0,1.0,1.0,1.0,1.0,1.0,1.0,1.0171152829673967e-16,-0.024264698273398347,-0.9997055688640035,0.9991836108525999,0.8866850746975368
near full/712646.jpg,near full,32,32,RGB,a0a5562ed6fee841a14e11abf8126d17bb71d563a30d0872893d51efeeaaf4ac,0f17377633372f0f,dup_0617,train,0.9854368932038835,0.005323375178770061,0.008422056252979506,0.6922099566668632,0.24538907414902383,1.0,1.0,0.9732142857142857,0.9805825242718447,0.9902912621359223,0.9733009708737864,0.9975728155339806,0.00628003391090245,-0.9512870061052036,-0.3083067174347623,0.9988560619674188,0.8898782588421328
near full/712834.jpg,near full,32,32,RGB,6d4e1b4b0bfbd5340ab1f660e1706af80cc8b50bc3b5cc088b606731c5803267,0f0f090513070f0f,dup_0618,train,1.0,-2.694716079187273e-18,-3.4492365813597093e-17,0.6965318261616176,0.24619890532852726,1.0,1.0,1.0,1.0,1.0,1.0,1.0,1.0171152829673967e-16,-0.024264698273398347,-0.9997055688640035,0.9991836108525999,0.8866850746975368
near full/714300.jpg,near full,32,32,RGB,3fd7c55573cfceb0574cd8d008fc1d795fc4c0fe87322f6d7929d3d1da9b9f3d,0f1f274d1f35370f,dup_0619,test,0.9987864077669902,0.001058284012072277,0.0006663269705640073,0.6961275763416797,0.2460749775208089,1.0,1.0,0.9977678571428571,0.9975728155339806,1.0,0.9975728155339806,1.0,0.0023639590206046266,-0.9017681728880204,-0.43222003929272124,0.9991448812711918,0.8869573996027482
near full/719319.jpg,near full,32,32,RGB,807295ce7b424688d3c2e61de9c6d86069cb0da35b961421c06944996dfb5531,0f0f0f2f1f1f070f,dup_0620,train,0.9927184466019418,-0.00023661172016720594,-0.005442069563845749,0.6942076041198548,0.24558814841938512,1.0,1.0,0.9866071428571429,0.9951456310679612,0.9902912621359223,1.0,0.9854368932038835,0.004393962998601344,-0.8874386536728316,0.4609258464952383,0.9993356725658149,0.8883024263804546
near full/720931.jpg,near full,32,32,RGB,4de7d75aabb0d5219eccb63c40a04bc32652bad92e86a5b6bc124f0def9b48c7,0f0f2d242d1d130f,dup_0621,train,0.9890776699029126,-0.002018602810211755,-0.0009103502869582516,0.6933569654133837,0.24565497820406068,1.0,1.0,0.9799107142857143,0.9951456310679612,0.9830097087378641,0.9902912621359223,0.9878640776699029,0.008898124955950295,0.7348696075361271,0.6782084192338654,0.9991442609374378,0.8890957083296698
near full/721584.jpg,near full,32,32,RGB,d51893de6bb62a335a57399b566b4a1ebce11f88fb72c5e671ed2d408b9f26f2,0f070f05132b170f,dup_0622,train,0.9987864077669902,0.001058284012072277,0.0006663269705640073,0.6961275763416797,0.2460749775208089,1.0,1.0,0.9977678571428571,0.9975728155339806,1.0,0.9975728155339806,1.0,0.0023639590206046266,-0.9017681728880204,-0.43222003929272124,0.9991448812711918,0.8869573996027482
near full/722305.jpg,near full,32,32,RGB,687c96745890648435590a47eb0df68d406a1bdad300dd90e8c47cbd6738b195,0f07470737271f0f,dup_0623,train,0.9927184466019418,0.0018140231879485737,0.005915293004180146,0.6941564392631573,0.24552557017466256,1.0,1.0,0.9866071428571429,0.9902912621359223,0.9951456310679612,0.9854368932038835,1.0,0.005702827640978658,-0.6603823726045029,0.7509295053154107,0.9990806659462876,0.8883024263804546
near full/725799.jpg,near full,32,32,RGB,d95825da1a683e5ffc432ad47e8e969582eadb673b8c558e1390fe2bb7b5b463,0f0709092909070f,dup_0624,train,0.9890776699029126,-0.00550168216900851,0.00075202849792204,0.6934948009992448,0.2458271692325802,1.0,1.0,0.9799107142857143,0.9927184466019418,0.9854368932038835,0.9927184466019418,0.9854368932038835,0.013051059552591782,-0.9598993456217377,-0.2803448702490554,0.9989550312111407,0.8890957083296698
near full/728366.jpg,near full,32,32,RGB,787882bc4f57c0d057ebea394a1459972c83d62bb96a199f6f96fd6f8dcfddcd,0f0f0f031317070f,dup_0625,test,0.9963592233009708,0.0027110919020863645,-0.0024753447801658425,0.6953958070223784,0.2459285782047948,1.0,1.0,0.9933035714285714,0.9927184466019418,1.0,1.0,0.9927184466019418,0.006767085892988361,0.9958308285826335,-0.0912193008328039,0.9992011600393486,0.8874987672817549
near full/728367.jpg,near full,32,32,RGB,0047d1404e60e6e2bf42b6da8abeb3d783df18f45d1ad99d4b692a35b23edd7f,0707034f0303070f,dup_0626,test,0.9854368932038835,-0.006832989035436195,-0.008422056252979506,0.6919394382016412,0.24506556114697922,1.0,1.0,0.9732142857142857,0.9951456310679612,0.9757281553398058,1.0,0.970873786407767,0.017960401834047967,-0.9210106850931479,-0.3895373126470048,0.9990442880618194,0.8898782588421328
near full/728522.jpg,near full,32,32,RGB,9cebf117bd964f484be6a05be8ec7b1787a923e46833fcd0fb3c6703003713bb,0f274949524b0b0f,dup_0627,val,1.0,-2.694716079187273e-18,-3.4492365813597093e-17,0.6965318261616176,0.24619890532852726,1.0,1.0,1.0,1.0,1.0,1.0,1.0,1.0171152829673967e-16,-0.024264698273398347,-0.9997055688640035,0.9991836108525999,0.8866850746975368
near full/728558.jpg,near full,32,32,RGB,8f199c703a9a7cef7e9ff67f429a783a504ae0838ea29e47534a821e8b63d8ef,0f334f0f2d65070f,dup_0628,train,1.0,-2.694716079187273e-18,-3.4492365813597093e-17,0.6965318261616176,0.24619890532852726,1.0,1.0,1.0,1.0,1.0,1.0,1.0,1.0171152829673967e-16,-0.024264698273398347,-0.9997055688640035,0.9991836108525999,0.8866850746975368
near full/728614.jpg,near full,32,32,RGB,1d1ea0c46157e36c92f20f543edb9b04f6a2c956dc79dd4538b8b09000d3b4e3,0f1b0ddc4c4d1b0f,dup_0629,test,1.0,-2.694716079187273e-18,-3.4492365813597093e-17,0.6965318261616176,0.24619890532852726,1.0,1.0,1.0,1.0,1.0,1.0,1.0,1.0171152829673967e-16,-0.024264698273398347,-0.9997055688640035,0.9991836108525999,0.8866850746975368
near full/728622.jpg,near full,32,32,RGB,17acb6b899a25a5dcae98dd6276edaab105e4cbe940a18944a9b40bf028aac5f,07036524244d130f,dup_0630,train,1.0,-2.694716079187273e-18,-3.4492365813597093e-17,0.6965318261616176,0.24619890532852726,1.0,1.0,1.0,1.0,1.0,1.0,1.0,1.0171152829673967e-16,-0.024264698273398347,-0.9997055688640035,0.9991836108525999,0.8866850746975368
near full/728653.jpg,near full,32,32,RGB,af9818d5172494373047a808f6cde18e1fa31ea878892033b0eafe6e1f886dd5,0f0b658451212b0f,dup_0631,train,1.0,-2.694716079187273e-18,-3.4492365813597093e-17,0.6965318261616176,0.24619890532852726,1.0,1.0,1.0,1.0,1.0,1.0,1.0,1.0171152829673967e-16,-0.024264698273398347,-0.9997055688640035,0.9991836108525999,0.8866850746975368
near full/728673.jpg,near full,32,32,RGB,4daec86827112ea02f80d1d3f877db38251e96cd120cf54d79e10a9e86a58fec,0f2f732149451b0f,dup_0632,train,1.0,-2.694716079187273e-18,-3.4492365813597093e-17,0.6965318261616176,0.24619890532852726,1.0,1.0,1.0,1.0,1.0,1.0,1.0,1.0171152829673967e-16,-0.024264698273398347,-0.9997055688640035,0.9991836108525999,0.8866850746975368
near full/728696.jpg,near full,32,32,RGB,89dda8cc8c0b62dc74559ddffbcc97004479f9e8cad45bebd80fe2bf0a615a53,0f27410b1145070f,dup_0633,train,1.0,-2.694716079187273e-18,-3.4492365813597093e-17,0.6965318261616176,0.24619890532852726,1.0,1.0,1.0,1.0,1.0,1.0,1.0,1.0171152829673967e-16,-0.024264698273398347,-0.9997055688640035,0.9991836108525999,0.8866850746975368
near full/728725.jpg,near full,32,32,RGB,0fe7acfab0b7d4a09bba53ba33c3d829f59a8d8feb30f3530326c6da3e1dd410,0f335148c163130f,dup_0634,train,1.0,-2.694716079187273e-18,-3.4492365813597093e-17,0.6965318261616176,0.24619890532852726,1.0,1.0,1.0,1.0,1.0,1.0,1.0,1.0171152829673967e-16,-0.024264698273398347,-0.9997055688640035,0.9991836108525999,0.8866850746975368
near full/728751.jpg,near full,32,32,RGB,b87bb3698a9e95e4dfe98c880331dfe9032a6c581b9ea027a8402509935ca9d3,0f27251a0929270f,dup_0635,test,1.0,-2.694716079187273e-18,-3.4492365813597093e-17,0.6965318261616176,0.24619890532852726,1.0,1.0,1.0,1.0,1.0,1.0,1.0,1.0171152829673967e-16,-0.024264698273398347,-0.9997055688640035,0.9991836108525999,0.8866850746975368
near full/728764.jpg,near full,32,32,RGB,dbf548dbb01f3a0e57576cd8e9bf8f4edd83f7e2a65a41dd8cffa6c0c960409b,0f0b4500030b070f,dup_0636,train,1.0,-2.694716079187273e-18,-3.4492365813597093e-17,0.6965318261616176,0.24619890532852726,1.0,1.0,1.0,1.0,1.0,1.0,1.0,1.0171152829673967e-16,-0.024264698273398347,-0.9997055688640035,0.9991836108525999,0.8866850746975368
near full/728771.jpg,near full,32,32,RGB,3afef8e630048aea82bbfa75471ec4a4f2b1fe5d60e054b19cb77348ae9a4120,1733256c444d330f,dup_0637,train,1.0,-2.694716079187273e-18,-3.4492365813597093e-17,0.6965318261616176,0.24619890532852726,1.0,1.0,1.0,1.0,1.0,1.0,1.0,1.0171152829673967e-16,-0.024264698273398347,-0.9997055688640035,0.9991836108525999,0.8866850746975368
near full/728797.jpg,near full,32,32,RGB,a29594ed6ca21ad67559085956f33b417714c6d997bb696d0d0801e748c7712e,0f0365c85949330f,dup_0638,train,1.0,-2.694716079187273e-18,-3.4492365813597093e-17,0.6965318261616176,0.24619890532852726,1.0,1.0,1.0,1.0,1.0,1.0,1.0,1.0171152829673967e-16,-0.024264698273398347,-0.9997055688640035,0.9991836108525999,0.8866850746975368
near full/728823.jpg,near full,32,32,RGB,d53401796fbeca281062083bb5c96e72d5c457a08cc4e5d58f60d1fd1d5b766b,0f2751180113070f,dup_0639,train,1.0,-2.694716079187273e-18,-3.4492365813597093e-17,0.6965318261616176,0.24619890532852726,1.0,1.0,1.0,1.0,1.0,1.0,1.0,1.0171152829673967e-16,-0.024264698273398347,-0.9997055688640035,0.9991836108525999,0.8866850746975368
near full/728829.jpg,near full,32,32,RGB,45cdb05e7bcb1fe077c096358c13134ea5e22c6de83d62bbdb6b0ec4e8d180b4,0f0b4986c20b330f,dup_0640,val,1.0,-2.694716079187273e-18,-3.4492365813597093e-17,0.6965318261616176,0.24619890532852726,1.0,1.0,1.0,1.0,1.0,1.0,1.0,1.0171152829673967e-16,-0.024264698273398347,-0.9997055688640035,0.9991836108525999,0.8866850746975368
near full/728843.jpg,near full,32,32,RGB,9bf6c263e3e41860ea7b31f5d72b2b9add3bdeab0d0bf1ccf90f719e0a65cdd4,0f0343450115070f,dup_0641,val,1.0,-2.694716079187273e-18,-3.4492365813597093e-17,0.6965318261616176,0.24619890532852726,1.0,1.0,1.0,1.0,1.0,1.0,1.0,1.0171152829673967e-16,-0.024264698273398347,-0.9997055688640035,0.9991836108525999,0.8866850746975368
near full/728882.jpg,near full,32,32,RGB,e1eeff5a212b6df606f380700416230fc1a53d1cfe28bddfa97ac3cf324dd6d4,0f3311c440492b0f,dup_0642,train,0.9987864077669902,-0.0007447183788656741,-0.0009798926037706333,0.696147388803204,0.24610113825293928,1.0,1.0,0.9977678571428571,1.0,0.9975728155339806,1.0,0.9975728155339806,0.0022894797669479453,-0.9634888438134123,0.2677484787017363,0.999213368733367,0.8869573996027482
near full/728908.jpg,near full,32,32,RGB,ff712a5b085e47de4a24cb4687ea9a2becd4190230438a94960a974c7ff7a3e2,0f2341882d25270f,dup_0643,val,1.0,-2.694716079187273e-18,-3.4492365813597093e-17,0.6965318261616176,0.24619890532852726,1.0,1.0,1.0,1.0,1.0,1.0,1.0,1.0171152829673967e-16,-0.024264698273398347,-0.9997055688640035,0.9991836108525999,0.8866850746975368
near full/728933.jpg,near full,32,32,RGB,58da806a11473f9c078b7e0bda54c9420a4e0aa688472ac62b473b6e497e77df,0f1f2d496543130f,dup_0644,train,1.0,-2.694716079187273e-18,-3.4492365813597093e-17,0.6965318261616176,0.24619890532852726,1.0,1.0,1.0,1.0,1.0,1.0,1.0,1.0171152829673967e-16,-0.024264698273398347,-0.9997055688640035,0.9991836108525999,0.8866850746975368
near full/728961.jpg,near full,32,32,RGB,6606fa4386490d70397044b56972081035d6f4a3e66d5ce9a85b34d0b14f9d85,0f1363c4254d330f,dup_0645,train,1.0,-2.694716079187273e-18,-3.4492365813597093e-17,0.6965318261616176,0.24619890532852726,1.0,1.0,1.0,1.0,1.0,1.0,1.0,1.0171152829673967e-16,-0.024264698273398347,-0.9997055688640035,0.9991836108525999,0.8866850746975368
near full/728980.jpg,near full,32,32,RGB,8cc77d345286c5ac52727067b77b76904310a4b329e2f9b560b309b89a8c8e17,0f070d81c3412b0f,dup_0646,test,0.9975728155339806,-0.0021191429244172334,-0.0012557883996546916,0.6957471090719725,0.24598289980332974,1.0,1.0,0.9955357142857143,1.0,0.9951456310679612,1.0,0.9951456310679612,0.004530575585023254,-0.8764780948509916,-0.4814417402410973,0.9991006740939615,0.8872286345798474
near full/728991.jpg,near full,32,32,RGB,8c3b589e202d12163517faf42407e21c1ab257deaf6ca16b74d47b9fa8b061c6,0f0b5144c4690b0f,dup_0647,val,1.0,-2.694716079187273e-18,-3.4492365813597093e-17,0.6965318261616176,0.24619890532852726,1.0,1.0,1.0,1.0,1.0,1.0,1.0,1.0171152829673967e-16,-0.024264698273398347,-0.9997055688640035,0.9991836108525999,0.8866850746975368
near full/730420.jpg,near full,32,32,RGB,3df59335e084bbcf0c72cc4e26eda69e678400a1d3ebfe942ea95e3af994d720,0f3b11b38d77370f,dup_0648,train,0.9987864077669902,0.0005095441539607282,-0.0011366754203739637,0.6961324999140915,0.24608160168730797,1.0,1.0,0.9977678571428571,0.9975728155339806,1.0,1.0,0.9975728155339806,0.0023453381694931077,0.7465346534653622,0.6653465346534477,0.9991448812711918,0.8869573996027482
near full/731778.jpg,near full,32,32,RGB,aed205b96c887b25ae4412749f03d6c1ac1d50976603b9f5cf4d81fc07e00020,0f1b1b030303070f,dup_0649,test,1.0,-2.694716079187273e-18,-3.4492365813597093e-17,0.6965318261616176,0.24619890532852726,1.0,1.0,1.0,1.0,1.0,1.0,1.0,1.0171152829673967e-16,-0.024264698273398347,-0.9997055688640035,0.9991836108525999,0.8866850746975368
near full/733946.jpg,near full,32,32,RGB,04403a2ecb73a03ee39807d1878d928b49cc61ef80deeccbb8bc38705d56b9de,0f0701112303070f,dup_0650,train,1.0,-2.694716079187273e-18,-3.4492365813597093e-17,0.6965318261616176,0.24619890532852726,1.0,1.0,1.0,1.0,1.0,1.0,1.0,1.0171152829673967e-16,-0.024264698273398347,-0.9997055688640035,0.9991836108525999,0.8866850746975368
near full/735863.jpg,near full,32,32,RGB,3837a7c45d616a6be5b427ca38f0cf095315a998dc1fa1ceecefd78e39c59c68,17133322454d1b0f,dup_0651,train,1.0,-2.694716079187273e-18,-3.4492365813597093e-17,0.6965318261616176,0.24619890532852726,1.0,1.0,1.0,1.0,1.0,1.0,1.0,1.0171152829673967e-16,-0.024264698273398347,-0.9997055688640035,0.9991836108525999,0.8866850746975368
near full/736049.jpg,near full,32,32,RGB,23da78fbeef05e80b24eb84dd9c719597356baca2800f1876ac831e6246d1fbb,0707130505070f0f,dup_0652,val,0.9890776699029126,-0.0038393033841282414,-0.004630912329309364,0.6932026011249971,0.2454876547549786,1.0,1.0,0.9799107142857143,0.9951456310679612,0.9830097087378641,0.9951456310679612,0.9830097087378641,0.00730374520495217,-0.32516508161774216,0.9456572686214214,0.9989595656244667,0.8890957083296698
near full/736609.jpg,near full,32,32,RGB,b3fdc0426e633846a8657acf09b1482ef796b2d31b71f8138f50419e82bc6ed7,0f171d4e28672b0f,dup_0653,train,1.0,-2.694716079187273e-18,-3.4492365813597093e-17,0.6965318261616176,0.24619890532852726,1.0,1.0,1.0,1.0,1.0,1.0,1.0,1.0171152829673967e-16,-0.024264698273398347,-0.9997055688640035,0.9991836108525999,0.8866850746975368
near full/737032.jpg,near full,32,32,RGB,605d336ce0579c651fbfb520d543e581946bccad546f6b0226211c1a42c89e6f,1f1b11180b190f0f,dup_0654,train,0.9805825242718447,-0.005190035132545517,-0.004391568189076953,0.6905966957764996,0.24492035882990318,1.0,1.0,0.9642857142857143,0.9878640776699029,0.9733009708737864,0.9854368932038835,0.9757281553398058,0.013920869901385378,0.9065057278426227,0.42219351651643916,0.9991748439366429,0.8909043331665394
near full/754937.jpg,near full,32,32,RGB,ba29ed77aab1994c39ff5f2f9b37663349df830b2e1631d16f8783438c5eed1a,0f6b45e3c373330f,dup_0655,val,0.9987864077669902,-0.000666326970564025,-0.0010582840120722814,0.6961275763416794,0.2460749775208089,1.0,1.0,0.9977678571428571,1.0,0.9975728155339806,1.0,0.9975728155339806,0.0023639590206046266,-0.90176817288802,0.43222003929272196,0.999213368733367,0.8869573996027482
near full/754940.jpg,near full,32,32,RGB,0c769dde49e7c160e8a8994b54ea7725dcacf4574544683765e9adbe1ee85f20,0f2753456373130f,dup_0656,val,1.0,-2.694716079187273e-18,-3.4492365813597093e-17,0.6965318261616176,0.24619890532852726,1.0,1.0,1.0,1.0,1.0,1.0,1.0,1.0171152829673967e-16,-0.024264698273398347,-0.9997055688640035,0.9991836108525999,0.8866850746975368
near full/754941.jpg,near full,32,32,RGB,cfb19e15945071f7f6fab317dbc33c86ba5f31ba050c0100d349ccb3be62fd9d,0f474f696363070f,dup_0657,train,1.0,-2.694716079187273e-18,-3.4492365813597093e-17,0.6965318261616176,0.24619890532852726,1.0,1.0,1.0,1.0,1.0,1.0,1.0,1.0171152829673967e-16,-0.024264698273398347,-0.9997055688640035,0.9991836108525999,0.8866850746975368
near full/754944.jpg,near full,32,32,RGB,3eb7e36e608053649ccad3a50b68e1dcb560f4670feccb4bbc19284d5b30294b,0f13395953732b0f,dup_0658,train,0.9951456310679612,-0.0017309205350118013,0.004405979543666417,0.6951891023654866,0.24604038849449553,1.0,1.0,0.9910714285714286,1.0,0.9902912621359223,0.9902912621359223,1.0,0.008469220640111585,0.6800292769478009,0.7331849579020637,0.9989954916594412,0.8877677852363122
near full/759074.jpg,near full,32,32,RGB,a2ed52cb70814b0759102b8552fcfd70073782dc0cc975f54c3e8a62b69d5cf8,0f0703030303070f,dup_0606,train,1.0,-2.694716079187273e-18,-3.4492365813597093e-17,0.6965318261616176,0.24619890532852726,1.0,1.0,1.0,1.0,1.0,1.0,1.0,1.0171152829673967e-16,-0.024264698273398347,-0.9997055688640035,0.9991836108525999,0.8866850746975368
near full/759433.jpg,near full,32,32,RGB,754e21a5dd97da9ea9e08ae4edcc7e2f304aff0924a988031088760c630885e2,0f1f3b6f777b2f0f,dup_0659,val,0.9939320388349514,0.00035448422545196706,0.004687069203198206,0.6947080177205025,0.24583086821705794,1.0,1.0,0.9888392857142857,0.9951456310679612,0.9927184466019418,0.9878640776699029,1.0,0.002907860812029915,0.37285237563561263,0.9278906756632918,0.9989716299014268,0.8880356758448034
near full/762928.jpg,near full,32,32,RGB,bacfc2f34e030c76db84acc71da7a534002ced7683169a4c1a6a018dc5c7151d,0707133333070b0f,dup_0660,train,0.991504854368932,-0.006672720811781894,-0.0005132862162909003,0.6939640160956407,0.24567261213426855,1.0,1.0,0.984375,1.0,0.9830097087378641,0.9902912621359223,0.9927184466019418,0.004051527772544686,-0.034446624068840005,-0.9994065389471194,0.9992486630037809,0.8885680239869138
near full/762971.jpg,near full,32,32,RGB,1fe4a30e5bc2213c689b27d88c22d5034269112c2ad2e9bdd6c8971e42d7aa5e,070713313103070f,dup_0661,test,0.9781553398058253,-0.0013607620267349738,0.0011206275514288036,0.6897411470920127,0.24464256625068426,1.0,1.0,0.9598214285714286,0.9830097087378641,0.9733009708737864,0.9733009708737864,0.9830097087378641,0.019702663522375857,-0.9999994641570118,-0.0010352225313034708,0.9989745970200549,0.8914096929572992
near full/762988.jpg,near full,32,32,RGB,3bb1ac205bb1f68bf375ae2baceb9da92909fd3328c04f99e0d79e11902f5afd,0f1f475b1b172717,dup_0662,train,0.9963592233009708,0.0027110919020863623,-0.0009822796746690131,0.6953958070223784,0.2459285782047948,1.0,1.0,0.9933035714285714,0.9927184466019418,1.0,0.9975728155339806,0.9951456310679612,0.002381494047365696,0.9647455610644037,-0.26318435061099066,0.9991379293995551,0.8874987672817549
near full/763059.jpg,near full,32,32,RGB,2f9185123e91b37efa13a12d2cfc268a5bc74a251c282740298fe60f2ffd65e2,0f0f27733333330f,dup_0663,val,1.0,-2.694716079187273e-18,-3.4492365813597093e-17,0.6965318261616176,0.24619890532852726,1.0,1.0,1.0,1.0,1.0,1.0,1.0,1.0171152829673967e-16,-0.024264698273398347,-0.9997055688640035,0.9991836108525999,0.8866850746975368
near full/763084.jpg,near full,32,32,RGB,9e23defef8b9a55bc4118012395b2a32ab7e7b9af489b02dc64f459763990e06,0f0703030307270f,dup_0606,train,1.0,-2.694716079187273e-18,-3.4492365813597093e-17,0.6965318261616176,0.24619890532852726,1.0,1.0,1.0,1.0,1.0,1.0,1.0,1.0171152829673967e-16,-0.024264698273398347,-0.9997055688640035,0.9991836108525999,0.8866850746975368
near full/763085.jpg,near full,32,32,RGB,169e00c4fc4f033327204ecabb153695252d9f53fddb33d7846700e962ccb113,0f1f0f3733133317,dup_0664,train,0.9927184466019418,0.0034703052291190158,0.0009464468806687956,0.6943961531390439,0.24582160635351016,1.0,1.0,0.9866071428571429,0.9902912621359223,0.9951456310679612,0.9927184466019418,0.9927184466019418,0.006450592492256364,0.9997871713655181,-0.020630365312718384,0.999144758074826,0.8883024263804546
near full/763098.jpg,near full,32,32,RGB,e4824a890b3087ae06f9467e17301ee35886543f1209ddbcb87b577f7dbf42ce,0f0737333333330f,dup_0663,val,0.9927184466019418,0.006703998738070824,0.0007887057338906977,0.6945149326227991,0.24596210178926733,1.0,1.0,0.9866071428571429,0.9854368932038835,1.0,0.9902912621359223,0.9951456310679612,0.010237947864970542,-0.24546516984251435,-0.969405410751449,0.9990559106315694,0.8883024263804546
near full/763120.jpg,near full,32,32,RGB,e1c1533252e670cec7e4587685e3f76a9c3abc92f578f1550048079df016c340,070703133703070f,dup_0665,val,0.9830097087378641,-0.013142174432497015,-0.003663878932696138,0.6913861737790006,0.2451373612514929,1.0,1.0,0.96875,1.0,0.9660194174757282,0.9854368932038835,0.9805825242718447,0.010085158312692882,-0.7357434783069582,-0.677260314892862,0.9992404675842076,0.8903938173461527
near full/763121.jpg,near full,32,32,RGB,091b6be8428379ddd799cc2cf28525cbb645687a9b3d4a9d5d0b144bc8cb23d8,0f0f07733317331f,dup_0666,train,0.9963592233009708,0.0031825861459274696,-0.0012966091705630752,0.6956358123817953,0.2461979588609919,1.0,1.0,0.9933035714285714,0.9927184466019418,1.0,1.0,0.9927184466019418,0.0059440177336140725,0.7003878447513536,-0.713762472342553,0.9992589163277379,0.8874987672817549
near full/763147.jpg,near full,32,32,RGB,7464befeadfc6607c571c338a55985d8b4cec8d3ab6a04b56cd257d5a59b45b0,0727137133470f0f,dup_0667,train,0.9963592233009708,-0.001768103414404147,-0.0032611685199009973,0.6953611043816813,0.24588239238937057,1.0,1.0,0.9933035714285714,1.0,0.9927184466019418,1.0,0.9927184466019418,0.006926126022154627,-0.8380267380476151,0.545629165566939,0.9992589163277379,0.8874987672817549
near full/763166.jpg,near full,32,32,RGB,d7533c5ccccd2eb69dd8e88c80a828b63be3e063ae577cc706c09ede73cda828,0f0f1f1f1b571f1f,dup_0668,test,0.9757281553398058,0.013882201893757025,0.0011234151821537509,0.6891601454964581,0.24467538680127754,1.0,1.0,0.9553571428571429,0.9563106796116505,0.9951456310679612,0.9781553398058253,0.9733009708737864,0.011043999546015237,-0.535763242720894,-0.8443682536365235,0.9991833700149314,0.8919097810066157
near full/763207.jpg,near full,32,32,RGB,b6f75232e4a769166c4cf5700643db998a39f651b1e2868406c3fd2b8da30ce3,0703233333030f0f,dup_0669,train,0.9805825242718447,-0.013813478122005752,0.004311721494730136,0.690792924398661,0.24516610768989866,1.0,1.0,0.9642857142857143,1.0,0.9611650485436893,0.9757281553398058,0.9854368932038835,0.010811636601363884,0.9883679275826543,-0.1520816876746469,0.9989667641319675,0.8909043331665394
near full/763251.jpg,near full,32,32,RGB,d026de4071b53fd14b37901823fa39d345c1ef65abf02aed3b37129ccbbae772,1f07173333170707,dup_0670,val,0.9927184466019418,-0.0014985408943923053,0.0065462575912927454,0.6942267758105873,0.24561683045395033,1.0,1.0,0.9866071428571429,0.9951456310679612,0.9902912621359223,0.9854368932038835,1.0,0.009085221608877002,0.5008112687786819,0.8655565106128466,0.9990559106315696,0.8883024263804546
near full/764587.jpg,near full,32,32,RGB,c3820176c366a36dae7adb0d7682ea96041296cfa04e0ca72cdd142f5bcead7d,0f1b0b0b991b1f0f,dup_0671,train,0.9842233009708737,-0.014199912493536452,-0.0033809315460801522,0.6917891964503075,0.24524834682748733,1.0,1.0,0.9709821428571429,1.0,0.9684466019417476,0.9902912621359223,0.9781553398058253,0.02079327689674672,-0.5065781440194687,-0.8621940524045562,0.9987459718235406,0.8901366614363251
near full/764596.jpg,near full,32,32,RGB,49bda5d4e346cb01dd641967a6171c235de95680dfe831d57873ca0218f4f8b5,0f0b033313130b0f,dup_0672,train,0.9890776699029126,-0.008193152582624184,-0.0013061547595488155,0.6930902869824151,0.24534704835569796,1.0,1.0,0.9799107142857143,1.0,0.9781553398058253,0.9878640776699029,0.9902912621359223,0.0031436297328987835,0.18728530498332124,-0.9823055606771777,0.9993918067157205,0.8890957083296698
near full/764601.jpg,near full,32,32,RGB,136c2c3d0eec897598729c3bd460d54e17f787407849327d7ea3d61404b15ecf,0f0f0f1a191b170f,dup_0673,test,0.991504854368932,-0.007067556362774903,-0.004698543056816876,0.6938988193638719,0.24558716480070286,1.0,1.0,0.984375,1.0,0.9830097087378641,1.0,0.9830097087378641,0.015248162479790613,-0.9205209913649793,-0.39069310776674276,0.998996125783087,0.8885680239869138
near full/767647.jpg,near full,32,32,RGB,f2d85dc05203b4a0ca8f5e35bb8f9b8f45eeb7372c2c9a9ae3d06b561c495114,0f0703431303070f,dup_0606,train,1.0,-2.694716079187273e-18,-3.4492365813597093e-17,0.6965318261616176,0.24619890532852726,1.0,1.0,1.0,1.0,1.0,1.0,1.0,1.0171152829673967e-16,-0.024264698273398347,-0.9997055688640035,0.9991836108525999,0.8866850746975368
near full/773912.jpg,near full,32,32,RGB,ea8752fd3b1d1094dc9fcaed9bcf54a866aa201e9d7db419691cc6e3534dd005,0f1b5b53095b070f,dup_0674,train,1.0,-2.694716079187273e-18,-3.4492365813597093e-17,0.6965318261616176,0.24619890532852726,1.0,1.0,1.0,1.0,1.0,1.0,1.0,1.0171152829673967e-16,-0.024264698273398347,-0.9997055688640035,0.9991836108525999,0.8866850746975368
near full/774282.jpg,near full,32,32,RGB,6d11bb57a4da14d4a43d7e2c92b540c5742b2341c01cc5d2a269f19c5e1925f1,0f0f01195351070f,dup_0675,train,1.0,-2.694716079187273e-18,-3.4492365813597093e-17,0.6965318261616176,0.24619890532852726,1.0,1.0,1.0,1.0,1.0,1.0,1.0,1.0171152829673967e-16,-0.024264698273398347,-0.9997055688640035,0.9991836108525999,0.8866850746975368
near full/794205.jpg,near full,32,32,RGB,92bd3b76edd6a96fbb3c4d357783e912ee93ebf17c01324117d6732dffa6c958,0f0707050103070f,dup_0606,train,1.0,-2.694716079187273e-18,-3.4492365813597093e-17,0.6965318261616176,0.24619890532852726,1.0,1.0,1.0,1.0,1.0,1.0,1.0,1.0171152829673967e-16,-0.024264698273398347,-0.9997055688640035,0.9991836108525999,0.8866850746975368
near full/798201.jpg,near full,32,32,RGB,b149282641195f5d4d743643c5f803f85ca45def97ef6c243294031c334e666a,0f3b6d1f0b43230f,dup_0676,train,0.9854368932038835,-0.0038137613221039274,0.008739869696488193,0.6923937511177853,0.24560158155693138,1.0,1.0,0.9732142857142857,0.9951456310679612,0.9757281553398058,0.9757281553398058,0.9951456310679612,0.02428035262363231,0.9095920959579337,0.41550236939258633,0.9986078825090691,0.8898782588421328
near full/802395.jpg,near full,32,32,RGB,54dec338c956e222de79da98737a86e4afa568a78626cc319b88c20c48f8ac17,0f1733711327070f,dup_0677,test,1.0,-2.694716079187273e-18,-3.4492365813597093e-17,0.6965318261616176,0.24619890532852726,1.0,1.0,1.0,1.0,1.0,1.0,1.0,1.0171152829673967e-16,-0.024264698273398347,-0.9997055688640035,0.9991836108525999,0.8866850746975368
near full/802580.jpg,near full,32,32,RGB,6407a59a92c344aac1198f1b9c775c7f7bcca60e4096ff03f830a75842eb0680,0f1b273111230f0f,dup_0678,train,1.0,-2.694716079187273e-18,-3.4492365813597093e-17,0.6965318261616176,0.24619890532852726,1.0,1.0,1.0,1.0,1.0,1.0,1.0,1.0171152829673967e-16,-0.024264698273398347,-0.9997055688640035,0.9991836108525999,0.8866850746975368
near full/803446.jpg,near full,32,32,RGB,fc352a90e1e63da80d9cd6fb9f338c633e70783fb4b55394c768d2989ac4eba8,0f131d311123070f,dup_0679,train,0.9987864077669902,-0.0011366754203739277,-0.00035276133735745013,0.6961880027660792,0.2461506493082993,1.0,1.0,0.9977678571428571,1.0,0.9975728155339806,1.0,0.9975728155339806,0.0021405544591620563,-0.5661605206073941,-0.824295010845974,0.9991448812711918,0.8869573996027482
near full/803937.jpg,near full,32,32,RGB,4a18d6950370d4351448d855e88588ea87a4030dc0fc8607bd3aa6f040380ee3,0f0b191d0f2f1f0f,dup_0680,test,0.9927184466019418,-0.0037857875226752903,-0.0024449877750611247,0.6944334127887979,0.24586124701603584,1.0,1.0,0.9866071428571429,1.0,0.9854368932038835,0.9951456310679612,0.9902912621359223,0.006249654605937598,-0.446564177881351,0.8947516052140689,0.9991971799190948,0.8883024263804546
near full/804485.jpg,near full,32,32,RGB,f16df90b8ef487f465d2da8ff1f2af8ad341b7d5cbc1c221e0e60c7377d759ec,0f0b4d1b450d170f,dup_0681,train,1.0,-2.694716079187273e-18,-3.4492365813597093e-17,0.6965318261616176,0.24619890532852726,1.0,1.0,1.0,1.0,1.0,1.0,1.0,1.0171152829673967e-16,-0.024264698273398347,-0.9997055688640035,0.9991836108525999,0.8866850746975368
near full/808161.jpg,near full,32,32,RGB,83dfdb95a05a686bf6822977873559581c8e9e132598dd53ca222fd231258f14,0f2305260103170f,dup_0682,test,1.0,-2.694716079187273e-18,-3.4492365813597093e-17,0.6965318261616176,0.24619890532852726,1.0,1.0,1.0,1.0,1.0,1.0,1.0,1.0171152829673967e-16,-0.024264698273398347,-0.9997055688640035,0.9991836108525999,0.8866850746975368
near full/809008.jpg,near full,32,32,RGB,38639ad3ea5a4845b4e433428894261ac6a12b555a33aa53d1a40e54cc47dbc2,0f13131113031f0f,dup_0683,train,1.0,-2.694716079187273e-18,-3.4492365813597093e-17,0.6965318261616176,0.24619890532852726,1.0,1.0,1.0,1.0,1.0,1.0,1.0,1.0171152829673967e-16,-0.024264698273398347,-0.9997055688640035,0.9991836108525999,0.8866850746975368
near full/809106.jpg,near full,32,32,RGB,d51c9835bed5da173d72ed76e41c820c52e264695dfdcb1d1f9a63deb904167e,171703838303070f,dup_0684,train,0.9842233009708737,-0.012529334553120402,0.004494650173024156,0.6919661745203439,0.24546049916852317,1.0,1.0,0.9709821428571429,1.0,0.9684466019417476,0.9757281553398058,0.9927184466019418,0.015461852511464593,0.8176547763329514,-0.5757088385111969,0.9991432299098439,0.8901366614363251
near full/809157.jpg,near full,32,32,RGB,4a40c77f861c89cfc1e3e139ba6390b737f4cd1f3bb78b2403c38038c63c7654,0f0303170307130f,dup_0685,train,0.9975728155339806,-0.0010988148496978265,0.0018051958245035545,0.6961121661333344,0.24634962369256588,1.0,1.0,0.9955357142857143,1.0,0.9951456310679612,0.9951456310679612,1.0,0.003372513065751025,0.8888369371963228,0.4582236343484043,0.9991006740939615,0.8872286345798474
near full/810073.jpg,near full,32,32,RGB,a188a21cc7930ec2533204f5095433183f534a682c12de215141b5cbb801a3db,0f07030b0717070f,dup_0686,train,1.0,-2.694716079187273e-18,-3.4492365813597093e-17,0.6965318261616176,0.24619890532852726,1.0,1.0,1.0,1.0,1.0,1.0,1.0,1.0171152829673967e-16,-0.024264698273398347,-0.9997055688640035,0.9991836108525999,0.8866850746975368
near full/810407.jpg,near full,32,32,RGB,2d00f508737badc866883bbb9c1d7c52e529a24b2dff32af41967949664daa0c,0f1f03172b170717,dup_0687,train,0.9769417475728155,0.005409737527549585,0.018713684632338207,0.6897794467101072,0.2450433629663222,1.0,1.0,0.9575892857142857,0.9684466019417476,0.9854368932038835,0.9538834951456311,1.0,0.01998487589032562,-0.6149248839618219,0.7885856878517007,0.9988010209966783,0.8916604032756271
near full/810979.jpg,near full,32,32,RGB,b04bf846632ee316845f0ff3076d1430e12ae82c0ab18f4dd5931f7a76f58db2,0f174b0b014d1f0f,dup_0688,train,1.0,-2.694716079187273e-18,-3.4492365813597093e-17,0.6965318261616176,0.24619890532852726,1.0,1.0,1.0,1.0,1.0,1.0,1.0,1.0171152829673967e-16,-0.024264698273398347,-0.9997055688640035,0.9991836108525999,0.8866850746975368
none/757328.jpg,none,32,32,RGB,792edcc1b57b32ac02f86e98b7c71d32a46d02e3e86d2906966ad899055099ae,1f3b754c0e07230f,dup_0689,train,0.9684466019417476,0.0,0.0037998221359851585,0.6867282163767844,0.24398617880294737,1.0,1.0,0.9419642857142857,0.970873786407767,0.9660194174757282,0.9684466019417476,0.9684466019417476,0.011508480194966017,-0.9216258134327028,0.3880797083261492,0.9990089797196253,0.8933772208610211
none/757329.jpg,none,32,32,RGB,1c5378c2aa37fcd301493eae511ffb1a6b83292c5ed4ea36c290fba303ec310a,072b67d2c8711b1f,dup_0690,train,0.9599514563106796,0.0022429754088332406,0.005423922352269509,0.6838637682997042,0.24314149650619646,1.0,1.0,0.9263392857142857,0.9563106796116505,0.9635922330097088,0.9514563106796117,0.9684466019417476,0.015138931309296591,-0.8579117639045643,0.5137970468523142,0.9991069534770503,0.8950234545352862
none/757330.jpg,none,32,32,RGB,57b5a79f80ee3e413b66e12f7a40697f2de1b531c666469263d3cb50657573c6,0f0f575394253b0f,dup_0691,test,0.962378640776699,-0.003376316967009719,0.009396737582882534,0.6851137441315219,0.24391596955733075,1.0,1.0,0.9308035714285714,0.9660194174757282,0.9587378640776699,0.9514563106796117,0.9733009708737864,0.017663937185804814,-0.8847532870282472,-0.46605967546303784,0.998355903643022,0.8945606265817801
none/757331.jpg,none,32,32,RGB,9176099a7e6c091cc5742ebcf6f03ddda59404b4bb486da62af9e26b006209db,172747c58d2b1b0f,dup_0692,train,0.9939320388349514,-0.005474811926424826,-0.0020875182165505193,0.6949169515612728,0.246067171674113,1.0,1.0,0.9888392857142857,1.0,0.9878640776699029,1.0,0.9878640776699029,0.010392745180507108,-0.6659071129582874,-0.7460346620040912,0.9989343442684359,0.8880356758448034
none/757332.jpg,none,32,32,RGB,bc80ca565ef2450013b89e9ca1fd685f74deb7ccf368572f0f091710f5650be1,173757c64b532b1f,dup_0693,train,0.9975728155339806,0.0009418412997409966,-0.002276116474374107,0.6957621986292156,0.24600197501994334,1.0,1.0,0.9955357142857143,0.9951456310679612,1.0,1.0,0.9951456310679612,0.004587127073813817,0.7071055482288567,0.7071080141420885,0.9991006740939615,0.8872286345798474
none/757334.jpg,none,32,32,RGB,90b3160f07ef5e479b2657eb069ffa3968cb668ce5e3b2377834e47734b3656a,172b354c4c0b3307,dup_0694,train,0.9939320388349514,0.0033479065737130214,0.0038205522076489775,0.6946664675538604,0.2457828902341707,1.0,1.0,0.9888392857142857,0.9878640776699029,1.0,0.9902912621359223,0.9975728155339806,0.006160662828298896,-0.8592664805648981,0.5115282156221821,0.9992550867478948,0.8880356758448034
none/757335.jpg,none,32,32,RGB,d11f828f2571ed83df9c7b3db1dbf89d0f0e4b2887572d7737d8cbc091d71962,0f2b29aeac351317,dup_0695,train,0.9550970873786407,0.009058490798048938,0.001844489076525786,0.6824539792106711,0.24295050391683018,1.0,1.0,0.9174107142857143,0.9441747572815534,0.9660194174757282,0.9538834951456311,0.9563106796116505,0.009816293906013488,-0.38899886011459367,0.9212382356532683,0.9993423664720238,0.8959303085013655
none/757336.jpg,none,32,32,RGB,6709158a8dcb02607bcbb40d2bc6d3545336e984fcba2d4ab2d8ec7ee1d5ee76,0f334f4ccc69270f,dup_0696,train,0.9587378640776699,0.009309922417313187,0.0026133115557370333,0.6836384338086703,0.243234072026031,1.0,1.0,0.9241071428571429,0.9514563106796117,0.9660194174757282,0.9538834951456311,0.9635922330097088,0.010248305912192338,-0.09984299528301897,0.9950032041621348,0.9983723755958225,0.8952525441444097
none/757337.jpg,none,32,32,RGB,03b4edbabb79d00a2062a9fda7f8e542e18d01d88cd9b65e32c6bbc45494a3b2,0f1359169d69331f,dup_0697,train,0.9769417475728155,-0.010779402925265478,-0.0006010819475055282,0.6895454548112132,0.2447733400836959,1.0,1.0,0.9575892857142857,0.9927184466019418,0.9611650485436893,0.9757281553398058,0.9781553398058253,0.013077715684820843,0.9993817785257588,0.035157655648395555,0.9991590257844146,0.8916604032756271
none/757338.jpg,none,32,32,RGB,fdaa92590f1b8389aaf7533c56a41c9145ac16218ac53a713fcaf27854c2680d,0f3b2bbc2a271b0f,dup_0698,train,0.9842233009708737,-0.0005170836482240172,-0.003937790859552189,0.6918376210417316,0.24532100793930045,1.0,1.0,0.9709821428571429,0.9878640776699029,0.9805825242718447,0.9902912621359223,0.9781553398058253,0.013728933773488286,-0.9729387144459086,-0.23106332017943199,0.9992595686062561,0.8901366614363251
none/757339.jpg,none,32,32,RGB,c903b5966bab9ae561d20e9e44800fd1fa1c6865a0682c92733f595a1c0518ee,1f1b1988e94d1b17,dup_0699,train,0.9769417475728155,-0.005810458825886596,0.008294930875576048,0.6897602306249677,0.24503415170410492,1.0,1.0,0.9575892857142857,0.9781553398058253,0.9757281553398058,0.9684466019417476,0.9854368932038835,0.0151109617730088,-0.8794458005071832,-0.47599903778293456,0.9992599727345549,0.8916604032756271
none/757340.jpg,none,32,32,RGB,8787deabf78f3b058b335d96673c88e16343bdcc7a6e81090ec96b761ffdd68b,1f13096ec8590b0f,dup_0700,train,0.9757281553398058,0.011956347295779168,0.003290001604878809,0.6892727961137652,0.24482351365440763,1.0,1.0,0.9553571428571429,0.9587378640776699,0.9927184466019418,0.9684466019417476,0.9830097087378641,0.010599872486335449,-0.08144604767909576,-0.9966777519928166,0.9993107261725289,0.8919097810066157
none/757343.jpg,none,32,32,RGB,a8cca526b96499a38494133f5514fc0b85ced268b9e7b9dec365a3250f3c0e65,0f1747e8690f0b0f,dup_0701,train,0.9684466019417476,-0.004769989489853667,-0.008812353464305926,0.6871503575429906,0.24448600246001936,1.0,1.0,0.9419642857142857,0.970873786407767,0.9660194174757282,0.9854368932038835,0.9514563106796117,0.006886293060936151,0.6535237760521863,-0.7569059876460827,0.9987228204738261,0.8933772208610211
none/757344.jpg,none,32,32,RGB,1d2f9f1081f6528dabdb90a3160c607a30ed70e5816e8f2c7fc7a74b989a9b01,07332baeae17270f,dup_0702,test,0.9684466019417476,0.012773870159269137,-0.004689142210364666,0.686608905322437,0.2438302193845523,1.0,1.0,0.9419642857142857,0.9514563106796117,0.9854368932038835,0.9684466019417476,0.9684466019417476,0.008413699444883781,-0.908857020480488,-0.41710779940361925,0.9988850863992377,0.8933772208610211
none/757345.jpg,none,32,32,RGB,05b820bc0268568e78ab616c7a78d0d3b9028b5268b1e83c1d9d161148159936,1f3b218c92532b0f,dup_0703,val,0.9781553398058253,-0.0049627791563275426,-0.013287440966941533,0.6898747836941918,0.24479343771770248,1.0,1.0,0.9598214285714286,0.9854368932038835,0.970873786407767,0.9951456310679612,0.9611650485436893,0.01137134840885145,-0.7804597874798398,0.6252059821586189,0.9989037025972499,0.8914096929572992
none/757346.jpg,none,32,32,RGB,8d8d6fb77174aa827f5e0c9cc04146398bc5576e183fcf35bca152262e88e2a8,0f3757b0c1271f1f,dup_0704,train,0.9817961165048543,0.0011563459468080849,0.001874077913792398,0.690862662736426,0.24487933251021857,1.0,1.0,0.9665178571428571,0.9805825242718447,0.9830097087378641,0.9805825242718447,0.9830097087378641,0.02542257776920537,-0.9618321675421244,0.2736400582539382,0.9993179420461936,0.8906497126211487
none/757347.jpg,none,32,32,RGB,512659658d1ad8921860d94afe1b32550f2df037d447e9f1f3ed07c8feff5126,070b5b874b5b030f,dup_0705,train,0.9902912621359223,0.002292852624920933,0.001344086021505373,0.6935024365672587,0.2454779136287567,1.0,1.0,0.9821428571428571,0.9854368932038835,0.9951456310679612,0.9902912621359223,0.9902912621359223,0.0070363437927276565,-0.9982077296075822,-0.0598442023229991,0.9991975050709965,0.8888324556767063
none/757348.jpg,none,32,32,RGB,8bcc281c27f338a803d32e551b682916c77c50a473d4918efa731144ab636834,0f2f536ccc010307,dup_0706,train,1.0,-2.694716079187273e-18,-3.4492365813597093e-17,0.6965318261616176,0.24619890532852726,1.0,1.0,1.0,1.0,1.0,1.0,1.0,1.0171152829673967e-16,-0.024264698273398347,-0.9997055688640035,0.9991836108525999,0.8866850746975368
none/757349.jpg,none,32,32,RGB,5c4b216f033a92755e743ffa6a00c29bd855f4fd434f0b08ae744b351dfcc29a,0f1325a68c570b0f,dup_0707,train,0.962378640776699,0.005084814709351992,-0.007444168734491354,0.6845818445279668,0.24325659815847178,1.0,1.0,0.9308035714285714,0.9563106796116505,0.9684466019417476,0.9757281553398058,0.9490291262135923,0.021946755581356482,0.9937851740167102,0.1113149940689805,0.9988887707280016,0.8945606265817801
none/757351.jpg,none,32,32,RGB,3f3bee758d43d5970accb158bfdd4d967df46ca68ad6d9769f14b289b01c296c,073345cdb9551f0f,dup_0708,train,0.9842233009708737,0.0010739429616960323,-0.0038582395290561538,0.6916888974589601,0.24513360440925477,1.0,1.0,0.9709821428571429,0.9805825242718447,0.9878640776699029,0.9854368932038835,0.9830097087378641,0.005949405173999974,0.9789776259850933,-0.20396766366409827,0.9989095863235344,0.8901366614363251
none/757352.jpg,none,32,32,RGB,dd4db8d7a0493c6b0ce32883bc792c60b385a936d60e6085d380e77d1b659d4e,0f1b6546d74b2f0f,dup_0709,test,0.9963592233009708,0.002632509528112844,-0.0019252681623512337,0.6953658950636227,0.2458894630063609,1.0,1.0,0.9933035714285714,0.9927184466019418,1.0,0.9975728155339806,0.9951456310679612,0.00398064687856922,0.9891887584765897,-0.14664787793740153,0.9990631734558931,0.8874987672817549
none/757353.jpg,none,32,32,RGB,9b10732f961cff74613ad21e07cc6e33e002ff9c248b6077c98244831935ea09,171309482415131f,dup_0710,train,0.9757281553398058,0.006981222917669717,-0.0111539078799551,0.6892124681292985,0.24473958689177888,1.0,1.0,0.9553571428571429,0.9660194174757282,0.9854368932038835,0.9878640776699029,0.9635922330097088,0.0183069861081608,-0.37543146069200545,0.9268501595849608,0.9990552344250692,0.8919097810066157
none/757354.jpg,none,32,32,RGB,2520e99db4f8779134a32325c5440607b03e7c462a4b6663584e9dd2dca4de1a,1f1b2ba2a8190b0f,dup_0711,val,0.9745145631067961,0.01233278431687623,-0.003977021652673435,0.6884722200814207,0.2442175736243083,1.0,1.0,0.953125,0.9587378640776699,0.9902912621359223,0.9781553398058253,0.970873786407767,0.0011605606963607622,-0.8755357095149061,0.48315341390104016,0.9988687019010418,0.892157811307043
none/757355.jpg,none,32,32,RGB,55b811ffa726b4763bb130c4f1de9804b23a7d0db5bfa359949925457be433fa,071353da0c0d0b0f,dup_0712,train,0.9805825242718447,0.0019163206643244997,-0.009022676461194567,0.6905637016625439,0.24488718941032678,1.0,1.0,0.9642857142857143,0.9805825242718447,0.9805825242718447,0.9902912621359223,0.970873786407767,0.003253875838861279,0.777809261504497,0.6285003999345019,0.9993419259471311,0.8909043331665394
none/757356.jpg,none,32,32,RGB,7f1fdbe7ec6a0a83caa006b47171bdf5454411bf5d4efa79beafe925da32ac3e,0f0b4da60e752b0f,dup_0713,train,0.9769417475728155,-0.002684832698857944,-0.0022039671408535444,0.6892646214447843,0.24442336093781364,1.0,1.0,0.9575892857142857,0.9805825242718447,0.9733009708737864,0.9805825242718447,0.9733009708737864,0.02110491956380143,0.868638300248525,0.4954467714511353,0.9990471362190242,0.8916604032756271
none/757357.jpg,none,32,32,RGB,da15261f60098f504ba442305ab9f7d7023ca6a4fca0b0ee991bb222a7003ede,0f07632bb313331f,dup_0714,train,0.9805825242718447,-0.00495049504950495,7.984669434685176e-05,0.6906342149753735,0.24496179107573335,1.0,1.0,0.9642857142857143,0.9854368932038835,0.9757281553398058,0.9830097087378641,0.9781553398058253,0.01059699190474115,-0.9622177719610318,-0.27228103004496657,0.9988707604905416,0.8909043331665394
none/757361.jpg,none,32,32,RGB,1da2535a9d64e4bbd479755f2b20da0a9ab9aabe94c320767613944381d1f844,0f3f55914e213707,dup_0715,train,0.9611650485436893,-0.015395894428152495,-0.0026067122841316724,0.6844692059115641,0.24349038407921353,1.0,1.0,0.9285714285714286,0.9781553398058253,0.9441747572815534,0.9660194174757282,0.9563106796116505,0.006268681654405959,0.8736260557439471,0.4865978983979213,0.9989711208855805,0.8947928096742672
none/757362.jpg,none,32,32,RGB,d62f41e65ca97687bd969c67358a58cdaf5acb0c43fce84e2c0d9ce3c30d16b3,171305ac2e652b0f,dup_0716,train,0.9793689320388349,0.011232361993844184,-0.0005995922772514872,0.690321582213969,0.2449640530678488,1.0,1.0,0.9620535714285714,0.9635922330097088,0.9951456310679612,0.9805825242718447,0.9781553398058253,0.0073193243341657934,0.8697899980344194,0.49342209042490653,0.9988777582391697,0.8911576647414863
none/757364.jpg,none,32,32,RGB,ddf93047c44d389718d6459e8b39ea08fb443d2f08fff6a117436d34a74e4b5a,1f0b2beaec650f0f,dup_0717,train,0.9805825242718447,-0.0026349409134461825,-0.00031938677738740706,0.6905153372286581,0.24483424076244265,1.0,1.0,0.9642857142857143,0.9854368932038835,0.9757281553398058,0.9781553398058253,0.9830097087378641,0.004552667270028187,-0.06603950887438076,-0.9978170089087631,0.9988978846781492,0.8909043331665394
none/757365.jpg,none,32,32,RGB,76e408a49443ad0d11ccb59b3fe0b360011536abaf6ed68ed3bb871a2000e848,07272ba6f2510b1f,dup_0718,train,0.9951456310679612,0.001888276947285599,-0.001652242328874924,0.6950237041576716,0.24584740516437578,1.0,1.0,0.9910714285714286,0.9927184466019418,0.9975728155339806,0.9975728155339806,0.9927184466019418,0.006574043601123417,0.5941703138244303,-0.8043392556438969,0.9991644505385054,0.8877677852363122
none/757366.jpg,none,32,32,RGB,324a5a1b47a7343b487695b8020f039d9a0dff4d1e24f2d12b50747a2d743e80,1f1b59b81a1b0b17,dup_0719,val,0.970873786407767,0.0016129032258064525,-0.011451612903225872,0.6874881114672788,0.24414699523037345,1.0,1.0,0.9464285714285714,0.9660194174757282,0.9757281553398058,0.9902912621359223,0.9514563106796117,0.009196769726450178,-0.8323633907793639,-0.5542302641414305,0.9988144470538178,0.892893666852217
none/757367.jpg,none,32,32,RGB,303effad65e32ad3b6a29028dc2bdb9e8ff7570d819a95ef8d851eeb3c7e3a12,1f3373685a192b17,dup_0720,test,0.9660194174757282,0.001621008267142162,-0.004214621494569609,0.6860714007404619,0.2439287474975799,1.0,1.0,0.9375,0.9660194174757282,0.9660194174757282,0.970873786407767,0.9611650485436893,0.01696723123396059,0.1712558684560176,0.9852265868922616,0.9987189867762535,0.893855015427461
none/757368.jpg,none,32,32,RGB,349da67acd297c2c0ffa68c7e0f008f966ca0516b8e7ee638b0e00c0f29fe14c,172b6bcad355230f,dup_0721,train,0.962378640776699,-0.006223813204246836,-0.012325590855469271,0.684864968953539,0.24360300870511642,1.0,1.0,0.9308035714285714,0.970873786407767,0.9538834951456311,0.9830097087378641,0.941747572815534,0.01797746536182347,-0.9671957266746798,0.254032333182684,0.9989556337813567,0.8945606265817801
none/757370.jpg,none,32,32,RGB,76f75f16c7a0a37ea48139cb1f17b80b4ad5ff84d9b72283ab5dd939a7cae6f2,0f17514baf290b1f,dup_0722,train,0.9854368932038835,0.0034164945177180997,-0.0012712537740346055,0.6919135972367549,0.24503393463999268,1.0,1.0,0.9732142857142857,0.9781553398058253,0.9927184466019418,0.9878640776699029,0.9830097087378641,0.006751087194293996,-0.8896941416596522,-0.4565570438581522,0.9987365368237728,0.8898782588421328
none/757371.jpg,none,32,32,RGB,b29a3b06a2b20242a417313b62e6c20d1166bef07d859a4118a07c12c3eeafe9,172b69a6a641390f,dup_0723,train,0.9696601941747572,-0.011183334006217452,-0.0031087246154467463,0.6872754018206924,0.24424839458552927,1.0,1.0,0.9441964285714286,0.9830097087378641,0.9563106796116505,0.970873786407767,0.9684466019417476,0.011083976615570723,0.9986787833785838,-0.05138762136421109,0.9989717636279667,0.893136155863885
none/757373.jpg,none,32,32,RGB,d3e6b5a7d85ea30f3bc9da9e18f7d52abf108ca51106cd3c67bb78b924348102,072b69a9c9593307,dup_0724,val,0.9781553398058253,-0.00048026895061234357,-0.0012807172016329133,0.6897608647355078,0.24465030101440363,1.0,1.0,0.9598214285714286,0.9733009708737864,0.9830097087378641,0.9830097087378641,0.9733009708737864,0.010552541631957197,-0.13635345757160075,0.9906602518564422,0.9989105949400291,0.8914096929572992
none/757374.jpg,none,32,32,RGB,ff4210004194b266ae78de72b3914a152557c43a97b8631ec51c0e64ba3a7d81,1f3b59dc14290b0f,dup_0725,train,0.962378640776699,-0.017532441117845663,-0.00028474962372373926,0.6848054509693662,0.24353330649168628,1.0,1.0,0.9308035714285714,0.9830097087378641,0.941747572815534,0.9635922330097088,0.9611650485436893,0.005033268859197653,0.4752303709998267,0.8798614064040808,0.9989200656868394,0.8945606265817801
none/757375.jpg,none,32,32,RGB,c5f034df6d78a3964905a69e2d6a310dd6be9fe5c947f90aa4835be22383f694,1f3b69eaca0d0f17,dup_0726,val,0.9575242718446602,-0.007236600024530849,-0.002657508483584735,0.683339892150871,0.24327046066915084,1.0,1.0,0.921875,0.9660194174757282,0.9490291262135923,0.9611650485436893,0.9538834951456311,0.00977859050740085,-0.6714886929667564,-0.7410148009438119,0.9993128761361817,0.8954800612985012
none/757376.jpg,none,32,32,RGB,3bf34b977935eae2775994c8dae03f07bcf3f9c6b9fc0753692c7637a53aa25a,0f1b4bc5d4491717,dup_0727,train,0.9830097087378641,0.004778972520908004,-0.00828355236957392,0.6914388941264932,0.24519827989984672,1.0,1.0,0.96875,0.9781553398058253,0.9878640776699029,0.9902912621359223,0.9757281553398058,0.008230914762932749,-0.6306655257970328,0.7760547626109591,0.9988912319061674,0.8903938173461527
none/757378.jpg,none,32,32,RGB,db4df421d49046c6fda7d04f1f3dcf05cee78b8ab17da8a4d7707de2345dc97b,0f23134a9a133717,dup_0728,train,0.9805825242718447,-0.0009581603321622504,0.0009581603321622916,0.6904189495343851,0.24470626746249247,1.0,1.0,0.9642857142857143,0.9830097087378641,0.9781553398058253,0.9781553398058253,0.9830097087378641,0.01920015574461612,-0.6928761675184332,0.7210565972827432,0.9991954542065784,0.8909043331665394
none/757380.jpg,none,32,32,RGB,de59e7c80fdd9aa84ffb21dcd255207cd1b8d38d28004f7933c250a7c250338b,0f1b4b8aac0d130f,dup_0729,train,0.9733009708737864,0.008527069423216153,-0.003217762046496641,0.688393552573341,0.24449979997318233,1.0,1.0,0.9508928571428571,0.9587378640776699,0.9878640776699029,0.9805825242718447,0.9660194174757282,0.007032792865218096,-0.9991397369997426,0.04147030200137479,0.9989707972299406,0.8924044791784236
none/757381.jpg,none,32,32,RGB,0916bb817565cc90f4f30b4f815f21fd717bb5057a8c3da72a572b9a99fcac27,07135bdc954d1717,dup_0730,test,0.9769417475728155,-0.007573632538569426,0.0011620917651773215,0.6894728799236184,0.2446820250635954,1.0,1.0,0.9575892857142857,0.9854368932038835,0.9684466019417476,0.9805825242718447,0.9733009708737864,0.01283322139080371,-0.947896871943817,0.3185773377990452,0.9987606198671011,0.8916604032756271
none/757382.jpg,none,32,32,RGB,350e014a2b209f381313eb0281adc52dd26975dc7c9347e969b50a18eedb82ef,1f270faea85b1b0f,dup_0731,test,0.9684466019417476,0.0031530439000727597,-0.0012127091923356435,0.6866025276244561,0.24382678668651514,1.0,1.0,0.9419642857142857,0.9611650485436893,0.9757281553398058,0.9660194174757282,0.970873786407767,0.0067534150474461326,0.24509835590015863,0.9694982186342784,0.999092298542808,0.8933772208610211
none/757383.jpg,none,32,32,RGB,1ccdfb9edfc8b806033e67e3347c9fc9503e03c6876e78f4f876b76fedc941d5,073b2b1a366b270f,dup_0732,train,0.9902912621359223,0.006087919038583172,0.001106894370651455,0.6935177302699881,0.24549704434008932,1.0,1.0,0.9821428571428571,0.9805825242718447,1.0,0.9878640776699029,0.9927184466019418,0.006333642441257776,-0.8298370657872277,0.558005774383782,0.9989869451805821,0.8888324556767063
none/757384.jpg,none,32,32,RGB,4a40292274beb6bc0f28639efcd238519927aeb37f5fefaa4ccde75773ac9bfa,070f358ada65071f,dup_0733,train,0.9902912621359223,0.004269449715370019,-0.0036369386464263484,0.6935991635505774,0.24559940953399786,1.0,1.0,0.9821428571428571,0.9830097087378641,0.9975728155339806,0.9927184466019418,0.9878640776699029,0.00106573195083989,-0.883329977404425,0.46875169441688225,0.9989233270981427,0.8888324556767063
none/757386.jpg,none,32,32,RGB,4681d312c68d645e2ed3b9ab2fca67d5c377ae73a84790dc44c8451e89b6133d,072761b969632707,dup_0734,train,0.9745145631067961,-0.012011408829791511,0.009038685574257814,0.6889982502525729,0.2448557276424337,1.0,1.0,0.953125,0.9854368932038835,0.9635922330097088,0.9660194174757282,0.9830097087378641,0.006246580133605424,-0.22142403506513877,-0.9751776231515324,0.9991049992173581,0.892157811307043
none/757387.jpg,none,32,32,RGB,09c704c1ff89a194e764d7412e1da878832da89d4a1d820dd26fa72809497dbf,0717455452330f0f,dup_0735,val,0.9781553398058253,0.005683182582246057,0.008644841111022209,0.6896954050824196,0.244581536794909,1.0,1.0,0.9598214285714286,0.9733009708737864,0.9830097087378641,0.9684466019417476,0.9878640776699029,0.006875655051994757,-0.8992727436373662,-0.43738830865824924,0.9988379203584333,0.8914096929572992
none/757391.jpg,none,32,32,RGB,4c4dc080078f914784df4e35d1d6d14cf6712703715e5bdad1ab05e53263a667,072b750a68252b0f,dup_0736,test,0.9757281553398058,0.003129513721714008,-0.011795859412614365,0.6891252784531832,0.2446254754620384,1.0,1.0,0.9553571428571429,0.970873786407767,0.9805825242718447,0.9927184466019418,0.9587378640776699,0.011364538732468637,0.9665491722755924,0.2564813786093781,0.9988941553941671,0.8919097810066157
none/757392.jpg,none,32,32,RGB,d86a7d136e880ae6323bd8d9f4329aab4f6fb35de0eef443b6b6d60813facc73,0f3319522e2d2707,dup_0737,val,0.9502427184466019,0.010340707782309564,-0.004572982326041332,0.6807495133888677,0.24239624837231313,1.0,1.0,0.9084821428571429,0.9368932038834952,0.9635922330097088,0.9563106796116505,0.9441747572815534,0.011224927915754792,0.8021879507901245,-0.597071596717798,0.9990379411484036,0.8968111556705833
none/757393.jpg,none,32,32,RGB,e4f13962eeac4db25bcae2c2278889301c59043714a68135a8017578cdfd2a70,0f3737a4440d1707,dup_0738,train,0.9672330097087378,0.009430525761929815,0.005464038531590261,0.686426963856556,0.24398951045343467,1.0,1.0,0.9397321428571429,0.9514563106796117,0.9830097087378641,0.9660194174757282,0.9684466019417476,0.03139265552742693,-0.8836184665317928,-0.46820765222708927,0.9987165721580111,0.8936168460393795
none/757394.jpg,none,32,32,RGB,d01ba4fe5d84f2c3a1077830be2b2cc6e57992649774e132646a079fb328df91,0f1b374c2c712b0f,dup_0739,train,0.9720873786407767,0.01912931416374693,0.004067496274817759,0.6878515867508254,0.24421537357979484,1.0,1.0,0.9486607142857143,0.9441747572815534,1.0,0.9635922330097088,0.9805825242718447,0.012012962919415044,-0.9948488621841373,0.10136933170800426,0.998692603118105,0.8926497694650855
none/757395.jpg,none,32,32,RGB,f83bdc896dd8c495afbdd7cf71d4fb3af083f2845c5842cb7279175fbffa7677,0f33534e4f17171f,dup_0740,train,0.9878640776699029,-0.008876912102718555,0.0026947768883252687,0.6928474677222083,0.24542191282369738,1.0,1.0,0.9776785714285714,1.0,0.9757281553398058,0.9878640776699029,0.9878640776699029,0.0041265160744666084,0.47337467575471526,-0.8808611788211115,0.998794304661106,0.8893577686913662
none/757396.jpg,none,32,32,RGB,efa02b617f55bf5ed3b25202beb47067ed79771f78568f4b9140ab4427c2f4ba,072771f060692b0f,dup_0741,test,0.970873786407767,0.0012096774193548398,-0.005080645161290285,0.6876010149276901,0.244276534550097,1.0,1.0,0.9464285714285714,0.9684466019417476,0.9733009708737864,0.9805825242718447,0.9611650485436893,0.007691055855240109,0.9736998591913962,-0.22783455447024517,0.9989418048209067,0.892893666852217
none/757397.jpg,none,32,32,RGB,54493800b5c4a8fbd9014756bc69fb1d2d682090085441730802382a154ecaee,1f2b1d3a6c6d1b0f,dup_0742,train,0.9781553398058253,-0.0039221964300008,-0.004962779156327579,0.6899270908770747,0.24485697303925869,1.0,1.0,0.9598214285714286,0.9854368932038835,0.970873786407767,0.9830097087378641,0.9733009708737864,0.02241363597649298,-0.7014410816306758,0.7127274436983522,0.9994601039535915,0.8914096929572992
none/757399.jpg,none,32,32,RGB,667c56567dc2197e169bc2509ea438516f8b8e609238cc320c067524d1a0c593,1f2f29614d4d1717,dup_0743,val,0.9660194174757282,0.0005673528934997552,0.0007294537202139524,0.6859091362835346,0.2437419003719248,1.0,1.0,0.9375,0.9684466019417476,0.9635922330097088,0.9660194174757282,0.9660194174757282,0.028123480746133085,-0.7123711716296387,0.70180290240994,0.9992454472864241,0.893855015427461
none/757400.jpg,none,32,32,RGB,a2388ef3925617ca7dc908ca76988a7cf49bca8bc68fd4148a7b42881a35f314,171b296c6e4f3717,dup_0744,train,0.9805825242718447,0.004311721494730116,0.005030341743851802,0.690419518725101,0.24470466153097384,1.0,1.0,0.9642857142857143,0.9757281553398058,0.9854368932038835,0.9757281553398058,0.9854368932038835,0.0009513433905720783,0.9343703437758584,0.3563033267767566,0.9988852878740486,0.8909043331665394
none/757401.jpg,none,32,32,RGB,b7a328d6354075b98ecff488c54068fc78a02e9ea9f72e14b5398bc5657c686c,0f2373d9cc293f07,dup_0745,train,0.9720873786407767,-0.011397044017558696,-0.002537151141718013,0.6879758056829959,0.24435482421305596,1.0,1.0,0.9486607142857143,0.9854368932038835,0.9587378640776699,0.9805825242718447,0.9635922330097088,0.011557988865915785,-0.8729193916896267,0.4878644643876125,0.9985303807921067,0.8926497694650855
none/757402.jpg,none,32,32,RGB,359b4784a2adf465a652e3f7449e32d96e2700538834050e69044a1bd7b332d9,0f335346662b1b17,dup_0746,val,0.9902912621359223,-0.0004743833017077827,-0.00023719165085384837,0.6934608774304017,0.24542907885218668,1.0,1.0,0.9821428571428571,0.9902912621359223,0.9902912621359223,0.9902912621359223,0.9902912621359223,0.0053563236465921085,0.029840350146426598,0.9995546775955474,0.9990170874422873,0.8888324556767063
none/757403.jpg,none,32,32,RGB,4703ad1a3929b12d92b068e172802f80b38a7af687687e6b842ae496346ca5eb,070b59ce4537130f,dup_0747,val,0.9830097087378641,0.004380724810832337,0.00039824771007569086,0.6912809604743543,0.24501480292946629,1.0,1.0,0.96875,0.9757281553398058,0.9902912621359223,0.9805825242718447,0.9854368932038835,0.004398890441057838,-0.1339549024475943,0.9909874288356313,0.9989740648207449,0.8903938173461527
none/757404.jpg,none,32,32,RGB,fa06010f1fe1b686e18d6867e7ad2fea99f4ca85b97332e4ab0c5a29ac31c9bd,0f236be62623130f,dup_0748,train,0.9720873786407767,-0.005195119004470217,-0.010430510249285155,0.6879479606236075,0.24432688884789197,1.0,1.0,0.9486607142857143,0.9757281553398058,0.9684466019417476,0.9854368932038835,0.9587378640776699,0.019633062193700916,-0.7408099573605635,-0.6717146768349194,0.9985527210383044,0.8926497694650855
none/757405.jpg,none,32,32,RGB,a90f9f3560fdec7910a361f056f77e8ccd9cf32788927d2d593d88fafcd33964,171b45e4ce6d0b0f,dup_0749,train,0.9817961165048543,-0.0007576059651501238,0.008732405598309375,0.6910250481286948,0.24507239970665068,1.0,1.0,0.9665178571428571,0.9805825242718447,0.9830097087378641,0.9684466019417476,0.9951456310679612,0.008484539355095683,-0.9769309393502436,-0.21355547227886915,0.9993595698846286,0.8906497126211487
none/757407.jpg,none,32,32,RGB,272169aea6b4cc0f10f9d53f142f36fea9215a9f6d55fd796f02b52d9c079270,0f333366624b2b07,dup_0750,train,0.9757281553398058,0.0036912213127908828,-0.0032900016048788444,0.688949903310026,0.2444209882498325,1.0,1.0,0.9553571428571429,0.9684466019417476,0.9830097087378641,0.9805825242718447,0.970873786407767,0.018629077181041932,-0.9747402516799982,0.22334153611635651,0.999132018368302,0.8919097810066157
none/757408.jpg,none,32,32,RGB,a84c1f84e45d90f8cbf809a9daa7db4d46c2ee69b6356f55ac0fa7d4e8e9c1ed,1f071dacc8472b07,dup_0751,train,0.9951456310679612,-0.0008654602675059012,-0.0022816679779701413,0.6950445227273704,0.2458711359639079,1.0,1.0,0.9910714285714286,0.9975728155339806,0.9927184466019418,0.9975728155339806,0.9927184466019418,0.008981020942668347,-0.6642333270957015,0.747525308718959,0.9992910152874541,0.8877677852363122
none/757409.jpg,none,32,32,RGB,f49aa293785abe2c5a50c6746946120651df4b22be935f6060e2ec04d1d9c604,072b35cccc731b17,dup_0752,test,0.9526699029126213,0.014834600369837685,-0.009410314362029984,0.6822771222284495,0.2434810430507049,1.0,1.0,0.9129464285714286,0.9344660194174758,0.970873786407767,0.9684466019417476,0.9368932038834952,0.0044785345292651406,0.998113545711482,0.06139503129124837,0.9988480091888036,0.8963740547744158
none/757410.jpg,none,32,32,RGB,e2e7f553ed77e5dd185e599ca1f4b0194b74adc919a00d9d245a940422a3cc89,0f23559e4847130f,dup_0753,train,0.9672330097087378,-0.009511474480916337,0.0008499615493584929,0.6862082999782837,0.2437268596720958,1.0,1.0,0.9397321428571429,0.9830097087378641,0.9514563106796117,0.9684466019417476,0.9660194174757282,0.01225601720695023,0.047897360163111885,0.998852262794356,0.9990120345829255,0.8936168460393795
none/757411.jpg,none,32,32,RGB,630639ae0b3b6682abf27913c2f04d5fe93c9a8651e643560f7c750444614f3f,0737430cce4b3b0f,dup_0754,test,0.9538834951456311,0.007961914142657798,0.0004924895345973035,0.6818209307934601,0.24254326360287154,1.0,1.0,0.9151785714285714,0.9441747572815534,0.9635922330097088,0.9563106796116505,0.9514563106796117,0.016944263035153728,0.864529798573217,0.5025815629118848,0.9992676317132534,0.8961530032089944
none/757412.jpg,none,32,32,RGB,2621559ef373936947dbd27d5780e6f93a6be2e8d97a391473d3ca4b2273ca20,0f17373eea232307,dup_0755,train,0.9866504854368932,-0.004086815061699004,0.005356505177955028,0.6923594632390628,0.24520628103240802,1.0,1.0,0.9754464285714286,0.9927184466019418,0.9805825242718447,0.9805825242718447,0.9927184466019418,0.014372019601176738,0.5402116417679768,0.8415291926596172,0.9989007892736186,0.8896186233714698
none/757414.jpg,none,32,32,RGB,fa02753a8312f3dbd46195205df60e52b168f0d0ab5029a01b2ec368453c675a,172b6b964421331f,dup_0756,train,0.9514563106796117,0.0020572745227123114,-0.012261356155365387,0.6815189752997413,0.24293893262780472,1.0,1.0,0.9107142857142857,0.9490291262135923,0.9538834951456311,0.9733009708737864,0.9296116504854369,0.005962319286061263,-0.80394578443521,0.5947025943182481,0.9987684169999934,0.8965934450449601
none/757416.jpg,none,32,32,RGB,85cf09c657f4953b4a4b9cf1a8b3adc76b9f6feacfb8255f3069009245350eb7,0f0757a5d735130f,dup_0757,train,0.9757281553398058,-0.0015246348900658032,0.0022468303643075017,0.6889687814272558,0.24445249684647252,1.0,1.0,0.9553571428571429,0.9781553398058253,0.9733009708737864,0.970873786407767,0.9805825242718447,0.0034370555552051835,-0.5740454282924692,0.8188234524343545,0.9988988969434034,0.8919097810066157
none/757418.jpg,none,32,32,RGB,c11616f710cc091ef2d03a257dd2e5c8b7c82e4faa9300f67092cadda47d11c6,07174dcb8d33330f,dup_0758,val,0.9927184466019418,-0.0008675763072797537,-0.00496884612351135,0.6941966325687857,0.24557772271867548,1.0,1.0,0.9866071428571429,0.9951456310679612,0.9902912621359223,0.9975728155339806,0.9878640776699029,0.008923804872829068,-0.8736177299079834,0.4866128461009038,0.9992033039391149,0.8883024263804546
none/757419.jpg,none,32,32,RGB,69388d5774fff701d3fda0d3bece36d1d05f8c46030187158a672437a0c0ac17,172775a8a81d2707,dup_0759,train,0.9878640776699029,0.000713323293968459,-0.008322105096298653,0.6927220355535264,0.24527589711879325,1.0,1.0,0.9776785714285714,0.9854368932038835,0.9902912621359223,0.9975728155339806,0.9781553398058253,0.00870214119645631,0.8829217757322616,0.4695201145188458,0.9990526102256423,0.8893577686913662
none/757420.jpg,none,32,32,RGB,fd0a88777a443706078c6a5acf52d4204cc5d24789cce0d5fe399027bd0bd6fe,072325a4084d0b07,dup_0760,train,0.9526699029126213,0.004232586809122662,-0.0033285391411547295,0.6816960375788735,0.2427993157519314,1.0,1.0,0.9129464285714286,0.9466019417475728,0.9587378640776699,0.9538834951456311,0.9514563106796117,0.02091129117660912,0.9616089126093162,0.27442357622902674,0.9994815413659364,0.8963740547744158
none/757421.jpg,none,32,32,RGB,cf09bd123a43ab55fca6875a90cb1164d4689ca5fd9fa4fe133e9b3991ba417b,0f0f074c6c7b0b07,dup_0761,train,0.9805825242718447,0.008144362823379107,0.0031938677738741414,0.6905739368761099,0.2449003979113465,1.0,1.0,0.9642857142857143,0.9684466019417476,0.9927184466019418,0.9757281553398058,0.9854368932038835,0.021861086111708065,-0.999168159723132,-0.040779757177916466,0.9990642125361,0.8909043331665394
none/757423.jpg,none,32,32,RGB,2360f75f97dc6d3b3d25b511a5ed70f6ff6e43e3dd91d3727c278e06a88d8f98,0f137362e0250f17,dup_0762,val,0.9769417475728155,-0.013504307753957123,-4.007212983366422e-05,0.6895205347031239,0.24473791801694852,1.0,1.0,0.9575892857142857,0.9951456310679612,0.9587378640776699,0.9830097087378641,0.970873786407767,0.018304635294707994,-0.9995743642253409,-0.02917345340383146,0.9984742069958555,0.8916604032756271
none/757424.jpg,none,32,32,RGB,a8cd8f4400eb71312fe85204a538145e67f2a2582d88359ec97c58245da7c006,0f2363aaae753b0f,dup_0763,train,0.970873786407767,-0.009838709677419353,-0.0017741935483871175,0.6876736180055338,0.24437032909553327,1.0,1.0,0.9464285714285714,0.9830097087378641,0.9587378640776699,0.9757281553398058,0.9660194174757282,0.005467297419713757,0.9709040002699774,0.23946904238284267,0.9988945099906258,0.892893666852217
none/757426.jpg,none,32,32,RGB,c422c2578f3ba045a31e563505176f9a540a6536b62c3116295390e94ff4861a,0f1b49ae8e15170f,dup_0764,train,0.9890776699029126,0.0034434989115376996,-0.004393429645755047,0.6931667792185582,0.2454431723811881,1.0,1.0,0.9799107142857143,0.9830097087378641,0.9951456310679612,0.9927184466019418,0.9854368932038835,0.012643805992505664,0.9699926350926459,0.24313430006073808,0.9989337071472356,0.8890957083296698
none/757428.jpg,none,32,32,RGB,1f7052201b6c604c732c57a4d5990942ad1d5688879cc14110f42559367b0127,0f03734e1533330f,dup_0765,test,0.9866504854368932,3.967781613300328e-05,-0.008372019204063014,0.6923854814652926,0.24523720931500081,1.0,1.0,0.9754464285714286,0.9830097087378641,0.9902912621359223,0.9975728155339806,0.9757281553398058,0.010432099125355605,0.9976265555406613,0.06885677657337609,0.9987110853462965,0.8896186233714698
none/757429.jpg,none,32,32,RGB,0ccae208549ae57f86d62b7ea8d8aa5715331e7b903af52b911a3c36d2d618a3,0713178a4a632707,dup_0766,val,0.9757281553398058,0.008104638099823461,0.002969025838549176,0.6892500139447943,0.24478191986498365,1.0,1.0,0.9553571428571429,0.9587378640776699,0.9927184466019418,0.9757281553398058,0.9757281553398058,0.009015612866162388,-0.7850519158667119,0.6194299713397836,0.9990208974299764,0.8919097810066157
none/757430.jpg,none,32,32,RGB,9c6a5ab58dbf8f045ddc3de74bf8485f6ae485b115455482e1305f3db809ba17,071315b8cc4f070f,dup_0767,train,0.9842233009708737,0.0016308022751680541,-0.006960741418400235,0.6916310121624983,0.24506661610239308,1.0,1.0,0.9709821428571429,0.9805825242718447,0.9878640776699029,0.9927184466019418,0.9757281553398058,0.018129150912110197,0.96858357519239,0.24868827448741473,0.9992036809651272,0.8901366614363251
none/757431.jpg,none,32,32,RGB,16b02c9ddf09f69cfc7c65f215088782604d407d9edd2a2870d711f5e30b7fd1,0f234b4a2615230f,dup_0768,test,0.9878640776699029,0.0062613933581675526,0.006261393358167548,0.6927953186299207,0.2453607685327331,1.0,1.0,0.9776785714285714,0.9805825242718447,0.9951456310679612,0.9805825242718447,0.9951456310679612,0.006161773363625909,-0.9716008751678854,0.2366257369201398,0.9991891034088072,0.8893577686913662
none/757432.jpg,none,32,32,RGB,85cecb07f0380559ee2588f3e23e7620cb4003e402763641f1b8445ade1a991d,1f17139eab0b1b17,dup_0769,train,0.9757281553398058,-0.0036912213127908836,-0.006900978976087286,0.689276479615758,0.24481314292554995,1.0,1.0,0.9553571428571429,0.9805825242718447,0.970873786407767,0.9878640776699029,0.9635922330097088,0.02299005520189581,-0.9983737531508157,-0.05700744705346992,0.9988710450377126,0.8919097810066157
none/757434.jpg,none,32,32,RGB,fa39367893450a92b73924b9df888367bfc77e6b085689edef9a3a31b8a68815,072f6b5e76531307,dup_0770,train,0.9939320388349514,0.0015360983102918585,0.005396037654102121,0.6946522934951805,0.24576091664624183,1.0,1.0,0.9888392857142857,0.9902912621359223,0.9975728155339806,0.9878640776699029,1.0,0.00806911899493637,-0.6273440938163276,0.7787421832376688,0.9992386226297532,0.8880356758448034
none/757437.jpg,none,32,32,RGB,4f2fe00fa4aa632d820c8b9668a7f199ed38c01fffe54786938f20095af9c253,1723290e4e4b270f,dup_0771,test,0.9769417475728155,0.01118012422360248,0.002524544179523176,0.6895570189817093,0.24478301049946574,1.0,1.0,0.9575892857142857,0.9660194174757282,0.9878640776699029,0.9757281553398058,0.9781553398058253,0.019426759839386895,0.9733801350692489,-0.22919666806603164,0.9989750673046268,0.8916604032756271
none/757438.jpg,none,32,32,RGB,aafebfc2684ba59e965aca2c766e52baaac53ad0f6908a6b21d814f02d52f0fa,0f134b6a6a63231f,dup_0772,train,0.9854368932038835,-0.003654854600349595,-0.0023836008263149904,0.6920134614072826,0.24514936932838544,1.0,1.0,0.9732142857142857,0.9878640776699029,0.9830097087378641,0.9902912621359223,0.9805825242718447,0.008581936987346842,0.6789142860952393,0.7342175373387587,0.9988246560940436,0.8898782588421328
none/757439.jpg,none,32,32,RGB,71be927005d55d6f99c57931ee7f78e3f0432a8a07e88948709dd5123eb48223,0f0f55cc915d130f,dup_0773,train,0.9854368932038835,-0.0006356268870173225,-0.005482281900524446,0.6921568167951396,0.24533006810993938,1.0,1.0,0.9732142857142857,0.9854368932038835,0.9854368932038835,0.9927184466019418,0.9781553398058253,0.010654808049404128,0.8829422725568838,-0.46948156868197227,0.9991952236764761,0.8898782588421328
none/757440.jpg,none,32,32,RGB,3531db42af779bf54da9b835e1b340dd583338ed49fbe48bd549ad685b9a35d8,070b51c8ec1d190f,dup_0774,train,0.9817961165048543,0.010566609513935963,0.002591809880776707,0.69080647574269,0.2448067168633425,1.0,1.0,0.9665178571428571,0.9660194174757282,0.9975728155339806,0.9781553398058253,0.9854368932038835,0.01079750970832613,-0.9974524270432069,-0.07133481468130454,0.9990379967555718,0.8906497126211487
none/757441.jpg,none,32,32,RGB,b2daf93b2304bf699c610093592c4222eebab6dfa8d48cd8174419a1013d9fc7,072b65284449330f,dup_0775,train,0.9769417475728155,-0.006131035864556201,-0.005650170306551774,0.6895060623011194,0.24471530961133134,1.0,1.0,0.9575892857142857,0.9805825242718447,0.9733009708737864,0.9830097087378641,0.970873786407767,0.0038188938197229786,0.8223878524118763,0.5689272538781931,0.9987904286561964,0.8916604032756271
none/757442.jpg,none,32,32,RGB,d626e0c401d0554e296dbd203cd4d7e6e06e36da9f4da52f072822585ad2e22e,0f23232c5c1d0b17,dup_0776,val,0.9975728155339806,0.0007063809748057441,0.001648222274546692,0.695762198629216,0.24600197501994334,1.0,1.0,0.9955357142857143,0.9975728155339806,0.9975728155339806,0.9951456310679612,1.0,0.00029732948075899976,-0.9212568318918118,0.388954817032341,0.9991067683133977,0.8872286345798474
none/757443.jpg,none,32,32,RGB,86ff8a112d8542abb2cadc1ad347a26c29b58a6015704b7227bbf6ef59ff5847,171323aaaa4b130f,dup_0777,train,0.9781553398058253,0.002161210277755541,0.006643720483470731,0.689973290425985,0.2449166016250318,1.0,1.0,0.9598214285714286,0.9757281553398058,0.9805825242718447,0.970873786407767,0.9854368932038835,0.010739231497227612,-0.9550701342560819,-0.2963798890816812,0.9993034689795,0.8914096929572992
none/757445.jpg,none,32,32,RGB,3a87b13a63124ec7fe600063e5ce1c90e92d62d4da2d305f8f7868f9e82e6bfb,1f0b1bc6d4691b17,dup_0778,train,0.9854368932038835,0.0019068806610519603,0.0023836008263149553,0.6921553589775752,0.24533418105399005,1.0,1.0,0.9732142857142857,0.9781553398058253,0.9927184466019418,0.9854368932038835,0.9854368932038835,0.009683650694124074,-0.8596786357974765,0.5108352407121005,0.9990562975175444,0.8898782588421328
none/757446.jpg,none,32,32,RGB,84b04a0a4c21c5af78eca15486649ca051d68f6964376787a4f29833f581fe07,071743c4e715130f,dup_0779,train,0.9745145631067961,0.011449001727393241,0.0030128951914192596,0.6884777571914699,0.24422318869137805,1.0,1.0,0.953125,0.9587378640776699,0.9902912621359223,0.9684466019417476,0.9805825242718447,0.027900153691185536,-0.9328603202725465,0.36023828622316356,0.999080883759214,0.892157811307043
none/757447.jpg,none,32,32,RGB,b4200a8101b07b86da6d648287f9613141c1d62d00a8c6e591bb3d769bf2123c,0f2f535a6c65330f,dup_0780,train,0.9830097087378641,0.010593389088012743,0.00955794504181602,0.6914061835400804,0.245164773117371,1.0,1.0,0.96875,0.9684466019417476,0.9975728155339806,0.9684466019417476,0.9975728155339806,0.028958552818959506,-0.9999571605288614,-0.009256192902964372,0.9990439884545915,0.8903938173461527
none/757448.jpg,none,32,32,RGB,27ccfea93cc390d3aac0c3cafdfc23692b76e12c1c089ee20a7eb32ffe16ecc4,171b59a8aa6f070f,dup_0781,train,0.9672330097087378,-0.0012547051442910882,-0.015582628404905513,0.6863191593663526,0.2438646540344343,1.0,1.0,0.9397321428571429,0.9684466019417476,0.9660194174757282,0.9902912621359223,0.9441747572815534,0.006462012292346164,0.03050172131280922,-0.9995347142530647,0.9986221570098072,0.8936168460393795
none/757449.jpg,none,32,32,RGB,0138ebcb05a65e0d371b1a55b59dc9f9fd06cdf3f6d9e2bcdfe6afb2b80b7213,0f334d5806710b0f,dup_0782,train,0.9842233009708737,0.0015512509446720477,0.0005966349787200372,0.691662395145464,0.24510369760832942,1.0,1.0,0.9709821428571429,0.9805825242718447,0.9878640776699029,0.9854368932038835,0.9830097087378641,0.02111101146883652,-0.9268398922266604,0.3754568073391034,0.9993770882483722,0.8901366614363251
none/757451.jpg,none,32,32,RGB,901af40fc4605871b48ee633153a3edebf1b4ef676407db17ad4e738c91ff242,0713312aca53331f,dup_0783,val,0.9769417475728155,0.003646563814866758,0.0007613704668403262,0.6893308094016893,0.24451169397293762,1.0,1.0,0.9575892857142857,0.970873786407767,0.9830097087378641,0.9757281553398058,0.9781553398058253,0.026579321881336822,0.9954668326847501,0.09510933195324119,0.9990892900078561,0.8916604032756271
none/757452.jpg,none,32,32,RGB,96daa097bb04ebad6a9f61ca54c5030b1f3dcd72123e071adc75bbc591bf5e95,071759dbb829131f,dup_0784,test,0.9817961165048543,-0.006180469715698396,-0.0013158419394712685,0.6909513437953047,0.2449862809426379,1.0,1.0,0.9665178571428571,0.9878640776699029,0.9757281553398058,0.9830097087378641,0.9805825242718447,0.023747792175742518,0.7854851974457563,-0.6188804445073388,0.9992301040920298,0.8906497126211487
none/757455.jpg,none,32,32,RGB,e06e686ea4d47ae9e8043cc300c0d679932fb08385cb801b2ba04c1a7d39e897,07271b4949371317,dup_0785,test,0.991504854368932,0.00043431910609231214,0.0008291546570853352,0.6940124943937173,0.2457223012971186,1.0,1.0,0.984375,0.9902912621359223,0.9927184466019418,0.9902912621359223,0.9927184466019418,0.014397686235759998,-0.8621480953093075,0.5066563546966852,0.9993067020646963,0.8885680239869138
none/757456.jpg,none,32,32,RGB,6d00deef7e2a67ebb8c05449dbe449337c65b063ae42bf11462ca403aad348c6,073b0b8c4e510b1f,dup_0786,train,0.9769417475728155,4.007212983369731e-05,-0.005009016229212582,0.6893997588126265,0.2445921939910216,1.0,1.0,0.9575892857142857,0.9757281553398058,0.9781553398058253,0.9805825242718447,0.9733009708737864,0.017502468347889523,0.831250884467115,0.5558974429448647,0.9989971627487162,0.8916604032756271
none/757457.jpg,none,32,32,RGB,9b01f9e8ccef470670b4500224fe380bc8c7e58b6401db7ef8dee4e0a8e3e58c,0f3f09cd8c392b0f,dup_0787,train,0.9817961165048543,-0.008572909605646157,-0.006658957693687967,0.6909936374252706,0.24503499932209324,1.0,1.0,0.9665178571428571,0.9927184466019418,0.970873786407767,0.9927184466019418,0.970873786407767,0.013595530233920574,-0.9082025863921455,0.41853083765789284,0.9990231598404933,0.8906497126211487
none/757458.jpg,none,32,32,RGB,f7c36f9d5c7d65c54a9d20f3c196e3771aae25f96378a2d8cc3d1de3cf4fa918,0f2f3594a523330f,dup_0788,train,0.9854368932038835,-0.004528841569998409,-0.00031781344350865137,0.6921699090536044,0.24535581202659018,1.0,1.0,0.9732142857142857,0.9927184466019418,0.9781553398058253,0.9902912621359223,0.9805825242718447,0.008237608408678683,0.3789837962565774,-0.9254033078474234,0.9991113069715157,0.8898782588421328
random/759965.jpg,random,32,32,RGB,562b7b221b562269b9b6961f728e9c67df7c25d6429f5f0aff2d943ef0452885,0f130f0e2f1f1317,dup_0789,train,0.9805825242718447,0.0013573938038965174,0.0031140210795273246,0.690950117288102,0.24533243030115978,1.0,1.0,0.9642857142857143,0.9805825242718447,0.9805825242718447,0.9757281553398058,0.9854368932038835,0.017828960942602303,-0.6716368357321142,-0.7408805307792566,0.9985905729959588,0.8909043331665394
random/760034.jpg,random,32,32,RGB,61f03723174ca3c6d4f7799c58f4f8115e328241d8db80d972ccfc8cd638a227,0f1b1784ae2b3707,dup_0790,train,0.9514563106796117,0.006665569453587887,-0.0016458196181698018,0.6816667397155642,0.24313618405305007,1.0,1.0,0.9107142857142857,0.9441747572815534,0.9587378640776699,0.9538834951456311,0.9490291262135923,0.02118739260650066,0.374683518002491,-0.9271527713043181,0.999425522211592,0.8965934450449601
random/760108.jpg,random,32,32,RGB,26803ccf1c865129b96e2024bf3825cb3dc744825669a3490759c21c798d75fd,070f4547070d0f0f,dup_0791,test,0.9587378640776699,0.0033483054307880773,0.005226623111474067,0.6837623036967433,0.2434057007063637,1.0,1.0,0.9241071428571429,0.9538834951456311,0.9635922330097088,0.9538834951456311,0.9635922330097088,0.007260833978567492,-0.8660279027492008,-0.49999567164108616,0.999472245973407,0.8952525441444097
random/760111.jpg,random,32,32,RGB,bb180555a97ceb1b1f3e0bc27ec1e31171a1ae298ef9f5b9eb972294f2111ceb,171725acac1d1717,dup_0792,train,0.9575242718446602,-0.003965820352426511,-0.003229894926203014,0.683174475607216,0.24306271443917504,1.0,1.0,0.921875,0.9635922330097088,0.9514563106796117,0.9611650485436893,0.9538834951456311,0.01195514791216239,-0.9948299806887696,-0.10155446579438149,0.999432178737738,0.8954800612985012
random/760298.jpg,random,32,32,RGB,f645c887a39f0bc85d07f09a7ce8f05d6e0b50eea945b4b1dd47a345b1659baa,1f13236b0f2b2b0f,dup_0793,train,0.9502427184466019,0.0006179705846001714,0.008610390145429086,0.6810943295651302,0.2428307796922334,1.0,1.0,0.9084821428571429,0.9490291262135923,0.9514563106796117,0.941747572815534,0.9587378640776699,0.02972135179442707,-0.8024567723941805,-0.5967102550138673,0.9986421506850119,0.8968111556705833
random/761979.jpg,random,32,32,RGB,68264254fbf8278c228afe1e11d05700776b2347189384490bd2416b826a7a1f,0f276f2d39132b0f,dup_0794,test,0.9599514563106796,0.0033848537987847143,0.00036703233962728375,0.684044541984813,0.24336871027325138,1.0,1.0,0.9263392857142857,0.9538834951456311,0.9660194174757282,0.9563106796116505,0.9635922330097088,0.005870460648251444,0.2823241429395687,-0.9593190701291401,0.9994237067627944,0.8950234545352862
random/762909.jpg,random,32,32,RGB,82e4656efc4896a4396bf97a89f80db40e76ed9270eea1c0ee9d43d67c4648e0,0f0f0f3a320f0b0f,dup_0795,train,0.9660194174757282,-0.009320797536067432,-0.008429242989139326,0.6862664410747491,0.24415172509529093,1.0,1.0,0.9375,0.9781553398058253,0.9538834951456311,0.9757281553398058,0.9563106796116505,0.017156423901894136,0.7935236042415627,-0.6085394724350097,0.9993483576156056,0.893855015427461
random/762948.jpg,random,32,32,RGB,3f951267fb966832195f0d4a596ba7fda9beda44a8237bcce37032d972b2fc7e,070f17373337270f,dup_0796,train,0.9927184466019418,0.0035491758025080838,-0.002760470068617425,0.6942683263008668,0.2456651166434404,1.0,1.0,0.9866071428571429,0.9878640776699029,0.9975728155339806,0.9951456310679612,0.9902912621359223,0.0026329639796692896,0.15982244052277036,0.9871457782441991,0.9990048909035046,0.8883024263804546
random/763011.jpg,random,32,32,RGB,b7128c1319df94657222ada2ff8f0748621054d999d87cdab104fda5c941e7e2,0f0f47773337270f,dup_0797,test,0.970873786407767,0.020564516129032255,-0.006532258064516121,0.6881021883448062,0.24488796019096937,1.0,1.0,0.9464285714285714,0.9441747572815534,0.9975728155339806,0.9805825242718447,0.9611650485436893,0.0198772383141253,0.9230947572434133,-0.38457257982040766,0.9987583512997203,0.892893666852217
random/763031.jpg,random,32,32,RGB,56aef082f3a73ad78a31c34e5ebed2a970a093938c7dd7a9723cf397716c2e21,0707071333030707,dup_0798,train,0.970873786407767,-0.0002419354838709714,0.009758064516129074,0.6878435703478578,0.2445732443392288,1.0,1.0,0.9464285714285714,0.9733009708737864,0.9684466019417476,0.9611650485436893,0.9805825242718447,0.01248262859123733,-0.912937859780766,-0.40809859614915905,0.9985219523089149,0.892893666852217
random/763093.jpg,random,32,32,RGB,546f106a326b37fad878f5489b5b583ede04f800e83956a41b34c746a22e6bbe,0703031313070307,dup_0799,train,0.9805825242718447,-0.013653784733312038,-0.004072181411689581,0.6906209433431832,0.2449571493116951,1.0,1.0,0.9642857142857143,1.0,0.9611650485436893,0.9902912621359223,0.970873786407767,0.014782201271439527,-0.9930736251416808,-0.11749372344070291,0.9986706635037516,0.8909043331665394
random/763150.jpg,random,32,32,RGB,4449ce5a876a81fd556c8fdcea73b8f847be19c5fc3e1d5867720d6006676aaa,0703071212070307,dup_0799,train,0.9793689320388349,-0.002118559379621859,-0.0006795379142183474,0.6902412653124681,0.2448745318214304,1.0,1.0,0.9620535714285714,0.9805825242718447,0.9781553398058253,0.9781553398058253,0.9805825242718447,0.006177929084124511,0.3781293205267938,-0.9257527839320524,0.998910249168595,0.8911576647414863
random/763173.jpg,random,32,32,RGB,d5efae32a853d9a70f6303dd293890bbd76feadb862ee08cc7af7f0e5cee19dd,0f0f2f3333373f17,dup_0800,train,0.9466019417475728,0.001902398676592221,0.007940446650124063,0.6798828432292094,0.24250451608902177,1.0,1.0,0.9017857142857143,0.941747572815534,0.9514563106796117,0.9344660194174758,0.9587378640776699,0.01968084431054776,-0.8351387122264227,-0.5500393907174216,0.998724430556295,0.8974540231623068
random/763189.jpg,random,32,32,RGB,47d4f68565c36e17ce3e712fcb7ddaf99094dfb45aea5283e9dcf5986b046813,0f072323330f0f0f,dup_0801,train,0.9696601941747572,0.0010900722677540443,0.005531107432677894,0.6872765771995702,0.24426641498387056,1.0,1.0,0.9441964285714286,0.9684466019417476,0.970873786407767,0.9611650485436893,0.9781553398058253,0.010116185372892545,-0.12953257786119926,-0.9915751667284898,0.9992059487025241,0.893136155863885
random/763242.jpg,random,32,32,RGB,8ccfef25cb79437d26e33404e5079730c389bb7c04c7924a14442263c6ffb4a3,0707073333372707,dup_0802,train,0.9757281553398058,-0.0011234151821537452,0.011715615471031993,0.6890598198672947,0.24455590078531375,1.0,1.0,0.9553571428571429,0.9757281553398058,0.9757281553398058,0.9635922330097088,0.9878640776699029,0.0019481455882497743,-0.9890135125260132,-0.14782514008434922,0.9991743285428408,0.8919097810066157
random/763549.jpg,random,32,32,RGB,2851a4088a822ab94395aafc576b03efd67736b88c15c2bb7cacf91b94b741df,1f0f1f1f6f03170f,dup_0803,train,0.9635922330097088,0.011538149020882418,0.017225968960754054,0.6854891262525703,0.24397283457067598,1.0,1.0,0.9330357142857143,0.9514563106796117,0.9757281553398058,0.9393203883495146,0.9878640776699029,0.002629566616292132,0.607398310284119,-0.7943974399908381,0.9986169564960591,0.8943269220978565
random/764387.jpg,random,32,32,RGB,9978832d5e33cebfa5f2e570e7584db00499b24a9a1d6da3a3b4f12285d3077f,17373f8fcc75670f,dup_0804,train,0.9757281553398058,0.002808537955384366,0.005617075910768754,0.6890909238874827,0.24457410505867588,1.0,1.0,0.9553571428571429,0.9684466019417476,0.9830097087378641,0.970873786407767,0.9805825242718447,0.035125410234155316,-0.9999311295435263,0.011736105393514272,0.9989812497299796,0.8919097810066157
random/764397.jpg,random,32,32,RGB,dc52ecda1be3135ef12f8abba6a3d38bd73ebf533c1c6f0f6260156d182b9f25,0f3749cecd5d7b1f,dup_0805,val,0.9745145631067961,-0.015225163700638734,-0.006387337805808928,0.6887250722571059,0.24452322914735616,1.0,1.0,0.953125,0.9951456310679612,0.9538834951456311,0.9830097087378641,0.9660194174757282,0.0236030455283516,-0.9519018792398116,-0.3064030226673934,0.9989799975386581,0.892157811307043
random/764577.jpg,random,32,32,RGB,c2c734e2352066c05064eeee97eec87e0ca582b604495debc5a7e215e014112b,070b0b4f490b070f,dup_0806,train,0.9696601941747572,0.0031087246154467255,0.016189591828495335,0.6869729119169279,0.24388337376838887,1.0,1.0,0.9441964285714286,0.9611650485436893,0.9781553398058253,0.9466019417475728,0.9927184466019418,0.013351999277230143,-0.7990853696531343,0.6012175745986753,0.9992146936250658,0.893136155863885
random/764578.jpg,random,32,32,RGB,4f681de7761b2d9fe721b242cf664931689b8c60de4da9ad2d53f1f3e509603b,0f0f0f8e890f1f0f,dup_0807,train,0.9830097087378641,-0.008044603743528476,-0.003185981680605351,0.6912100204143233,0.24492130287931554,1.0,1.0,0.96875,0.9975728155339806,0.9684466019417476,0.9854368932038835,0.9805825242718447,0.010798481850652828,-0.598264875072501,0.8012984083688702,0.9992135413908867,0.8903938173461527
random/764579.jpg,random,32,32,RGB,b2c2f978531b5757e62b80405546642d01077d93fda6f741a3a0ddcb0dca4e53,0f0f094c191b0f0f,dup_0808,train,0.9757281553398058,-0.011153907879955063,-0.0011234151821537862,0.6890018278333203,0.2444864220770683,1.0,1.0,0.9553571428571429,0.9927184466019418,0.9587378640776699,0.9757281553398058,0.9757281553398058,0.010168981506442368,-0.9373130491063427,-0.3484885191437025,0.9989709440713432,0.8919097810066157
random/764580.jpg,random,32,32,RGB,d7210ffd6ff3e83938610d1758c180d9a82ed4c5f41778c3736611b35207ca08,070f0dcecb0b0f0f,dup_0809,test,0.9757281553398058,-0.009789760873054087,-0.003209757663296436,0.6888467204877056,0.24428815628614586,1.0,1.0,0.9553571428571429,0.9902912621359223,0.9611650485436893,0.9805825242718447,0.970873786407767,0.011551229726439608,-0.9819362212578379,0.18921220198993108,0.9990539497363399,0.8919097810066157
random/764582.jpg,random,32,32,RGB,0a1304627f8e570282900cda1973ba308b1e02c13e04ba2b4d820a0cd4399c64,0f0f0d4ecc0b0f0f,dup_0810,val,0.9599514563106796,0.0031401655723665395,0.005831736062966379,0.6870642500557901,0.24242825646325955,0.9625,1.0,0.9330357142857143,0.9490291262135923,0.970873786407767,0.9441747572815534,0.9757281553398058,0.012430307218875442,0.8769416052399681,0.480596942353099,0.9989096611758292,0.8917851355708643
random/764583.jpg,random,32,32,RGB,9821c9699b1d14ebfb7f22d6c003d1173f448caf05651e5a73632a55b62d39ed,0f0f0b8dc913070f,dup_0811,train,0.9817961165048543,-0.001475337932134457,0.010327365524941208,0.690693189776005,0.2446639567601869,1.0,1.0,0.9665178571428571,0.9830097087378641,0.9805825242718447,0.9660194174757282,0.9975728155339806,0.002284908506734913,-0.9797838195044516,-0.20005915884374872,0.9991921636307903,0.8906497126211487
random/764584.jpg,random,32,32,RGB,7e7107365185036b63cb40e219c835c9f783191d8f6cb89c7b48238ce23c7e48,070b0bc9590b1f0f,dup_0812,test,0.9805825242718447,-0.010938997125519007,-0.0035132545512615836,0.6905055075936073,0.24481988232593135,1.0,1.0,0.9642857142857143,0.9975728155339806,0.9635922330097088,0.9854368932038835,0.9757281553398058,0.012517133527482849,-0.9985093104047122,0.05458165474869675,0.9990524365367818,0.8909043331665394
random/764585.jpg,random,32,32,RGB,d4b42554ae57539560cffbd2f2ca9b00e88f5d99a2996d8db91aca18af4ee322,0f0f0f4c491b070f,dup_0813,train,0.9757281553398058,-0.0016851227732306263,0.007944150216658664,0.688879502923267,0.24432286512402823,1.0,1.0,0.9553571428571429,0.9757281553398058,0.9757281553398058,0.9635922330097088,0.9878640776699029,0.021907941065825377,-0.9806662887580944,-0.1956875828800229,0.9991720132627105,0.8919097810066157
random/764586.jpg,random,32,32,RGB,f283e440d3d59b6c6fe77c8b80830ebbbe15d558958e660e1c78150d6cfe10d8,0f0f094e5813070f,dup_0814,val,0.9672330097087378,-0.009430525761929816,0.009754320637875914,0.6864081955680622,0.2439566908154808,1.0,1.0,0.9397321428571429,0.9805825242718447,0.9538834951456311,0.9538834951456311,0.9805825242718447,0.01923271052581266,-0.4306253684767257,0.9025307706800274,0.9994411917616213,0.8936168460393795
random/764588.jpg,random,32,32,RGB,361e09cee68b84fb4d34c1a08f01040ff1ad4f03b0f592d3e115d611edfc6154,070709ce880d0f0f,dup_0815,val,0.9781553398058253,-0.00856479628592012,0.0019210758024493875,0.689596411665282,0.24445946499383625,1.0,1.0,0.9598214285714286,0.9902912621359223,0.9660194174757282,0.970873786407767,0.9854368932038835,0.010016858318523662,-0.5775825864489227,-0.8163322582324998,0.9992114248803743,0.8914096929572992
random/764589.jpg,random,32,32,RGB,ecc80d3a722defc841e81e243f8ac67c758a41ed532f061f6ab7fdcc7dc8849f,0f0f0f8e580b1f0f,dup_0816,train,0.9720873786407767,-0.008577987193427571,-0.002456606661028554,0.6875176889366724,0.24379343709290452,1.0,1.0,0.9486607142857143,0.9854368932038835,0.9587378640776699,0.970873786407767,0.9733009708737864,0.0033987616390094735,0.9551894244508643,0.2959952084362627,0.9991990524810883,0.8926497694650855
random/764592.jpg,random,32,32,RGB,46c83a99c924ad1213de986e84fdd0509a90bf69d26caa2d7b9383010d6152db,0f070f4f4d0d0f0f,dup_0817,test,0.9672330097087378,0.002711782086048488,0.004816448779698031,0.6865886751715965,0.2441337931026749,1.0,1.0,0.9397321428571429,0.9635922330097088,0.970873786407767,0.9611650485436893,0.9733009708737864,0.03790935942617297,-0.9082141448835055,0.41850575507813853,0.9993601915546728,0.8936168460393795
random/764593.jpg,random,32,32,RGB,18b67b14d33758f2574ecc6d848d640c1bed4948da58a4ca13cc07cce092e57c,0f0f0b8ac94b070f,dup_0818,train,0.9781553398058253,-0.009765468662450972,0.0013607620267349681,0.6896805283302997,0.24456014328016162,1.0,1.0,0.9598214285714286,0.9902912621359223,0.9660194174757282,0.9733009708737864,0.9830097087378641,0.008652953035888228,-0.9016785442800276,0.4324069874378192,0.9995731247754854,0.8914096929572992
random/764594.jpg,random,32,32,RGB,38b043c21b9181e4e5edfc9a7168a32d09e8bac5341835268e6fafefd57ccfce,0f0b4dccc8490f0f,dup_0819,train,0.9696601941747572,-0.022568533247204165,0.0054503613387702245,0.6873137995144604,0.2442896419379795,1.0,1.0,0.9441964285714286,1.0,0.9393203883495146,0.9587378640776699,0.9805825242718447,0.019474885330291042,0.9268399941972283,-0.37545655561793284,0.9990887359491084,0.893136155863885
random/764597.jpg,random,32,32,RGB,dad45ff76859d1cd5ae2303b75f7532695a99f026f5d28ec470372fa77d1403b,0f0f0f4f4b4f070f,dup_0820,train,0.9599514563106796,-0.005913298805105827,0.012683006402675256,0.6843481009619183,0.24372586620516176,1.0,1.0,0.9263392857142857,0.9660194174757282,0.9538834951456311,0.9441747572815534,0.9757281553398058,0.028291439899814693,-0.8962420974400074,-0.44356521817691746,0.9988845960960973,0.8950234545352862
random/764598.jpg,random,32,32,RGB,00985ed094346dba2c079590a8cead697476948b28391d6b5b198bfc3b80db9b,0f0f0f4ac90b070f,dup_0821,train,0.9830097087378641,-0.012186379928315413,-0.008761449621664707,0.6913021869963103,0.24503880440466877,1.0,1.0,0.96875,1.0,0.9660194174757282,0.9951456310679612,0.970873786407767,0.01973178073540728,-0.9916692636702666,-0.12881021501290618,0.998992577126016,0.8903938173461527
random/764599.jpg,random,32,32,RGB,36fc773eda5db0e20f0409a2dd23dc7cce1e62119edeceecb2ec7e0aeda2b24e,0f0f0f0b4b0b0f0f,dup_0822,train,0.9793689320388349,0.0005995922772514695,-0.0033976895710916668,0.6899423620775788,0.24449493829983235,1.0,1.0,0.9620535714285714,0.9757281553398058,0.9830097087378641,0.9830097087378641,0.9757281553398058,0.010642314482493701,0.4832950600060638,-0.8754575289377179,0.9989753469989932,0.8911576647414863
random/764600.jpg,random,32,32,RGB,538e3a974dfc898c4c23c759e3fc9a68cab4ad4e9de6846a6e3254a62e6854d9,0f0f0f4e8a0b0f0f,dup_0823,val,0.9733009708737864,0.0029764298930094082,0.003619982302308748,0.688170463048147,0.24410861327745392,1.0,1.0,0.9508928571428571,0.9733009708737864,0.9733009708737864,0.9684466019417476,0.9781553398058253,0.012030947679561855,-0.8618430124330722,0.5071751392963652,0.9992108249918535,0.8923334379833845
random/764662.jpg,random,32,32,RGB,a0d589b3e7c6a70933e17df5dccd159313f13daad196f4707de55dbd80156549,0f2f2b4a662f2b07,dup_0824,train,0.9660194174757282,0.011995461176852,0.0066461338952828195,0.6857189460377385,0.243483128611596,1.0,1.0,0.9375,0.9490291262135923,0.9830097087378641,0.9563106796116505,0.9757281553398058,0.01023311061246993,0.9494812000453665,-0.31382391680751603,0.9989222951334736,0.893855015427461
random/764807.jpg,random,32,32,RGB,6c44bd102d6bd4ea5719f6bc05385d5d29cc9f8e7c6849aeaee1dc57aa8d6c23,070361cece5b130f,dup_0825,train,0.9866504854368932,0.0009125897710590006,0.007895885410467028,0.6923343106323762,0.2451729017112471,1.0,1.0,0.9754464285714286,0.9878640776699029,0.9854368932038835,0.9757281553398058,0.9975728155339806,0.0024032258290385983,-0.9886638112375505,0.15014615662493988,0.9986674753703916,0.8896186233714698
random/764842.jpg,random,32,32,RGB,3e4438af15746f999be5333f8a94b49f4109ee4988083fb2b01681493c0b4e49,071343e63539130f,dup_0826,train,0.9878640776699029,-0.0064199096457160975,-0.002060711738131174,0.6928226383450897,0.24538782841323228,1.0,1.0,0.9776785714285714,0.9951456310679612,0.9805825242718447,0.9878640776699029,0.9878640776699029,0.0027316871780101474,-0.8149642158622865,-0.5795112827753818,0.9993815887398914,0.8893577686913662
random/765855.jpg,random,32,32,RGB,5572038f942f414b5da5b54907f31b472fc76d9338d1593bfb3ed0bfc4f44040,0f3311558537130f,dup_0827,train,0.9199029126213593,-0.005191931228189634,0.0056174993616477905,0.6719327248816997,0.24139416458413626,1.0,1.0,0.8526785714285714,0.9271844660194175,0.912621359223301,0.9101941747572816,0.9296116504854369,0.018213555208675992,0.10565483125668426,-0.9944028643523316,0.9987363593242702,0.9016499934935053
random/765952.jpg,random,32,32,RGB,87b452f3c9a2836c43fb46df48003f1c26a3f35a8b5e18bfa39d80a8bef12367,071329294521030f,dup_0828,train,0.9611650485436893,-0.0008145975887911387,0.013766699250570258,0.6850695673498854,0.244175248337219,1.0,1.0,0.9285714285714286,0.9563106796116505,0.9660194174757282,0.9441747572815534,0.9781553398058253,0.04173365348004119,-0.9947407111655813,-0.10242518025267865,0.9989950781972426,0.8947928096742672
random/765988.jpg,random,32,32,RGB,2dcf6d09d7a75e44940d8e616192c824aa36200c9e6a9957c0fc772a3735eeb3,0f0f2d3545632b0f,dup_0829,train,0.970873786407767,-0.005725806451612907,0.007741935483870961,0.687616003050231,0.2442982416891472,1.0,1.0,0.9464285714285714,0.9805825242718447,0.9611650485436893,0.9611650485436893,0.9805825242718447,0.01302745568259158,0.9947221016389226,-0.1026057528165204,0.9988253281434866,0.892893666852217
random/766590.jpg,random,32,32,RGB,83da51fbee4fcf76fa7a84d878612cc80cd3b95f052604b938652bf67ce014e8,0f1b1f1f1f350f0f,dup_0830,train,0.9575242718446602,0.005355901713070848,0.01860255938509347,0.6836165816133304,0.24359883126325096,1.0,1.0,0.921875,0.9514563106796117,0.9635922330097088,0.9320388349514563,0.9830097087378641,0.01920905343469472,0.9814052510173787,-0.1919472148157295,0.9990067137931415,0.8954800612985012
random/766604.jpg,random,32,32,RGB,1793c905618b58afed74af84f83c48dd9b5c3c6af0b81ab6e70802c4218813e7,0f2b4b0b2c6b230f,dup_0831,val,0.9247572815533981,-0.0044873423080179515,0.015578697824062319,0.6736351010422028,0.24190009707336665,1.0,1.0,0.8616071428571429,0.9271844660194175,0.9223300970873787,0.9053398058252428,0.9441747572815534,0.007853515363601632,0.4911786677759317,-0.8710588477949471,0.9989071676096488,0.90096034049617
random/766921.jpg,random,32,32,RGB,f567c9d1c912da2dc688ce80350e5350d1784515d9dacd15f07a61e988da74a9,0f3b53570f03070f,dup_0832,train,0.9866504854368932,-0.007340395984605003,-0.009641709320319016,0.6924059037399634,0.24526305467449588,1.0,1.0,0.9754464285714286,0.9975728155339806,0.9757281553398058,1.0,0.9733009708737864,0.017661397042768902,-0.9920872290595452,0.12555050751372387,0.9990875745463268,0.8896186233714698
random/766925.jpg,random,32,32,RGB,26634330e1a2cbc03f81c049f3b6820983cafd980c16bd80b11e894ad7a20cb3,171313179347070f,dup_0833,test,0.9720873786407767,-0.0047923966010229154,-0.0006846280858604324,0.6881032826651907,0.24450621623177865,1.0,1.0,0.9486607142857143,0.9781553398058253,0.9660194174757282,0.9684466019417476,0.9757281553398058,0.009682789385121827,0.9764588054431755,-0.21570396675185813,0.9989333901721973,0.8926497694650855
random/767138.jpg,random,32,32,RGB,97d8f8f61142a60471b552a518d5a5f6139edc099dcc81c8c40633bbc534728d,07374f86130f170f,dup_0834,train,0.9672330097087378,0.0023879872101023984,0.006516371878415017,0.6865939716131101,0.24418306849803942,1.0,1.0,0.9397321428571429,0.9660194174757282,0.9684466019417476,0.9611650485436893,0.9733009708737864,0.007605353144046803,0.027857052822098168,-0.9996119169998259,0.9988657988640115,0.8936168460393795
random/767208.jpg,random,32,32,RGB,810de3685e0061ee3b24a8362b59d6bff1dc30d0e14ee7aea00433afeca5d4f4,0723111546351b0f,dup_0835,test,0.962378640776699,-0.00012203555302444656,-0.007037383557743171,0.6851842214666329,0.2439762231036796,1.0,1.0,0.9308035714285714,0.9611650485436893,0.9635922330097088,0.9733009708737864,0.9514563106796117,0.0244534136556411,0.9857478237089039,-0.16822968838216343,0.999124648157522,0.8945606265817801
random/767686.jpg,random,32,32,RGB,8df28a125457447cb9dd9f503275cf6fb5291e828a9d5bb50775d4770addc9bb,0f1b114d4501030f,dup_0836,test,0.9805825242718447,0.00878313637815394,-0.003672947939955322,0.6906982630995523,0.2450545729494974,1.0,1.0,0.9642857142857143,0.9684466019417476,0.9927184466019418,0.9854368932038835,0.9757281553398058,0.0009878142589442936,0.16046866554887596,0.9870409350057185,0.9992990649899919,0.8909043331665394
random/768629.jpg,random,32,32,RGB,69aed9c6ce74cfd48f7e4685a5e22de4d9ce1786a8d7669022b7323d1d45fcd6,1f0b4d0ea523030f,dup_0837,train,0.9781553398058253,0.003121748178980226,-0.005603137757143948,0.6897568160998252,0.24466171533557476,1.0,1.0,0.9598214285714286,0.9733009708737864,0.9830097087378641,0.9878640776699029,0.9684466019417476,0.008949710205001835,-0.9946584865811826,-0.10322061360034349,0.9988870432744242,0.8914096929572992
random/768708.jpg,random,32,32,RGB,90115bfad72d6ece504cfd3708d242aeb739b6838e57e0a2376102beee303bf7,0f0343173d311f0f,dup_0838,train,0.9793689320388349,-0.002997961386257347,-0.0007594835511852078,0.69022037168189,0.24484917178948026,1.0,1.0,0.9620535714285714,0.9805825242718447,0.9781553398058253,0.9805825242718447,0.9781553398058253,0.0033874881244706284,-0.6341476525427369,0.7732119727309816,0.99941805586926,0.8911576647414863
random/771837.jpg,random,32,32,RGB,f4a00edaf4d1744252d2f8339b4bdf2440d64cb4fd1ea3f4efc2ac3e4e31d5d2,072773797933171f,dup_0839,train,0.9587378640776699,0.007104940792160064,0.0017966516945691969,0.6838333246296708,0.24348756708445884,1.0,1.0,0.9241071428571429,0.9514563106796117,0.9660194174757282,0.9563106796116505,0.9611650485436893,0.011038059887059212,-0.9737942069014898,0.22743096228327966,0.999318350220252,0.8952525441444097
random/773196.jpg,random,32,32,RGB,6f4ee61cd34fcfe7aa356da1780bbe632cc79c67d803ed8e202c31a5f587009e,0f3b69687c593b0f,dup_0840,train,0.9575242718446602,0.010098532237622138,0.006664213581912615,0.6836792885798874,0.24368270854213883,1.0,1.0,0.921875,0.9466019417475728,0.9684466019417476,0.9466019417475728,0.9684466019417476,0.011238693829563608,0.9991254641513957,-0.041812759825897744,0.9987761563315344,0.8954800612985012
random/773205.jpg,random,32,32,RGB,f3fd7d45be44c875014a9ee7c21add6e2e4ae6be6aa00dda34266de477da4153,1f3361646d693b0f,dup_0841,train,0.9733009708737864,0.0012066607674362448,0.013997264902260541,0.6882349620225388,0.24430938609522493,1.0,1.0,0.9508928571428571,0.9733009708737864,0.9733009708737864,0.9514563106796117,0.9951456310679612,0.00721089515130836,0.9982766998919156,0.05868245438720422,0.9986745043942378,0.8924044791784236
random/773209.jpg,random,32,32,RGB,dc3a520381328b711dd3f0bce71e53188d42a1b0c2364efe328956b1e60916bb,1f236565607d330f,dup_0842,train,0.970873786407767,-0.0020967741935483874,0.018225806451612918,0.6877178445492881,0.24443747948489963,1.0,1.0,0.9464285714285714,0.9757281553398058,0.9660194174757282,0.9441747572815534,0.9975728155339806,0.014988541531149082,0.9928554409209046,-0.11932339851745807,0.998926781640911,0.892893666852217
random/773211.jpg,random,32,32,RGB,e9cd70ce38284a1e5024fe4bc7471711cec103d5a416f40037bb0581c1f975f2,0f37755c5869170f,dup_0843,train,0.9648058252427184,0.006451612903225804,0.013755325623858797,0.6856738168186006,0.24383264620851294,1.0,1.0,0.9352678571428571,0.9563106796116505,0.9733009708737864,0.9466019417475728,0.9830097087378641,0.015683490059478954,0.9204486215008238,-0.3908635761710639,0.9992037719772251,0.8940917128844063
random/773214.jpg,random,32,32,RGB,c7b2e179188166c7ab12a3751969e512be24a29aaf556d038da474072ba6e6b1,171f4d51cf6b0f0f,dup_0844,train,0.9478155339805825,-0.0011151955722605428,0.0026021230019412653,0.6802281917461197,0.24253949368622757,1.0,1.0,0.9040178571428571,0.9466019417475728,0.9490291262135923,0.9441747572815534,0.9514563106796117,0.030434549462069607,0.9994477738726082,-0.03322871199863022,0.9993645750865814,0.8972414635844699
random/773215.jpg,random,32,32,RGB,4e897a98eb21f0ddf2e0e8a1de3de96ea2e3763210b51b96729dde06ec716457,0f1b3b0e23292b0f,dup_0845,test,0.9526699029126213,-0.0025066776248202165,0.0032463529895212094,0.6815369518814072,0.24259068131059075,1.0,1.0,0.9129464285714286,0.9611650485436893,0.9441747572815534,0.9466019417475728,0.9587378640776699,0.03879576691858214,0.963053609349186,-0.26930975756460324,0.9990102363226241,0.8963740547744158
random/773216.jpg,random,32,32,RGB,95512dc0ce416bf7801efb2bba1bed8d68219760867417725dea71fa39b997d8,0f3375667435131f,dup_0846,val,0.962378640776699,0.004108530285156409,0.00516617174470162,0.6846311462389422,0.2433120365751005,1.0,1.0,0.9308035714285714,0.9563106796116505,0.9684466019417476,0.9538834951456311,0.970873786407767,0.018589184822875467,0.7185875275340351,-0.6954365285721784,0.9993338474659519,0.8945606265817801
random/773217.jpg,random,32,32,RGB,346e3db862de65bbf99887335a693a9ea172805f656cfe128beb683ff3fced59,0f2b6d686561230f,dup_0847,val,0.9453883495145631,0.002691622841525526,0.011387635098761822,0.6788444483918371,0.24158550500137307,1.0,1.0,0.8995535714285714,0.941747572815534,0.9490291262135923,0.9296116504854369,0.9611650485436893,0.02321649392397437,0.9253712365702268,0.37906209851222195,0.9991519868582913,0.8976648276689907
random/773831.jpg,random,32,32,RGB,586862350b274bcf56b4955a49132576d9c45de4c0dfee1b15cf6ef9489db2f2,0f0b091d2d031307,dup_0848,train,0.9660194174757282,0.008510293402496353,-0.005349327281569127,0.685778506953896,0.24357307668934491,1.0,1.0,0.9375,0.9563106796116505,0.9757281553398058,0.9733009708737864,0.9587378640776699,0.0037346054281016533,0.9688734278208895,0.24755662152848945,0.9991295796896885,0.893855015427461
random/774221.jpg,random,32,32,RGB,486ab0cdc78561e4be9873705b1df88b584f9cd0ddbcee85249fa2fdfe6a87bd,0f3b1586032f0307,dup_0849,train,0.9538834951456311,-0.003693671509480423,-0.001395387014692601,0.6820014861507326,0.24275604622203822,1.0,1.0,0.9151785714285714,0.9611650485436893,0.9466019417475728,0.9587378640776699,0.9490291262135923,0.007425469912316979,0.8669633846130756,-0.49837183883144953,0.9985561817162331,0.8961530032089944
random/774230.jpg,random,32,32,RGB,dcc1a8680d72ce2d0f140c0b2b67eb43b4a164baa34fcd6525d5b15dec8817e0,0f1f25b9310d070f,dup_0850,train,0.9550970873786407,0.005451489937287368,0.0011066934459155221,0.682006365904613,0.2423781547256916,1.0,1.0,0.9174107142857143,0.9466019417475728,0.9635922330097088,0.9514563106796117,0.9587378640776699,0.01455775093129715,-0.9097519995619042,0.41515213993561084,0.9991479580139571,0.8959303085013655
random/775400.jpg,random,32,32,RGB,f26201fe743ec29ecd0dbda086b66e5d65f5d8826350d2d1df6a4837efb552d7,1f190d88c5652707,dup_0851,val,0.9866504854368932,-0.0009125897710590017,-0.0008332341387929772,0.6922288484218151,0.24503212577145544,1.0,1.0,0.9754464285714286,0.9878640776699029,0.9854368932038835,0.9878640776699029,0.9854368932038835,0.02499078154337542,-0.9903927329144658,0.13828316813775848,0.9992743616034311,0.8896186233714698
random/775793.jpg,random,32,32,RGB,3d81b37e60690b055b9f93e4834f9aa98074eb0958c5bf676d1a603fa1437a99,0f2f479795070f0f,dup_0852,train,0.9526699029126213,0.010889665091432093,0.001027326895418129,0.6818734308590284,0.2429999360908177,1.0,1.0,0.9129464285714286,0.9368932038834952,0.9684466019417476,0.9490291262135923,0.9563106796116505,0.007251357881897301,0.9411430474722808,-0.33800852680751725,0.9988795909866569,0.8963740547744158
random/776003.jpg,random,32,32,RGB,6099f2894a937263e5cdcf1510588e79b7e4859136e0858abc4814a205f624ae,0f1b458f8f553f0f,dup_0853,train,0.941747572815534,0.014133688061190556,0.0038244097106751294,0.6783531703503783,0.24217333209246059,1.0,1.0,0.8928571428571429,0.9271844660194175,0.9563106796116505,0.9320388349514563,0.9514563106796117,0.02080272178869299,-0.8045353012300502,-0.5939048316646972,0.999059321547779,0.8982865159264448
random/776005.jpg,random,32,32,RGB,f0650caf485c21d41a852da9a405a91b7fd9516c117a22ff8f3f6f7188115498,0f27058e4e4f230f,dup_0854,train,0.9368932038834952,-0.007604880494735084,0.00417850576633795,0.6766861056460242,0.24170032067842634,1.0,1.0,0.8839285714285714,0.9466019417475728,0.9271844660194175,0.9296116504854369,0.9441747572815534,0.025000371973530715,0.9887212280571299,0.14976759726055897,0.9987787250628011,0.8990896623291538
random/776006.jpg,random,32,32,RGB,b767b0d7ed751a83374c772087457e081a7dc4a41bf06c525f2f99bd1002b343,0f274d8c8a0d370f,dup_0855,train,0.9271844660194175,0.0040533693632832275,0.008191183921634886,0.6738952389429752,0.24138714640767991,1.0,1.0,0.8660714285714286,0.9223300970873787,0.9320388349514563,0.9150485436893204,0.9393203883495146,0.03516209642933363,0.9408094974633364,-0.33893581912035253,0.99925700763873,0.9006025842914336
random/776007.jpg,random,32,32,RGB,a4747b4897a786cb98fb8726d36b2e17c33a2c2499b6c07f8a9ac0338e8b9760,0f2b6b8f0c1d130f,dup_0856,test,0.9441747572815534,-0.0012438842358404535,0.00903889211377398,0.6788470705521186,0.2419790512685239,1.0,1.0,0.8973214285714286,0.9441747572815534,0.9441747572815534,0.9271844660194175,0.9611650485436893,0.03307008283905847,-0.8401335454103986,-0.5423795957409844,0.9990275556755697,0.8978738577279984
random/776009.jpg,random,32,32,RGB,65d4643b2b5771ad62d3faff15b33a926389159834f1fc37f70d287e3d5bd97d,0f3b5fcfdf1b2f0f,dup_0857,train,0.9587378640776699,-0.017149857084524295,-0.005961616986525087,0.6836609307224604,0.2432791431903152,1.0,1.0,0.9241071428571429,0.9805825242718447,0.9368932038834952,0.9660194174757282,0.9514563106796117,0.019155943951139346,0.9037716355422449,0.42801498897736706,0.998458780280291,0.8952525441444097
random/776010.jpg,random,32,32,RGB,8bce41fd954e1ca51bd2a3f72949412a5ddec30f975a40160faecfcbcd2a58e3,0f27670c8e6f170f,dup_0858,val,0.9356796116504854,-0.018451110832182756,0.006150370277394261,0.6763458490110211,0.2416425052741546,1.0,1.0,0.8816964285714286,0.9611650485436893,0.9101941747572816,0.9296116504854369,0.941747572815534,0.01645142319565189,-0.9323177465493079,-0.3616401795558957,0.9985355638465067,0.8992857104112135
random/776013.jpg,random,32,32,RGB,80f5814fd2f241bbae8a8449dff75ce48489947e307f305b349a7d2f74d27590,0f2b0f8bcd57170f,dup_0859,train,0.9587378640776699,0.007921600653327884,8.166598611678004e-05,0.6836227231347142,0.24323490558598443,1.0,1.0,0.9241071428571429,0.9490291262135923,0.9684466019417476,0.9538834951456311,0.9635922330097088,0.01900442659429431,-0.9907200228890778,0.13591849118742141,0.9989584763192061,0.8952525441444097
random/776014.jpg,random,32,32,RGB,84abf6e18cceb8c6b9b1352836199dfaa5fcac6746883f9a609d95e8d6774550,1f2b6b8f4f59230f,dup_0860,test,0.9356796116504854,0.004811514162587336,0.010836366679218503,0.6767784172409688,0.24215112687081644,1.0,1.0,0.8816964285714286,0.9271844660194175,0.9441747572815534,0.9247572815533981,0.9466019417475728,0.04786236227946795,-0.9738972659212193,0.22698924078284854,0.9987787629918817,0.8992857104112135
random/776015.jpg,random,32,32,RGB,8cbd8414a40e6729d4e44498e339e14476dc8bed2b571be7ac9f6e57d4043461,0f0b2d8d0d0d3b0f,dup_0861,train,0.9308252427184466,-0.007528283635446018,0.010388190267905962,0.6753410238997539,0.24195667463085374,1.0,1.0,0.8727678571428571,0.9393203883495146,0.9223300970873787,0.9101941747572816,0.9514563106796117,0.03130571971464942,0.6487329831517229,-0.7610161079576874,0.998215561812104,0.9000503135645812
random/776018.jpg,random,32,32,RGB,fd22bfdfacbda12913dbb265ed0b6670293002df7c87341c4516239527ab9680,0f2b338d0d5d0b0f,dup_0862,train,0.9453883495145631,0.00525901693651911,0.0052590169365191435,0.6795124930280029,0.24242634643111863,1.0,1.0,0.8995535714285714,0.9393203883495146,0.9514563106796117,0.9393203883495146,0.9514563106796117,0.014643978820247934,-0.6245464336641388,-0.7809876773659143,0.9992115502855416,0.8976648276689907
random/776019.jpg,random,32,32,RGB,81aa4dcdc656e883fc85e833dd28e3f2c6104f0c2723fd35f55d7d7580fbb3a4,0f1b4fcf8e531f0f,dup_0863,train,0.9381067961165048,0.005132913241246918,0.007469849351082928,0.6771703492287887,0.24188627701511298,1.0,1.0,0.8861607142857143,0.9344660194174758,0.941747572815534,0.9247572815533981,0.9514563106796117,0.0007993490371168278,0.49850786085907134,-0.8668851784761998,0.9992734081918795,0.8988916980223502
random/776020.jpg,random,32,32,RGB,442661182f9c9c7726423a42d14a56e34f5c527e3c6f23cd7054bb0e10179ec8,0f232d0d0d23130f,dup_0864,train,0.9296116504854369,-0.005306156826412874,0.011033437210477537,0.674836715998223,0.24173702065795893,1.0,1.0,0.8705357142857143,0.9344660194174758,0.9247572815533981,0.912621359223301,0.9466019417475728,0.022798127035180433,-0.19647629698635768,0.980508574527795,0.999119584865167,0.9002364582132086
random/776021.jpg,random,32,32,RGB,582f4774bf14132327f9af4143359f47f09e16f79f1951a60d9e628bd3bbc338,0f2f6b9f8d6d2f0f,dup_0865,val,0.933252427184466,-0.0045723394437686095,0.019338059482360843,0.6757787221924609,0.2417156448434574,1.0,1.0,0.8772321428571429,0.9393203883495146,0.9271844660194175,0.9029126213592233,0.9635922330097088,0.024278358059921092,0.9980319842799287,-0.06270692429284129,0.9992409082154006,0.8996719729948867
random/776022.jpg,random,32,32,RGB,33d5dff044041644880fca3d7cd61819ffc6e08657b23bb288df4a3038e1d47b,0f130b8d4c0d2f0f,dup_0866,test,0.9429611650485437,0.0032797774733258553,0.004857391954166192,0.6790820965419138,0.24269422355462852,1.0,1.0,0.8950892857142857,0.9441747572815534,0.941747572815534,0.9344660194174758,0.9514563106796117,0.015200133552881752,0.05120306359018947,-0.9986882628122646,0.9987961979215232,0.8980810937492874
random/776023.jpg,random,32,32,RGB,47dd20a4465561b595796dfc535ad71b4e50708aabb8e2b50ceee9b9380f5db6,1f374d0fdf6b3307,dup_0867,val,0.9587378640776699,-0.00016333197223357244,0.012658227848101302,0.684200202040324,0.24392795636266448,1.0,1.0,0.9241071428571429,0.9611650485436893,0.9563106796116505,0.941747572815534,0.9757281553398058,0.019902116027202175,0.9810949143956081,-0.19352717883303702,0.9987438272029627,0.8952525441444097
random/776024.jpg,random,32,32,RGB,eb3c166866f46fe9727d1c4d660d553c421f7f985b311717d377c89aa76b82d6,0f0b47ce0e313b0f,dup_0868,train,0.9356796116504854,-0.012342579808376218,0.0017154093970963439,0.6764643954046684,0.24180212688790884,1.0,1.0,0.8816964285714286,0.9514563106796117,0.9199029126213593,0.9271844660194175,0.9441747572815534,0.02268304166364844,0.5735776693526936,-0.8191511809305606,0.9987838462745493,0.8992857104112135
random/776025.jpg,random,32,32,RGB,ed223bc9ebfc16a95fa30c115dae3a957b38d111edb23f663884b4814e043692,0f1b4f9dce2f2f0f,dup_0869,val,0.9538834951456311,0.013953870146926041,0.011573504063038692,0.6823112957155848,0.24315038319881918,1.0,1.0,0.9151785714285714,0.9320388349514563,0.9757281553398058,0.9393203883495146,0.9684466019417476,0.0046510477356469385,0.553734595437543,-0.8326932195086139,0.9994126656700076,0.8961530032089944
random/776026.jpg,random,32,32,RGB,0d0e48d542aaaf9f926cbe306e015e8400e7fa0e87d684651c13aaf52a9969dd,0f23438f4f73230f,dup_0870,train,0.9368932038834952,-0.012117666722380077,0.022062510446264415,0.6772292991022788,0.24231961978728767,1.0,1.0,0.8839285714285714,0.9538834951456311,0.9199029126213593,0.9029126213592233,0.970873786407767,0.0077194816968587585,0.9464027986358569,-0.3229887656470697,0.9991148780429193,0.8990896623291538
random/776044.jpg,random,32,32,RGB,c18a78ed63cf034e2c520171d232d655ea9729a8d420cb4933d6bb1556a82d4c,0f274f4e0f4f170f,dup_0871,train,0.9526699029126213,-0.004479145264023011,0.004479145264022993,0.6817960501781466,0.24291155861116456,1.0,1.0,0.9129464285714286,0.9563106796116505,0.9490291262135923,0.9441747572815534,0.9611650485436893,0.02817402433651257,0.8748907422699356,0.48432033726693857,0.9989764593631755,0.8963740547744158
random/776046.jpg,random,32,32,RGB,e4bf2e799ef3c2dec1b5c8a2e098f62f1c613214998583c40542b3f2600e1773,0f1f1f0f0e332b0f,dup_0872,train,0.9587378640776699,-0.011433238056349531,0.007594936708860724,0.6838735220495756,0.24354777233851238,1.0,1.0,0.9241071428571429,0.9757281553398058,0.941747572815534,0.9466019417475728,0.970873786407767,0.009454293750181466,0.7013179654122439,-0.712848589386295,0.9989030641015382,0.8952525441444097
random/777001.jpg,random,32,32,RGB,7971737416818fb750695afee34caa63822082f2424bf01b5423361d2ab3df8b,0f272d1b9d2f2f07,dup_0873,train,0.9563106796116505,-0.01195349598821025,-0.0036842967086949435,0.6832878290210904,0.24356746332834403,1.0,1.0,0.9196428571428571,0.9733009708737864,0.9393203883495146,0.9635922330097088,0.9490291262135923,0.003086235682783596,0.7949159264632273,-0.6067195973883727,0.9987689755067772,0.8957059886093658
random/782873.jpg,random,32,32,RGB,10083afc4ec6ff18a638e2f08a341ef8a5a385370c449ce19aba8c0c6d956a39,0f0f4f6c1d0f0f0f,dup_0874,test,0.9842233009708737,0.0015512509446720505,0.001073942961696004,0.6917028997914947,0.24515690355794625,1.0,1.0,0.9709821428571429,0.9805825242718447,0.9878640776699029,0.9878640776699029,0.9805825242718447,0.013365807265851664,-0.9861944153533119,-0.16559159135034413,0.9992453660115065,0.8901366614363251
random/794642.jpg,random,32,32,RGB,c2a269ad5eacd40732a62fa0ee5ae6ffd4411238c80d027892c33f615d75d652,1f1f1b2e363b130f,dup_0875,train,0.9635922330097088,-0.004062728528479726,-0.004225237669618939,0.6860397579324949,0.2446373565277963,1.0,1.0,0.9330357142857143,0.9660194174757282,0.9611650485436893,0.9684466019417476,0.9587378640776699,0.0351254272652249,0.9763932508755799,-0.2160005084360147,0.9986320267568267,0.8943269220978565
random/794936.jpg,random,32,32,RGB,7f83a682d4af3340ac8b9d72c917eed445246c34be8d5dcde12919feaf19c148,0f0b63c2d8492707,dup_0876,train,0.9745145631067961,0.0013256738842244806,0.00036154742297033805,0.6886651687300134,0.24445875656868868,1.0,1.0,0.953125,0.9757281553398058,0.9733009708737864,0.9733009708737864,0.9757281553398058,0.025910944089717707,0.3938355171228463,0.9191809318369155,0.9989276482207321,0.892157811307043
random/794993.jpg,random,32,32,RGB,e0f07816ec2dfb8184a9b5d2f0bbf8ea6f666a70926056a6fc7cd2288965db0c,0f0f272539333707,dup_0877,train,0.9368932038834952,-0.011031255223132209,-0.0035099448437238582,0.677870409225673,0.243173262581291,1.0,1.0,0.8839285714285714,0.9514563106796117,0.9223300970873787,0.9393203883495146,0.9344660194174758,0.029921870709519797,0.1687670018812345,-0.9856559739970226,0.9991565449340137,0.8990896623291538
random/799470.jpg,random,32,32,RGB,4e427e1479aa3643fa31557c9de1400f0c6f8cbe71870d62c735c890d317efe4,0f17133b3c151b0f,dup_0878,train,0.9587378640776699,-0.008166598611678242,0.0008166598611678004,0.6842418370536124,0.24398396087765645,1.0,1.0,0.9241071428571429,0.9660194174757282,0.9514563106796117,0.9563106796116505,0.9611650485436893,0.005016398166990982,-0.789190736378912,-0.6141481756170172,0.9992613502685249,0.8952525441444097
random/803799.jpg,random,32,32,RGB,f6ae987c86b55f5f434cad7a57d8bb28b8ce9d9adc63b95b36ef66c306478ef5,0f1f7b2ab72b3b0f,dup_0879,val,0.9842233009708737,0.0031422775545921,0.011733821248160357,0.6918433628112403,0.2453257362097942,1.0,1.0,0.9709821428571429,0.9781553398058253,0.9902912621359223,0.9684466019417476,1.0,0.008957995506372246,-0.7879730743740704,0.6157096995025138,0.9992361174369241,0.8901366614363251
random/804003.jpg,random,32,32,RGB,529eaec16b3b1e02110f63e038b861895c8b7acd0bc8d645749f35d23153039b,0f3f4fda4c4d1f0f,dup_0880,train,0.9733009708737864,-0.0023328774837100843,0.002815541790684605,0.6885694039518623,0.24470502102048666,1.0,1.0,0.9508928571428571,0.9757281553398058,0.970873786407767,0.9660194174757282,0.9805825242718447,0.020281140886597045,0.9850464733246584,-0.17228884290821903,0.9992727503172162,0.8924044791784236
random/804311.jpg,random,32,32,RGB,4dd916300a418ec9bf8eb4170f1bf6b44a019ef4e1c264246d29dcc06de23a7e,0f0f7bde2c11330f,dup_0881,train,0.9805825242718447,0.010220376876397319,0.0031140210795272895,0.6908493851406823,0.24521712787347466,1.0,1.0,0.9642857142857143,0.9684466019417476,0.9927184466019418,0.9805825242718447,0.9805825242718447,0.007893694620835867,0.9578925396546546,-0.28712694487622725,0.9993671809473478,0.8909043331665394
random/806408.jpg,random,32,32,RGB,634ca12afd23387bbf2f9948dc085407ef1fa7c0af8bec2b264243f49074ad30,0f2b53426837270f,dup_0882,train,0.9563106796116505,-0.004584902570820372,0.012772228590142494,0.6825153416279777,0.24263033861987154,1.0,1.0,0.9196428571428571,0.9611650485436893,0.9514563106796117,0.9393203883495146,0.9733009708737864,0.007873227406387956,0.7293030947819368,0.6841907599065404,0.9992011745415518,0.8957059886093658
random/807708.jpg,random,32,32,RGB,00ab7659bc660ab6311d1cbe33ab524eef7321267ee294ea4e9cf093ed205a24,1f1f1f8e8a233b0f,dup_0883,val,0.9538834951456311,0.008126077320856928,0.014446359681523422,0.682125252348285,0.24288818620770258,1.0,1.0,0.9151785714285714,0.941747572815534,0.9660194174757282,0.9344660194174758,0.9733009708737864,0.016282847297670495,-0.912550065111251,0.4089650090966847,0.999419483566997,0.8961530032089944
random/807724.jpg,random,32,32,RGB,d463d37a0b54e049356ed6abf568d1f7ff97ef7009055546d916cbc045af4905,0f1f1e1e0e2d2717,dup_0884,test,0.9866504854368932,-3.967781613300001e-05,0.011308177597905004,0.6924217730850445,0.2452808757103734,1.0,1.0,0.9754464285714286,0.9878640776699029,0.9854368932038835,0.9733009708737864,1.0,0.012026282803887718,0.14967449683438871,0.9887353260591899,0.9990433291948552,0.8896186233714698
random/810229.jpg,random,32,32,RGB,89a4eaec88034b4c086fe12bd746a280709c50566646dbff12cd41f7f1919365,0f07434ace43230f,dup_0885,train,0.9635922330097088,-0.00706914763955473,0.010644348744616904,0.6853348796776536,0.24380447907299913,1.0,1.0,0.9330357142857143,0.970873786407767,0.9563106796116505,0.9441747572815534,0.9830097087378641,0.022995240622162932,-0.610389620844741,-0.7921013260719952,0.9991381384930549,0.8943269220978565
random/810354.jpg,random,32,32,RGB,46662daa8ecbbd337b245d266aaae79fdb852ae6d6bf3dd8de4bbd04f3b234c8,0f1f494c4c7d1f0f,dup_0886,train,0.9805825242718447,0.010220376876397317,0.00718620249121687,0.6913052002502312,0.24531901192247457,1.0,0.9966216216216216,0.9665178571428571,0.9660194174757282,0.9951456310679612,0.970873786407767,0.9902912621359223,0.01898469954819572,-0.819447020575467,-0.5731549358332266,0.9991010040623445,0.8907224720574024
random/810832.jpg,random,32,32,RGB,2d48f80a6446a0104dd5c5907bfd9a0f2eee3dee3f58d69f80d16dd4c79a3a1a,0f2339786525070f,dup_0887,train,0.9405339805825242,-0.0017065556711758582,-0.0059521331945889475,0.6783086709490362,0.24249895271578129,1.0,1.0,0.890625,0.941747572815534,0.9393203883495146,0.9490291262135923,0.9320388349514563,0.016153436705204006,-0.8492192708246256,0.5280403678319407,0.9986914135945807,0.8984901042337954
